timestamp,name,numeric
2026-09-05T18:07:00.000,pack_current,1.4
2026-09-05T18:07:02.000,pack_voltage_fine,442.7
2026-09-05T18:07:03.000,pack_current,3.9
2026-09-05T18:07:05.000,pack_voltage_fine,442.9
2026-09-05T18:07:06.000,pack_current,3.0
2026-09-05T18:07:09.000,pack_voltage_fine,443.1
2026-09-05T18:07:10.000,pack_current,2.2
2026-09-05T18:07:13.000,pack_current,2.9
2026-09-05T18:07:13.000,pack_voltage_fine,442.9
2026-09-05T18:07:16.000,pack_current,1.4
2026-09-05T18:07:17.000,pack_voltage_fine,443.1
2026-09-05T18:07:19.000,pack_current,4.4
2026-09-05T18:07:19.000,pack_voltage,442.0
2026-09-05T18:07:20.000,pack_voltage_fine,442.8
2026-09-05T18:07:23.000,pack_current,2.3
2026-09-05T18:07:23.000,pack_voltage_fine,443.2
2026-09-05T18:07:26.000,pack_current,2.9
2026-09-05T18:07:27.000,pack_voltage_fine,442.9
2026-09-05T18:07:30.000,pack_current,3.0
2026-09-05T18:07:32.000,pack_voltage_fine,443.1
2026-09-05T18:07:33.000,pack_current,2.5
2026-09-05T18:07:35.000,pack_voltage_fine,443.3
2026-09-05T18:07:37.000,pack_current,1.0
2026-09-05T18:07:38.000,pack_voltage_fine,443.4
2026-09-05T18:07:41.000,pack_voltage_fine,443.3
2026-09-05T18:07:42.000,pack_current,0.8
2026-09-05T18:07:45.000,pack_current,0.9
2026-09-05T18:07:49.000,pack_current,0.9
2026-09-05T18:07:51.000,pack_voltage_fine,443.5
2026-09-05T18:07:52.000,pack_current,1.0
2026-09-05T18:07:54.000,app_snapshot_charging,0.0
2026-09-05T18:07:54.000,app_snapshot_power_kw,
2026-09-05T18:07:54.000,pack_voltage_fine,443.4
2026-09-05T18:07:57.000,pack_current,1.0
2026-09-05T18:07:57.000,pack_voltage_fine,443.5
2026-09-05T18:08:00.000,pack_voltage_fine,443.4
2026-09-05T18:08:02.000,pack_current,1.0
2026-09-05T18:08:04.000,pack_voltage_fine,443.4
2026-09-05T18:08:05.000,pack_current,1.0
2026-09-05T18:08:16.000,pack_current,1.0
2026-09-05T18:08:19.000,pack_voltage_fine,443.4
2026-09-05T18:08:20.000,pack_current,1.0
2026-09-05T18:08:23.000,pack_voltage_fine,443.6
2026-09-05T18:08:26.000,pack_voltage_fine,443.6
2026-09-05T18:08:42.000,pack_current,0.0
2026-09-05T18:08:42.000,pack_voltage,444.0
2026-09-05T18:08:42.000,pack_voltage_fine,444.0
2026-09-05T18:08:45.000,pack_voltage_fine,444.8
2026-09-05T18:08:46.000,pack_current,-6.4
2026-09-05T18:08:50.000,pack_voltage_fine,445.1
2026-09-05T18:08:53.000,pack_voltage_fine,445.0
2026-09-05T18:08:54.000,app_snapshot_charging,0.0
2026-09-05T18:08:54.000,app_snapshot_power_kw,
2026-09-05T18:08:56.000,pack_voltage_fine,445.1
2026-09-05T18:08:59.000,pack_voltage_fine,445.2
2026-09-05T18:09:02.000,pack_voltage_fine,445.3
2026-09-05T18:09:06.000,pack_voltage_fine,445.2
2026-09-05T18:09:09.000,pack_voltage_fine,445.3
2026-09-05T18:09:14.000,pack_voltage_fine,445.5
2026-09-05T18:09:18.000,pack_voltage_fine,445.5
2026-09-05T18:09:21.000,pack_voltage_fine,445.5
2026-09-05T18:09:25.000,pack_voltage_fine,445.5
2026-09-05T18:09:28.000,pack_voltage_fine,445.5
2026-09-05T18:09:31.000,pack_voltage_fine,445.7
2026-09-05T18:09:34.000,pack_voltage_fine,445.7
2026-09-05T18:09:38.000,pack_voltage_fine,445.7
2026-09-05T18:09:42.000,pack_voltage_fine,445.7
2026-09-05T18:09:44.000,pack_voltage,446.0
2026-09-05T18:09:45.000,pack_voltage_fine,445.6
2026-09-05T18:09:48.000,pack_voltage,446.0
2026-09-05T18:09:48.000,pack_voltage_fine,445.6
2026-09-05T18:09:51.000,pack_voltage,446.0
2026-09-05T18:09:52.000,pack_voltage_fine,445.7
2026-09-05T18:09:54.000,app_snapshot_charging,1.0
2026-09-05T18:09:54.000,app_snapshot_power_kw,2.937
2026-09-05T18:09:55.000,pack_voltage,446.0
2026-09-05T18:09:55.000,pack_voltage_fine,445.7
2026-09-05T18:09:56.000,pack_current,-6.5
2026-09-05T18:09:58.000,pack_voltage,445.0
2026-09-05T18:09:59.000,pack_voltage_fine,445.7
2026-09-05T18:10:01.000,pack_voltage,445.0
2026-09-05T18:10:02.000,pack_voltage_fine,445.7
2026-09-05T18:10:07.000,pack_voltage_fine,445.9
2026-09-05T18:10:10.000,pack_voltage_fine,445.9
2026-09-05T18:10:17.000,pack_voltage_fine,446.0
2026-09-05T18:10:20.000,pack_voltage_fine,446.0
2026-09-05T18:10:24.000,pack_voltage_fine,446.0
2026-09-05T18:10:27.000,pack_voltage_fine,446.0
2026-09-05T18:10:30.000,pack_voltage_fine,446.0
2026-09-05T18:10:33.000,pack_voltage_fine,445.9
2026-09-05T18:10:36.000,pack_voltage_fine,446.0
2026-09-05T18:10:40.000,pack_voltage_fine,446.0
2026-09-05T18:10:43.000,pack_voltage_fine,446.0
2026-09-05T18:10:47.000,pack_voltage_fine,446.0
2026-09-05T18:10:50.000,pack_voltage_fine,446.0
2026-09-05T18:10:53.000,pack_voltage_fine,446.1
2026-09-05T18:10:55.000,app_snapshot_charging,1.0
2026-09-05T18:10:55.000,app_snapshot_power_kw,2.899
2026-09-05T18:10:57.000,pack_voltage_fine,446.1
2026-09-05T18:11:00.000,pack_voltage_fine,446.1
2026-09-05T18:11:04.000,pack_voltage_fine,446.1
2026-09-05T18:11:07.000,pack_voltage_fine,446.1
2026-09-05T18:11:10.000,pack_voltage_fine,446.2
2026-09-05T18:11:14.000,pack_voltage_fine,446.2
2026-09-05T18:11:17.000,pack_voltage_fine,446.2
2026-09-05T18:11:21.000,pack_voltage_fine,446.2
2026-09-05T18:11:25.000,pack_voltage_fine,446.2
2026-09-05T18:11:27.000,pack_current,-6.6
2026-09-05T18:11:28.000,pack_voltage_fine,446.2
2026-09-05T18:11:33.000,pack_voltage_fine,446.4
2026-09-05T18:11:36.000,pack_voltage_fine,446.4
2026-09-05T18:11:39.000,pack_voltage_fine,446.4
2026-09-05T18:11:42.000,pack_voltage_fine,446.4
2026-09-05T18:11:46.000,pack_voltage_fine,446.4
2026-09-05T18:11:49.000,pack_voltage_fine,446.4
2026-09-05T18:11:53.000,pack_voltage_fine,446.4
2026-09-05T18:11:55.000,app_snapshot_charging,1.0
2026-09-05T18:11:55.000,app_snapshot_power_kw,
2026-09-05T18:11:56.000,pack_voltage_fine,446.5
2026-09-05T18:12:00.000,pack_voltage_fine,446.5
2026-09-05T18:12:03.000,pack_voltage_fine,446.5
2026-09-05T18:12:06.000,pack_voltage_fine,446.5
2026-09-05T18:12:10.000,pack_voltage_fine,446.5
2026-09-05T18:12:13.000,pack_voltage_fine,446.5
2026-09-05T18:12:16.000,pack_voltage_fine,446.4
2026-09-05T18:12:20.000,pack_voltage_fine,446.4
2026-09-05T18:12:23.000,pack_voltage_fine,446.5
2026-09-05T18:12:27.000,pack_voltage_fine,446.5
2026-09-05T18:12:30.000,pack_voltage_fine,446.5
2026-09-05T18:12:34.000,pack_voltage_fine,446.5
2026-09-05T18:12:37.000,pack_voltage_fine,446.5
2026-09-05T18:12:40.000,pack_voltage_fine,446.6
2026-09-05T18:12:43.000,pack_voltage_fine,446.7
2026-09-05T18:12:47.000,pack_voltage_fine,446.7
2026-09-05T18:12:50.000,pack_voltage_fine,446.7
2026-09-05T18:12:54.000,pack_voltage_fine,446.7
2026-09-05T18:12:55.000,app_snapshot_charging,1.0
2026-09-05T18:12:55.000,app_snapshot_power_kw,
2026-09-05T18:12:57.000,pack_voltage_fine,446.7
2026-09-05T18:13:00.000,pack_voltage_fine,446.7
2026-09-05T18:13:03.000,pack_voltage_fine,446.7
2026-09-05T18:13:06.000,pack_voltage,447.0
2026-09-05T18:13:07.000,pack_voltage_fine,446.8
2026-09-05T18:13:09.000,pack_voltage,447.0
2026-09-05T18:13:10.000,pack_voltage_fine,446.8
2026-09-05T18:13:12.000,pack_voltage,446.0
2026-09-05T18:13:13.000,pack_voltage_fine,446.8
2026-09-05T18:13:15.000,pack_voltage,447.0
2026-09-05T18:13:16.000,pack_voltage_fine,446.8
2026-09-05T18:13:18.000,pack_voltage,447.0
2026-09-05T18:13:19.000,pack_voltage_fine,446.8
2026-09-05T18:13:21.000,pack_voltage,447.0
2026-09-05T18:13:22.000,pack_voltage_fine,446.8
2026-09-05T18:13:24.000,pack_voltage,447.0
2026-09-05T18:13:25.000,pack_voltage_fine,446.8
2026-09-05T18:13:27.000,pack_voltage,447.0
2026-09-05T18:13:28.000,pack_current,-6.5
2026-09-05T18:13:29.000,pack_voltage_fine,446.7
2026-09-05T18:13:30.000,pack_voltage,446.0
2026-09-05T18:13:32.000,pack_voltage_fine,446.7
2026-09-05T18:13:34.000,pack_voltage,446.0
2026-09-05T18:13:40.000,pack_voltage_fine,446.9
2026-09-05T18:13:44.000,pack_voltage_fine,446.9
2026-09-05T18:13:47.000,pack_voltage_fine,446.9
2026-09-05T18:13:50.000,pack_voltage_fine,446.9
2026-09-05T18:13:54.000,pack_voltage_fine,446.9
2026-09-05T18:13:55.000,app_snapshot_charging,1.0
2026-09-05T18:13:55.000,app_snapshot_power_kw,2.9055
2026-09-05T18:13:57.000,pack_voltage_fine,446.9
2026-09-05T18:14:00.000,pack_voltage_fine,446.9
2026-09-05T18:14:03.000,pack_voltage_fine,446.9
2026-09-05T18:14:06.000,pack_voltage_fine,446.9
2026-09-05T18:14:09.000,pack_voltage_fine,446.9
2026-09-05T18:14:13.000,pack_voltage_fine,446.9
2026-09-05T18:14:16.000,pack_voltage_fine,447.0
2026-09-05T18:14:19.000,pack_voltage_fine,446.8
2026-09-05T18:14:22.000,pack_voltage_fine,446.9
2026-09-05T18:14:25.000,pack_voltage_fine,446.9
2026-09-05T18:14:29.000,pack_voltage_fine,447.0
2026-09-05T18:14:32.000,pack_voltage_fine,447.1
2026-09-05T18:14:35.000,pack_voltage_fine,447.0
2026-09-05T18:14:38.000,pack_voltage_fine,446.9
2026-09-05T18:14:41.000,pack_voltage_fine,447.0
2026-09-05T18:14:44.000,pack_voltage_fine,447.1
2026-09-05T18:14:47.000,pack_voltage_fine,447.1
2026-09-05T18:14:51.000,pack_voltage_fine,447.1
2026-09-05T18:14:54.000,pack_voltage_fine,447.1
2026-09-05T18:14:55.000,app_snapshot_charging,1.0
2026-09-05T18:14:55.000,app_snapshot_power_kw,2.9055
2026-09-05T18:14:58.000,pack_voltage_fine,447.1
2026-09-05T18:15:01.000,pack_voltage_fine,447.1
2026-09-05T18:15:04.000,pack_voltage_fine,447.0
2026-09-05T18:15:07.000,pack_voltage_fine,447.0
2026-09-05T18:15:10.000,pack_voltage_fine,447.1
2026-09-05T18:15:14.000,pack_voltage_fine,447.1
2026-09-05T18:15:17.000,pack_voltage_fine,447.2
2026-09-05T18:15:20.000,pack_voltage_fine,447.2
2026-09-05T18:15:23.000,pack_voltage_fine,447.2
2026-09-05T18:15:27.000,pack_voltage_fine,447.2
2026-09-05T18:15:28.000,pack_current,-6.4
2026-09-05T18:15:31.000,pack_voltage_fine,447.2
2026-09-05T18:15:34.000,pack_voltage_fine,447.2
2026-09-05T18:15:38.000,pack_voltage_fine,447.2
2026-09-05T18:15:41.000,pack_voltage_fine,447.2
2026-09-05T18:15:44.000,pack_voltage_fine,447.2
2026-09-05T18:15:47.000,pack_voltage_fine,447.2
2026-09-05T18:15:50.000,pack_voltage_fine,447.3
2026-09-05T18:15:53.000,pack_voltage_fine,447.2
2026-09-05T18:15:55.000,app_snapshot_charging,1.0
2026-09-05T18:15:55.000,app_snapshot_power_kw,
2026-09-05T18:15:57.000,pack_voltage_fine,447.2
2026-09-05T18:15:58.000,pack_current,-6.5
2026-09-05T18:16:01.000,pack_voltage_fine,447.2
2026-09-05T18:16:05.000,pack_voltage_fine,447.2
2026-09-05T18:16:08.000,pack_voltage_fine,447.4
2026-09-05T18:16:12.000,pack_voltage_fine,447.4
2026-09-05T18:16:15.000,pack_voltage_fine,447.4
2026-09-05T18:16:19.000,pack_voltage_fine,447.4
2026-09-05T18:16:23.000,pack_voltage_fine,447.4
2026-09-05T18:16:26.000,pack_voltage_fine,447.4
2026-09-05T18:16:29.000,pack_current,-6.6
2026-09-05T18:16:30.000,pack_voltage_fine,447.4
2026-09-05T18:16:33.000,pack_voltage_fine,447.3
2026-09-05T18:16:37.000,pack_voltage_fine,447.3
2026-09-05T18:16:40.000,pack_voltage_fine,447.3
2026-09-05T18:16:44.000,pack_voltage_fine,447.3
2026-09-05T18:16:47.000,pack_voltage_fine,447.3
2026-09-05T18:16:50.000,pack_voltage_fine,447.4
2026-09-05T18:16:53.000,pack_voltage_fine,447.5
2026-09-05T18:16:55.000,app_snapshot_charging,1.0
2026-09-05T18:16:55.000,app_snapshot_power_kw,
2026-09-05T18:16:56.000,pack_voltage_fine,447.5
2026-09-05T18:17:00.000,pack_voltage_fine,447.5
2026-09-05T18:17:03.000,pack_voltage_fine,447.5
2026-09-05T18:17:07.000,pack_voltage_fine,447.5
2026-09-05T18:17:10.000,pack_voltage_fine,447.5
2026-09-05T18:17:14.000,pack_voltage_fine,447.4
2026-09-05T18:17:17.000,pack_voltage_fine,447.5
2026-09-05T18:17:20.000,pack_voltage_fine,447.5
2026-09-05T18:17:23.000,pack_voltage_fine,447.6
2026-09-05T18:17:27.000,pack_voltage_fine,447.5
2026-09-05T18:17:31.000,pack_voltage_fine,447.6
2026-09-05T18:17:34.000,pack_voltage_fine,447.6
2026-09-05T18:17:37.000,pack_voltage_fine,447.6
2026-09-05T18:17:40.000,pack_voltage_fine,447.5
2026-09-05T18:17:44.000,pack_voltage_fine,447.5
2026-09-05T18:17:47.000,pack_voltage_fine,447.5
2026-09-05T18:17:50.000,pack_voltage_fine,447.5
2026-09-05T18:17:54.000,pack_voltage_fine,447.6
2026-09-05T18:17:55.000,app_snapshot_charging,1.0
2026-09-05T18:17:55.000,app_snapshot_power_kw,
2026-09-05T18:17:57.000,pack_voltage_fine,447.7
2026-09-05T18:18:00.000,pack_voltage_fine,447.7
2026-09-05T18:18:03.000,pack_voltage_fine,447.7
2026-09-05T18:18:07.000,pack_voltage_fine,447.7
2026-09-05T18:18:10.000,pack_voltage_fine,447.7
2026-09-05T18:18:14.000,pack_voltage_fine,447.7
2026-09-05T18:18:17.000,pack_voltage_fine,447.6
2026-09-05T18:18:21.000,pack_voltage_fine,447.6
2026-09-05T18:18:25.000,pack_voltage_fine,447.6
2026-09-05T18:18:28.000,pack_voltage_fine,447.6
2026-09-05T18:18:31.000,pack_voltage_fine,447.8
2026-09-05T18:18:35.000,pack_voltage_fine,447.8
2026-09-05T18:18:37.000,pack_voltage,448.0
2026-09-05T18:18:39.000,pack_voltage_fine,447.8
2026-09-05T18:18:41.000,pack_voltage,448.0
2026-09-05T18:18:42.000,pack_voltage_fine,447.8
2026-09-05T18:18:44.000,pack_voltage,448.0
2026-09-05T18:18:46.000,pack_voltage_fine,447.8
2026-09-05T18:18:47.000,pack_voltage,448.0
2026-09-05T18:18:49.000,pack_voltage_fine,447.8
2026-09-05T18:18:51.000,pack_voltage,448.0
2026-09-05T18:18:52.000,pack_voltage_fine,447.8
2026-09-05T18:18:54.000,pack_voltage,447.0
2026-09-05T18:18:55.000,app_snapshot_charging,1.0
2026-09-05T18:18:55.000,app_snapshot_power_kw,2.9568
2026-09-05T18:18:55.000,pack_voltage_fine,447.8
2026-09-05T18:18:57.000,pack_voltage,447.0
2026-09-05T18:18:59.000,pack_voltage_fine,447.8
2026-09-05T18:19:00.000,pack_voltage,447.0
2026-09-05T18:19:02.000,pack_voltage_fine,447.8
2026-09-05T18:19:04.000,pack_voltage,447.0
2026-09-05T18:19:06.000,pack_voltage_fine,447.8
2026-09-05T18:19:07.000,pack_voltage,447.0
2026-09-05T18:19:09.000,pack_voltage_fine,447.8
2026-09-05T18:19:13.000,pack_voltage_fine,447.8
2026-09-05T18:19:16.000,pack_voltage_fine,447.8
2026-09-05T18:19:20.000,pack_voltage_fine,447.9
2026-09-05T18:19:23.000,pack_voltage_fine,447.9
2026-09-05T18:19:26.000,pack_voltage_fine,447.9
2026-09-05T18:19:30.000,pack_voltage_fine,447.9
2026-09-05T18:19:33.000,pack_voltage_fine,447.9
2026-09-05T18:19:36.000,pack_voltage_fine,447.9
2026-09-05T18:19:40.000,pack_voltage_fine,447.9
2026-09-05T18:19:43.000,pack_voltage_fine,447.9
2026-09-05T18:19:46.000,pack_voltage_fine,447.9
2026-09-05T18:19:49.000,pack_voltage_fine,447.9
2026-09-05T18:19:53.000,pack_voltage_fine,447.9
2026-09-05T18:19:55.000,app_snapshot_charging,1.0
2026-09-05T18:19:55.000,app_snapshot_power_kw,2.9568
2026-09-05T18:19:56.000,pack_voltage_fine,447.9
2026-09-05T18:19:59.000,pack_voltage_fine,448.0
2026-09-05T18:20:02.000,pack_voltage_fine,448.0
2026-09-05T18:20:05.000,pack_voltage_fine,448.0
2026-09-05T18:20:09.000,pack_voltage_fine,448.0
2026-09-05T18:20:12.000,pack_voltage_fine,448.0
2026-09-05T18:20:15.000,pack_voltage_fine,448.0
2026-09-05T18:20:18.000,pack_voltage_fine,448.0
2026-09-05T18:20:22.000,pack_voltage_fine,448.0
2026-09-05T18:20:25.000,pack_voltage_fine,448.0
2026-09-05T18:20:29.000,pack_voltage_fine,448.0
2026-09-05T18:20:32.000,pack_voltage_fine,447.9
2026-09-05T18:20:35.000,pack_voltage_fine,447.9
2026-09-05T18:20:39.000,pack_voltage_fine,448.1
2026-09-05T18:20:42.000,pack_voltage_fine,448.1
2026-09-05T18:20:45.000,pack_voltage_fine,448.1
2026-09-05T18:20:49.000,pack_voltage_fine,448.1
2026-09-05T18:20:52.000,pack_voltage_fine,448.1
2026-09-05T18:20:55.000,app_snapshot_charging,1.0
2026-09-05T18:20:55.000,app_snapshot_power_kw,
2026-09-05T18:20:56.000,pack_voltage_fine,448.1
2026-09-05T18:20:59.000,pack_voltage_fine,448.1
2026-09-05T18:21:02.000,pack_voltage_fine,448.1
2026-09-05T18:21:06.000,pack_voltage_fine,448.0
2026-09-05T18:21:09.000,pack_voltage_fine,448.1
2026-09-05T18:21:12.000,pack_voltage_fine,448.2
2026-09-05T18:21:15.000,pack_voltage_fine,448.2
2026-09-05T18:21:19.000,pack_voltage_fine,448.2
2026-09-05T18:21:22.000,pack_voltage_fine,448.2
2026-09-05T18:21:25.000,pack_voltage_fine,448.2
2026-09-05T18:21:29.000,pack_voltage_fine,448.2
2026-09-05T18:21:33.000,pack_voltage_fine,448.2
2026-09-05T18:21:36.000,pack_voltage_fine,448.2
2026-09-05T18:21:39.000,pack_voltage_fine,448.2
2026-09-05T18:21:43.000,pack_voltage_fine,448.2
2026-09-05T18:21:46.000,pack_voltage_fine,448.2
2026-09-05T18:21:49.000,pack_voltage_fine,448.1
2026-09-05T18:21:52.000,pack_voltage_fine,448.1
2026-09-05T18:21:55.000,app_snapshot_charging,1.0
2026-09-05T18:21:55.000,app_snapshot_power_kw,
2026-09-05T18:21:56.000,pack_voltage_fine,448.1
2026-09-05T18:21:59.000,pack_voltage_fine,448.1
2026-09-05T18:22:01.000,pack_current,-6.5
2026-09-05T18:22:03.000,pack_voltage_fine,448.1
2026-09-05T18:22:09.000,pack_voltage_fine,448.3
2026-09-05T18:22:12.000,pack_voltage_fine,448.3
2026-09-05T18:22:16.000,pack_voltage_fine,448.3
2026-09-05T18:22:19.000,pack_voltage_fine,448.3
2026-09-05T18:22:23.000,pack_voltage_fine,448.3
2026-09-05T18:22:26.000,pack_voltage_fine,448.3
2026-09-05T18:22:30.000,pack_voltage_fine,448.3
2026-09-05T18:22:33.000,pack_voltage_fine,448.3
2026-09-05T18:22:37.000,pack_voltage_fine,448.3
2026-09-05T18:22:40.000,pack_voltage_fine,448.3
2026-09-05T18:22:44.000,pack_voltage_fine,448.3
2026-09-05T18:22:47.000,pack_voltage_fine,448.3
2026-09-05T18:22:50.000,pack_voltage_fine,448.3
2026-09-05T18:22:53.000,pack_voltage_fine,448.2
2026-09-05T18:22:55.000,app_snapshot_charging,1.0
2026-09-05T18:22:55.000,app_snapshot_power_kw,
2026-09-05T18:22:57.000,pack_voltage_fine,448.2
2026-09-05T18:23:00.000,pack_voltage_fine,448.2
2026-09-05T18:23:04.000,pack_voltage_fine,448.2
2026-09-05T18:23:07.000,pack_voltage_fine,448.4
2026-09-05T18:23:10.000,pack_voltage_fine,448.4
2026-09-05T18:23:14.000,pack_voltage_fine,448.4
2026-09-05T18:23:17.000,pack_voltage_fine,448.4
2026-09-05T18:23:20.000,pack_voltage_fine,448.4
2026-09-05T18:23:23.000,pack_voltage_fine,448.4
2026-09-05T18:23:27.000,pack_voltage_fine,448.4
2026-09-05T18:23:30.000,pack_voltage_fine,448.4
2026-09-05T18:23:33.000,pack_voltage_fine,448.4
2026-09-05T18:23:37.000,pack_voltage_fine,448.4
2026-09-05T18:23:40.000,pack_voltage_fine,448.4
2026-09-05T18:23:43.000,pack_voltage_fine,448.4
2026-09-05T18:23:47.000,pack_voltage_fine,448.4
2026-09-05T18:23:50.000,pack_voltage_fine,448.4
2026-09-05T18:23:53.000,pack_voltage_fine,448.3
2026-09-05T18:23:55.000,app_snapshot_charging,1.0
2026-09-05T18:23:55.000,app_snapshot_power_kw,
2026-09-05T18:23:56.000,pack_voltage_fine,448.4
2026-09-05T18:23:59.000,pack_voltage_fine,448.5
2026-09-05T18:24:02.000,pack_voltage_fine,448.5
2026-09-05T18:24:06.000,pack_voltage_fine,448.5
2026-09-05T18:24:09.000,pack_voltage_fine,448.5
2026-09-05T18:24:13.000,pack_voltage_fine,448.5
2026-09-05T18:24:16.000,pack_voltage_fine,448.5
2026-09-05T18:24:19.000,pack_voltage_fine,448.5
2026-09-05T18:24:22.000,pack_voltage_fine,448.5
2026-09-05T18:24:26.000,pack_voltage_fine,448.5
2026-09-05T18:24:29.000,pack_voltage_fine,448.5
2026-09-05T18:24:33.000,pack_voltage_fine,448.6
2026-09-05T18:24:36.000,pack_voltage_fine,448.6
2026-09-05T18:24:39.000,pack_voltage_fine,448.4
2026-09-05T18:24:43.000,pack_voltage_fine,448.4
2026-09-05T18:24:47.000,pack_voltage_fine,448.6
2026-09-05T18:24:50.000,pack_voltage_fine,448.6
2026-09-05T18:24:54.000,pack_voltage_fine,448.6
2026-09-05T18:24:55.000,app_snapshot_charging,1.0
2026-09-05T18:24:55.000,app_snapshot_power_kw,
2026-09-05T18:24:57.000,pack_voltage_fine,448.5
2026-09-05T18:25:00.000,pack_voltage_fine,448.5
2026-09-05T18:25:02.000,pack_current,-6.6
2026-09-05T18:25:03.000,pack_voltage_fine,448.6
2026-09-05T18:25:07.000,pack_voltage_fine,448.6
2026-09-05T18:25:10.000,pack_voltage_fine,448.5
2026-09-05T18:25:14.000,pack_voltage_fine,448.5
2026-09-05T18:25:17.000,pack_voltage_fine,448.5
2026-09-05T18:25:21.000,pack_voltage_fine,448.5
2026-09-05T18:25:24.000,pack_voltage_fine,448.5
2026-09-05T18:25:28.000,pack_voltage_fine,448.5
2026-09-05T18:25:33.000,pack_voltage_fine,448.7
2026-09-05T18:25:37.000,pack_voltage_fine,448.7
2026-09-05T18:25:40.000,pack_voltage_fine,448.7
2026-09-05T18:25:43.000,pack_voltage_fine,448.7
2026-09-05T18:25:46.000,pack_voltage_fine,448.7
2026-09-05T18:25:50.000,pack_voltage_fine,448.6
2026-09-05T18:25:53.000,pack_voltage_fine,448.6
2026-09-05T18:25:55.000,app_snapshot_charging,1.0
2026-09-05T18:25:55.000,app_snapshot_power_kw,
2026-09-05T18:25:56.000,pack_voltage_fine,448.6
2026-09-05T18:25:59.000,pack_voltage_fine,448.6
2026-09-05T18:26:03.000,pack_voltage_fine,448.7
2026-09-05T18:26:07.000,pack_voltage_fine,448.6
2026-09-05T18:26:10.000,pack_voltage_fine,448.6
2026-09-05T18:26:13.000,pack_voltage_fine,448.6
2026-09-05T18:26:14.000,pack_voltage,449.0
2026-09-05T18:26:16.000,pack_voltage_fine,448.6
2026-09-05T18:26:19.000,pack_voltage_fine,448.6
2026-09-05T18:26:20.000,pack_voltage,449.0
2026-09-05T18:26:22.000,pack_voltage_fine,448.6
2026-09-05T18:26:25.000,pack_voltage,449.0
2026-09-05T18:26:25.000,pack_voltage_fine,448.6
2026-09-05T18:26:28.000,pack_voltage,448.0
2026-09-05T18:26:28.000,pack_voltage_fine,448.6
2026-09-05T18:26:31.000,pack_voltage,449.0
2026-09-05T18:26:32.000,pack_voltage_fine,448.6
2026-09-05T18:26:34.000,pack_voltage,448.0
2026-09-05T18:26:35.000,pack_voltage_fine,448.6
2026-09-05T18:26:37.000,pack_voltage,448.0
2026-09-05T18:26:38.000,pack_voltage_fine,448.7
2026-09-05T18:26:41.000,pack_voltage,449.0
2026-09-05T18:26:41.000,pack_voltage_fine,448.7
2026-09-05T18:26:44.000,pack_voltage,448.0
2026-09-05T18:26:44.000,pack_voltage_fine,448.7
2026-09-05T18:26:47.000,pack_voltage,449.0
2026-09-05T18:26:47.000,pack_voltage_fine,448.7
2026-09-05T18:26:50.000,pack_voltage,448.0
2026-09-05T18:26:50.000,pack_voltage_fine,448.7
2026-09-05T18:26:53.000,pack_voltage,449.0
2026-09-05T18:26:54.000,pack_voltage_fine,448.7
2026-09-05T18:26:55.000,app_snapshot_charging,1.0
2026-09-05T18:26:55.000,app_snapshot_power_kw,2.9634
2026-09-05T18:26:57.000,pack_voltage,449.0
2026-09-05T18:26:57.000,pack_voltage_fine,448.7
2026-09-05T18:27:00.000,pack_voltage,449.0
2026-09-05T18:27:00.000,pack_voltage_fine,448.7
2026-09-05T18:27:03.000,pack_voltage,448.0
2026-09-05T18:27:04.000,pack_voltage_fine,448.7
2026-09-05T18:27:06.000,pack_voltage,448.0
2026-09-05T18:27:07.000,pack_voltage_fine,448.7
2026-09-05T18:27:09.000,pack_voltage,448.0
2026-09-05T18:27:10.000,pack_voltage_fine,448.7
2026-09-05T18:27:12.000,pack_voltage,448.0
2026-09-05T18:27:13.000,pack_voltage_fine,448.7
2026-09-05T18:27:17.000,pack_voltage_fine,448.7
2026-09-05T18:27:20.000,pack_voltage_fine,448.7
2026-09-05T18:27:23.000,pack_voltage_fine,448.8
2026-09-05T18:27:27.000,pack_voltage_fine,448.7
2026-09-05T18:27:31.000,pack_voltage_fine,448.7
2026-09-05T18:27:34.000,pack_voltage_fine,448.8
2026-09-05T18:27:37.000,pack_voltage_fine,448.9
2026-09-05T18:27:40.000,pack_voltage_fine,448.9
2026-09-05T18:27:43.000,pack_voltage_fine,448.9
2026-09-05T18:27:47.000,pack_voltage_fine,448.9
2026-09-05T18:27:50.000,pack_voltage_fine,448.9
2026-09-05T18:27:54.000,pack_voltage_fine,448.9
2026-09-05T18:27:55.000,app_snapshot_charging,1.0
2026-09-05T18:27:55.000,app_snapshot_power_kw,2.9634
2026-09-05T18:27:57.000,pack_voltage_fine,448.9
2026-09-05T18:28:00.000,pack_voltage_fine,448.9
2026-09-05T18:28:04.000,pack_voltage_fine,448.9
2026-09-05T18:28:07.000,pack_voltage_fine,448.9
2026-09-05T18:28:11.000,pack_voltage_fine,448.9
2026-09-05T18:28:14.000,pack_voltage_fine,448.9
2026-09-05T18:28:17.000,pack_voltage_fine,448.9
2026-09-05T18:28:21.000,pack_voltage_fine,448.8
2026-09-05T18:28:24.000,pack_voltage_fine,448.9
2026-09-05T18:28:28.000,pack_voltage_fine,448.9
2026-09-05T18:28:31.000,pack_voltage_fine,448.9
2026-09-05T18:28:33.000,pack_current,-6.5
2026-09-05T18:28:34.000,pack_voltage_fine,448.9
2026-09-05T18:28:38.000,pack_voltage_fine,448.9
2026-09-05T18:28:42.000,pack_voltage_fine,448.9
2026-09-05T18:28:45.000,pack_voltage_fine,448.9
2026-09-05T18:28:49.000,pack_voltage_fine,448.9
2026-09-05T18:28:52.000,pack_voltage_fine,448.9
2026-09-05T18:28:55.000,app_snapshot_charging,1.0
2026-09-05T18:28:55.000,app_snapshot_power_kw,
2026-09-05T18:28:56.000,pack_voltage_fine,448.9
2026-09-05T18:28:59.000,pack_voltage_fine,448.9
2026-09-05T18:29:03.000,pack_current,-6.6
2026-09-05T18:29:03.000,pack_voltage_fine,448.9
2026-09-05T18:29:06.000,pack_voltage_fine,449.0
2026-09-05T18:29:09.000,pack_voltage_fine,449.1
2026-09-05T18:29:12.000,pack_voltage_fine,449.0
2026-09-05T18:29:15.000,pack_voltage_fine,449.0
2026-09-05T18:29:18.000,pack_voltage_fine,448.9
2026-09-05T18:29:22.000,pack_voltage_fine,448.9
2026-09-05T18:29:25.000,pack_voltage_fine,449.0
2026-09-05T18:29:28.000,pack_voltage_fine,449.1
2026-09-05T18:29:31.000,pack_voltage_fine,449.0
2026-09-05T18:29:33.000,pack_current,-6.5
2026-09-05T18:29:34.000,pack_voltage_fine,448.9
2026-09-05T18:29:37.000,pack_voltage_fine,449.0
2026-09-05T18:29:40.000,pack_voltage_fine,449.1
2026-09-05T18:29:44.000,pack_voltage_fine,449.1
2026-09-05T18:29:47.000,pack_voltage_fine,449.1
2026-09-05T18:29:51.000,pack_voltage_fine,449.1
2026-09-05T18:29:55.000,app_snapshot_charging,1.0
2026-09-05T18:29:55.000,app_snapshot_power_kw,
2026-09-05T18:29:55.000,pack_voltage_fine,449.1
2026-09-05T18:29:58.000,pack_voltage_fine,449.1
2026-09-05T18:30:01.000,pack_voltage_fine,449.1
2026-09-05T18:30:05.000,pack_voltage_fine,449.1
2026-09-05T18:30:09.000,pack_voltage_fine,449.1
2026-09-05T18:30:12.000,pack_voltage_fine,449.1
2026-09-05T18:30:16.000,pack_voltage_fine,449.1
2026-09-05T18:30:19.000,pack_voltage_fine,449.1
2026-09-05T18:30:23.000,pack_voltage_fine,449.1
2026-09-05T18:30:26.000,pack_voltage_fine,449.0
2026-09-05T18:30:29.000,pack_voltage_fine,449.0
2026-09-05T18:30:33.000,pack_voltage_fine,449.0
2026-09-05T18:30:34.000,pack_current,-6.4
2026-09-05T18:30:37.000,pack_voltage_fine,449.0
2026-09-05T18:30:40.000,pack_voltage_fine,449.0
2026-09-05T18:30:44.000,pack_voltage_fine,449.0
2026-09-05T18:30:48.000,pack_voltage_fine,449.0
2026-09-05T18:30:51.000,pack_voltage_fine,449.0
2026-09-05T18:30:55.000,app_snapshot_charging,1.0
2026-09-05T18:30:55.000,app_snapshot_power_kw,
2026-09-05T18:30:57.000,pack_voltage_fine,449.0
2026-09-05T18:31:00.000,pack_voltage_fine,449.0
2026-09-05T18:31:04.000,pack_current,-6.3
2026-09-05T18:31:04.000,pack_voltage_fine,449.0
2026-09-05T18:31:10.000,pack_voltage_fine,449.2
2026-09-05T18:31:13.000,pack_voltage_fine,449.2
2026-09-05T18:31:24.000,pack_voltage_fine,449.2
2026-09-05T18:31:27.000,pack_voltage_fine,449.2
2026-09-05T18:31:30.000,pack_voltage_fine,449.1
2026-09-05T18:31:34.000,pack_current,-6.4
2026-09-05T18:31:34.000,pack_voltage_fine,449.1
2026-09-05T18:31:37.000,pack_voltage_fine,449.1
2026-09-05T18:31:40.000,pack_voltage_fine,449.1
2026-09-05T18:31:43.000,pack_voltage_fine,449.1
2026-09-05T18:31:47.000,pack_voltage_fine,449.1
2026-09-05T18:31:50.000,pack_voltage_fine,449.1
2026-09-05T18:31:53.000,pack_voltage_fine,449.1
2026-09-05T18:31:56.000,app_snapshot_charging,1.0
2026-09-05T18:31:56.000,app_snapshot_power_kw,
2026-09-05T18:31:56.000,pack_voltage_fine,449.1
2026-09-05T18:31:59.000,pack_voltage_fine,449.1
2026-09-05T18:32:03.000,pack_voltage_fine,449.1
2026-09-05T18:32:04.000,pack_current,-6.5
2026-09-05T18:32:06.000,pack_voltage_fine,449.1
2026-09-05T18:32:09.000,pack_voltage_fine,449.1
2026-09-05T18:32:12.000,pack_voltage_fine,449.1
2026-09-05T18:32:16.000,pack_voltage_fine,449.1
2026-09-05T18:32:19.000,pack_voltage_fine,449.1
2026-09-05T18:32:22.000,pack_voltage_fine,449.1
2026-09-05T18:32:25.000,pack_voltage_fine,449.1
2026-09-05T18:32:28.000,pack_voltage_fine,449.1
2026-09-05T18:32:31.000,pack_voltage_fine,449.1
2026-09-05T18:32:34.000,pack_current,-6.4
2026-09-05T18:32:35.000,pack_voltage_fine,449.1
2026-09-05T18:32:38.000,pack_voltage_fine,449.1
2026-09-05T18:32:41.000,pack_voltage_fine,449.1
2026-09-05T18:32:45.000,pack_voltage_fine,449.1
2026-09-05T18:32:48.000,pack_voltage_fine,449.2
2026-09-05T18:32:51.000,pack_voltage_fine,449.2
2026-09-05T18:32:55.000,pack_voltage_fine,449.2
2026-09-05T18:32:56.000,app_snapshot_charging,1.0
2026-09-05T18:32:56.000,app_snapshot_power_kw,
2026-09-05T18:32:58.000,pack_voltage_fine,449.2
2026-09-05T18:33:02.000,pack_voltage_fine,449.2
2026-09-05T18:33:04.000,pack_current,-6.5
2026-09-05T18:33:06.000,pack_voltage_fine,449.2
2026-09-05T18:33:09.000,pack_voltage_fine,449.2
2026-09-05T18:33:12.000,pack_voltage_fine,449.3
2026-09-05T18:33:15.000,pack_voltage_fine,449.4
2026-09-05T18:33:19.000,pack_voltage_fine,449.3
2026-09-05T18:33:22.000,pack_voltage_fine,449.2
2026-09-05T18:33:25.000,pack_voltage_fine,449.2
2026-09-05T18:33:29.000,pack_voltage_fine,449.2
2026-09-05T18:33:32.000,pack_voltage_fine,449.4
2026-09-05T18:33:35.000,pack_current,-6.6
2026-09-05T18:33:36.000,pack_voltage_fine,449.4
2026-09-05T18:33:39.000,pack_voltage_fine,449.4
2026-09-05T18:33:43.000,pack_voltage_fine,449.4
2026-09-05T18:33:46.000,pack_voltage_fine,449.4
2026-09-05T18:33:49.000,pack_voltage_fine,449.4
2026-09-05T18:33:53.000,pack_voltage_fine,449.4
2026-09-05T18:33:56.000,app_snapshot_charging,1.0
2026-09-05T18:33:56.000,app_snapshot_power_kw,
2026-09-05T18:33:56.000,pack_voltage_fine,449.4
2026-09-05T18:34:00.000,pack_voltage_fine,449.4
2026-09-05T18:34:03.000,pack_voltage_fine,449.4
2026-09-05T18:34:05.000,pack_current,-6.5
2026-09-05T18:34:06.000,pack_voltage_fine,449.4
2026-09-05T18:34:10.000,pack_voltage_fine,449.4
2026-09-05T18:34:13.000,pack_voltage_fine,449.4
2026-09-05T18:34:16.000,pack_voltage_fine,449.4
2026-09-05T18:34:19.000,pack_voltage_fine,449.4
2026-09-05T18:34:23.000,pack_voltage_fine,449.4
2026-09-05T18:34:26.000,pack_voltage_fine,449.3
2026-09-05T18:34:29.000,pack_voltage_fine,449.3
2026-09-05T18:34:33.000,pack_voltage_fine,449.3
2026-09-05T18:34:36.000,pack_voltage_fine,449.4
2026-09-05T18:34:39.000,pack_voltage_fine,449.5
2026-09-05T18:34:42.000,pack_voltage_fine,449.3
2026-09-05T18:34:45.000,pack_voltage_fine,449.4
2026-09-05T18:34:49.000,pack_voltage_fine,449.5
2026-09-05T18:34:52.000,pack_voltage_fine,449.4
2026-09-05T18:34:55.000,pack_voltage_fine,449.3
2026-09-05T18:34:56.000,app_snapshot_charging,1.0
2026-09-05T18:34:56.000,app_snapshot_power_kw,
2026-09-05T18:34:58.000,pack_voltage_fine,449.4
2026-09-05T18:35:01.000,pack_voltage_fine,449.4
2026-09-05T18:35:05.000,pack_voltage_fine,449.4
2026-09-05T18:35:08.000,pack_voltage_fine,449.4
2026-09-05T18:35:12.000,pack_voltage_fine,449.4
2026-09-05T18:35:15.000,pack_voltage_fine,449.4
2026-09-05T18:35:19.000,pack_voltage_fine,449.4
2026-09-05T18:35:22.000,pack_voltage_fine,449.4
2026-09-05T18:35:26.000,pack_voltage_fine,449.4
2026-09-05T18:35:29.000,pack_voltage_fine,449.4
2026-09-05T18:35:32.000,pack_voltage_fine,449.4
2026-09-05T18:35:36.000,pack_voltage_fine,449.4
2026-09-05T18:35:39.000,pack_voltage_fine,449.5
2026-09-05T18:35:42.000,pack_voltage_fine,449.6
2026-09-05T18:35:45.000,pack_voltage_fine,449.6
2026-09-05T18:35:49.000,pack_voltage_fine,449.6
2026-09-05T18:35:52.000,pack_voltage_fine,449.6
2026-09-05T18:35:55.000,pack_voltage_fine,449.5
2026-09-05T18:35:56.000,app_snapshot_charging,1.0
2026-09-05T18:35:56.000,app_snapshot_power_kw,
2026-09-05T18:35:58.000,pack_voltage_fine,449.5
2026-09-05T18:36:02.000,pack_voltage_fine,449.4
2026-09-05T18:36:05.000,pack_current,-6.6
2026-09-05T18:36:05.000,pack_voltage_fine,449.5
2026-09-05T18:36:08.000,pack_voltage_fine,449.6
2026-09-05T18:36:11.000,pack_voltage_fine,449.4
2026-09-05T18:36:14.000,pack_voltage_fine,449.5
2026-09-05T18:36:17.000,pack_voltage_fine,449.6
2026-09-05T18:36:21.000,pack_voltage_fine,449.6
2026-09-05T18:36:24.000,pack_voltage_fine,449.6
2026-09-05T18:36:28.000,pack_voltage_fine,449.6
2026-09-05T18:36:32.000,pack_voltage_fine,449.6
2026-09-05T18:36:35.000,pack_voltage_fine,449.6
2026-09-05T18:36:36.000,pack_current,-6.5
2026-09-05T18:36:39.000,pack_voltage_fine,449.6
2026-09-05T18:36:42.000,pack_voltage_fine,449.6
2026-09-05T18:36:46.000,pack_voltage_fine,449.6
2026-09-05T18:36:49.000,pack_voltage_fine,449.6
2026-09-05T18:36:53.000,pack_voltage_fine,449.6
2026-09-05T18:36:56.000,app_snapshot_charging,1.0
2026-09-05T18:36:56.000,app_snapshot_power_kw,
2026-09-05T18:36:56.000,pack_voltage_fine,449.6
2026-09-05T18:37:00.000,pack_voltage_fine,449.6
2026-09-05T18:37:03.000,pack_voltage_fine,449.6
2026-09-05T18:37:06.000,pack_current,-6.6
2026-09-05T18:37:06.000,pack_voltage_fine,449.5
2026-09-05T18:37:10.000,pack_voltage_fine,449.5
2026-09-05T18:37:13.000,pack_voltage_fine,449.5
2026-09-05T18:37:17.000,pack_voltage_fine,449.5
2026-09-05T18:37:20.000,pack_voltage_fine,449.5
2026-09-05T18:37:24.000,pack_voltage_fine,449.5
2026-09-05T18:37:29.000,pack_voltage_fine,449.7
2026-09-05T18:37:33.000,pack_voltage_fine,449.7
2026-09-05T18:37:37.000,pack_voltage_fine,449.5
2026-09-05T18:37:41.000,pack_voltage_fine,449.5
2026-09-05T18:37:44.000,pack_voltage_fine,449.6
2026-09-05T18:37:47.000,pack_voltage_fine,449.7
2026-09-05T18:37:50.000,pack_voltage_fine,449.7
2026-09-05T18:37:54.000,pack_voltage_fine,449.7
2026-09-05T18:37:56.000,app_snapshot_charging,1.0
2026-09-05T18:37:56.000,app_snapshot_power_kw,
2026-09-05T18:37:57.000,pack_voltage_fine,449.7
2026-09-05T18:38:00.000,pack_voltage_fine,449.7
2026-09-05T18:38:04.000,pack_voltage_fine,449.7
2026-09-05T18:38:07.000,pack_voltage_fine,449.7
2026-09-05T18:38:10.000,pack_voltage_fine,449.7
2026-09-05T18:38:13.000,pack_voltage_fine,449.7
2026-09-05T18:38:16.000,pack_voltage_fine,449.7
2026-09-05T18:38:20.000,pack_voltage_fine,449.7
2026-09-05T18:38:23.000,pack_voltage_fine,449.7
2026-09-05T18:38:26.000,pack_voltage_fine,449.7
2026-09-05T18:38:30.000,pack_voltage_fine,449.7
2026-09-05T18:38:33.000,pack_voltage_fine,449.7
2026-09-05T18:38:36.000,pack_current,-6.5
2026-09-05T18:38:36.000,pack_voltage_fine,449.7
2026-09-05T18:38:40.000,pack_voltage_fine,449.7
2026-09-05T18:38:43.000,pack_voltage_fine,449.7
2026-09-05T18:38:46.000,pack_voltage_fine,449.7
2026-09-05T18:38:50.000,pack_voltage_fine,449.7
2026-09-05T18:38:53.000,pack_voltage_fine,449.7
2026-09-05T18:38:56.000,app_snapshot_charging,1.0
2026-09-05T18:38:56.000,app_snapshot_power_kw,
2026-09-05T18:38:57.000,pack_voltage_fine,449.7
2026-09-05T18:39:00.000,pack_voltage_fine,449.7
2026-09-05T18:39:04.000,pack_voltage_fine,449.7
2026-09-05T18:39:07.000,pack_voltage_fine,449.7
2026-09-05T18:39:11.000,pack_voltage_fine,449.7
2026-09-05T18:39:13.000,pack_voltage,450.0
2026-09-05T18:39:14.000,pack_voltage_fine,449.7
2026-09-05T18:39:17.000,pack_voltage_fine,449.7
2026-09-05T18:39:21.000,pack_voltage_fine,449.7
2026-09-05T18:39:24.000,pack_voltage_fine,449.7
2026-09-05T18:39:28.000,pack_voltage_fine,449.7
2026-09-05T18:39:29.000,pack_voltage,450.0
2026-09-05T18:39:31.000,pack_voltage_fine,449.7
2026-09-05T18:39:32.000,pack_voltage,450.0
2026-09-05T18:39:34.000,pack_voltage_fine,449.7
2026-09-05T18:39:37.000,pack_voltage,450.0
2026-09-05T18:39:37.000,pack_voltage_fine,449.6
2026-09-05T18:39:40.000,pack_voltage,450.0
2026-09-05T18:39:41.000,pack_voltage_fine,449.6
2026-09-05T18:39:44.000,pack_voltage,450.0
2026-09-05T18:39:44.000,pack_voltage_fine,449.6
2026-09-05T18:39:47.000,pack_voltage,450.0
2026-09-05T18:39:48.000,pack_voltage_fine,449.6
2026-09-05T18:39:51.000,pack_voltage,450.0
2026-09-05T18:39:51.000,pack_voltage_fine,449.8
2026-09-05T18:39:55.000,pack_voltage,450.0
2026-09-05T18:39:55.000,pack_voltage_fine,449.8
2026-09-05T18:39:56.000,app_snapshot_charging,1.0
2026-09-05T18:39:56.000,app_snapshot_power_kw,2.925
2026-09-05T18:39:59.000,pack_voltage,450.0
2026-09-05T18:39:59.000,pack_voltage_fine,449.8
2026-09-05T18:40:03.000,pack_voltage,450.0
2026-09-05T18:40:04.000,pack_voltage_fine,449.6
2026-09-05T18:40:06.000,pack_voltage,450.0
2026-09-05T18:40:07.000,pack_voltage_fine,449.8
2026-09-05T18:40:09.000,pack_voltage,450.0
2026-09-05T18:40:10.000,pack_voltage_fine,449.8
2026-09-05T18:40:12.000,pack_voltage,450.0
2026-09-05T18:40:14.000,pack_voltage_fine,449.8
2026-09-05T18:40:16.000,pack_voltage,450.0
2026-09-05T18:40:18.000,pack_voltage_fine,449.8
2026-09-05T18:40:19.000,pack_voltage,450.0
2026-09-05T18:40:21.000,pack_voltage_fine,449.8
2026-09-05T18:40:23.000,pack_voltage,450.0
2026-09-05T18:40:25.000,pack_voltage_fine,449.8
2026-09-05T18:40:26.000,pack_voltage,449.0
2026-09-05T18:40:28.000,pack_voltage_fine,449.8
2026-09-05T18:40:29.000,pack_voltage,449.0
2026-09-05T18:40:32.000,pack_voltage_fine,449.8
2026-09-05T18:40:33.000,pack_voltage,449.0
2026-09-05T18:40:35.000,pack_voltage_fine,449.8
2026-09-05T18:40:36.000,pack_voltage,449.0
2026-09-05T18:40:39.000,pack_voltage_fine,449.8
2026-09-05T18:40:40.000,pack_voltage,449.0
2026-09-05T18:40:42.000,pack_voltage_fine,449.8
2026-09-05T18:40:44.000,pack_voltage,449.0
2026-09-05T18:40:46.000,pack_voltage_fine,449.8
2026-09-05T18:40:48.000,pack_voltage,449.0
2026-09-05T18:40:50.000,pack_voltage_fine,449.8
2026-09-05T18:40:51.000,pack_voltage,449.0
2026-09-05T18:40:53.000,pack_voltage_fine,449.8
2026-09-05T18:40:54.000,pack_voltage,449.0
2026-09-05T18:40:56.000,app_snapshot_charging,1.0
2026-09-05T18:40:56.000,app_snapshot_power_kw,2.925
2026-09-05T18:40:56.000,pack_voltage_fine,449.7
2026-09-05T18:40:58.000,pack_voltage,449.0
2026-09-05T18:40:59.000,pack_voltage_fine,449.8
2026-09-05T18:41:02.000,pack_voltage_fine,449.9
2026-09-05T18:41:05.000,pack_voltage_fine,449.8
2026-09-05T18:41:07.000,pack_current,-6.6
2026-09-05T18:41:09.000,pack_voltage_fine,449.8
2026-09-05T18:41:12.000,pack_voltage_fine,449.7
2026-09-05T18:41:15.000,pack_voltage_fine,449.9
2026-09-05T18:41:18.000,pack_voltage_fine,449.9
2026-09-05T18:41:21.000,pack_voltage_fine,449.8
2026-09-05T18:41:24.000,pack_voltage_fine,449.7
2026-09-05T18:41:27.000,pack_voltage_fine,449.8
2026-09-05T18:41:30.000,pack_voltage_fine,449.9
2026-09-05T18:41:34.000,pack_voltage_fine,449.9
2026-09-05T18:41:37.000,pack_voltage_fine,449.9
2026-09-05T18:41:41.000,pack_voltage_fine,449.9
2026-09-05T18:41:44.000,pack_voltage_fine,449.9
2026-09-05T18:41:47.000,pack_voltage_fine,449.9
2026-09-05T18:41:50.000,pack_voltage_fine,449.9
2026-09-05T18:41:54.000,pack_voltage_fine,449.9
2026-09-05T18:41:56.000,app_snapshot_charging,1.0
2026-09-05T18:41:56.000,app_snapshot_power_kw,2.97
2026-09-05T18:41:57.000,pack_voltage_fine,449.9
2026-09-05T18:42:00.000,pack_voltage_fine,449.9
2026-09-05T18:42:03.000,pack_voltage_fine,449.9
2026-09-05T18:42:07.000,pack_voltage_fine,449.9
2026-09-05T18:42:10.000,pack_voltage_fine,449.9
2026-09-05T18:42:13.000,pack_voltage_fine,449.9
2026-09-05T18:42:17.000,pack_voltage_fine,449.9
2026-09-05T18:42:20.000,pack_voltage_fine,449.9
2026-09-05T18:42:23.000,pack_voltage_fine,449.9
2026-09-05T18:42:27.000,pack_voltage_fine,449.9
2026-09-05T18:42:30.000,pack_voltage_fine,449.9
2026-09-05T18:42:34.000,pack_voltage_fine,449.9
2026-09-05T18:42:37.000,pack_voltage_fine,449.9
2026-09-05T18:42:40.000,pack_voltage_fine,449.9
2026-09-05T18:42:43.000,pack_voltage_fine,449.8
2026-09-05T18:42:46.000,pack_voltage_fine,449.8
2026-09-05T18:42:50.000,pack_voltage_fine,449.8
2026-09-05T18:42:53.000,pack_voltage_fine,449.8
2026-09-05T18:42:56.000,app_snapshot_charging,1.0
2026-09-05T18:42:56.000,app_snapshot_power_kw,
2026-09-05T18:42:57.000,pack_voltage_fine,449.8
2026-09-05T18:43:00.000,pack_voltage_fine,449.9
2026-09-05T18:43:03.000,pack_voltage_fine,450.0
2026-09-05T18:43:07.000,pack_voltage_fine,450.0
2026-09-05T18:43:10.000,pack_voltage_fine,449.9
2026-09-05T18:43:13.000,pack_voltage_fine,449.8
2026-09-05T18:43:17.000,pack_voltage_fine,449.9
2026-09-05T18:43:20.000,pack_voltage_fine,449.9
2026-09-05T18:43:24.000,pack_voltage_fine,450.0
2026-09-05T18:43:27.000,pack_voltage_fine,450.0
2026-09-05T18:43:31.000,pack_voltage_fine,450.0
2026-09-05T18:43:35.000,pack_voltage_fine,450.0
2026-09-05T18:43:38.000,pack_voltage_fine,450.0
2026-09-05T18:43:42.000,pack_voltage_fine,450.0
2026-09-05T18:43:46.000,pack_voltage_fine,450.0
2026-09-05T18:43:49.000,pack_voltage_fine,450.0
2026-09-05T18:43:53.000,pack_voltage_fine,450.0
2026-09-05T18:43:56.000,app_snapshot_charging,1.0
2026-09-05T18:43:56.000,app_snapshot_power_kw,
2026-09-05T18:43:56.000,pack_voltage_fine,450.0
2026-09-05T18:44:00.000,pack_voltage_fine,450.0
2026-09-05T18:44:03.000,pack_voltage_fine,450.0
2026-09-05T18:44:06.000,pack_voltage_fine,450.0
2026-09-05T18:44:09.000,pack_voltage_fine,450.0
2026-09-05T18:44:13.000,pack_voltage_fine,450.0
2026-09-05T18:44:16.000,pack_voltage_fine,450.0
2026-09-05T18:44:19.000,pack_voltage_fine,450.0
2026-09-05T18:44:22.000,pack_voltage_fine,450.0
2026-09-05T18:44:25.000,pack_voltage_fine,450.0
2026-09-05T18:44:29.000,pack_voltage_fine,449.9
2026-09-05T18:44:32.000,pack_voltage_fine,449.9
2026-09-05T18:44:35.000,pack_voltage_fine,449.9
2026-09-05T18:44:38.000,pack_voltage_fine,449.9
2026-09-05T18:44:41.000,pack_voltage_fine,449.9
2026-09-05T18:44:46.000,pack_voltage_fine,449.9
2026-09-05T18:44:49.000,pack_voltage_fine,449.9
2026-09-05T18:44:54.000,pack_voltage_fine,449.9
2026-09-05T18:44:56.000,app_snapshot_charging,1.0
2026-09-05T18:44:56.000,app_snapshot_power_kw,
2026-09-05T18:44:57.000,pack_voltage_fine,449.9
2026-09-05T18:45:01.000,pack_voltage_fine,449.9
2026-09-05T18:45:10.000,pack_voltage_fine,450.1
2026-09-05T18:45:13.000,pack_voltage_fine,450.1
2026-09-05T18:45:16.000,pack_voltage_fine,450.1
2026-09-05T18:45:19.000,pack_voltage_fine,450.1
2026-09-05T18:45:24.000,pack_voltage_fine,450.1
2026-09-05T18:45:28.000,pack_voltage_fine,450.1
2026-09-05T18:45:31.000,pack_voltage_fine,450.1
2026-09-05T18:45:34.000,pack_voltage_fine,450.1
2026-09-05T18:45:39.000,pack_voltage_fine,450.1
2026-09-05T18:45:42.000,pack_voltage_fine,450.1
2026-09-05T18:45:46.000,pack_voltage_fine,450.1
2026-09-05T18:45:49.000,pack_voltage_fine,450.1
2026-09-05T18:45:52.000,pack_voltage_fine,450.1
2026-09-05T18:45:56.000,app_snapshot_charging,1.0
2026-09-05T18:45:56.000,app_snapshot_power_kw,
2026-09-05T18:45:56.000,pack_voltage_fine,450.1
2026-09-05T18:45:59.000,pack_voltage_fine,450.1
2026-09-05T18:46:03.000,pack_voltage_fine,450.1
2026-09-05T18:46:06.000,pack_voltage_fine,450.1
2026-09-05T18:46:10.000,pack_voltage_fine,450.1
2026-09-05T18:46:13.000,pack_voltage_fine,450.1
2026-09-05T18:46:17.000,pack_voltage_fine,450.1
2026-09-05T18:46:21.000,pack_voltage_fine,450.1
2026-09-05T18:46:24.000,pack_voltage_fine,450.1
2026-09-05T18:46:28.000,pack_voltage_fine,450.1
2026-09-05T18:46:31.000,pack_voltage_fine,450.0
2026-09-05T18:46:34.000,pack_voltage_fine,450.0
2026-09-05T18:46:37.000,pack_voltage_fine,450.0
2026-09-05T18:46:41.000,pack_voltage_fine,450.1
2026-09-05T18:46:44.000,pack_voltage_fine,450.0
2026-09-05T18:46:47.000,pack_voltage_fine,450.0
2026-09-05T18:46:51.000,pack_voltage_fine,450.0
2026-09-05T18:46:54.000,pack_voltage_fine,450.1
2026-09-05T18:46:56.000,app_snapshot_charging,1.0
2026-09-05T18:46:56.000,app_snapshot_power_kw,
2026-09-05T18:46:58.000,pack_voltage_fine,450.2
2026-09-05T18:47:01.000,pack_voltage_fine,450.2
2026-09-05T18:47:05.000,pack_voltage_fine,450.0
2026-09-05T18:47:08.000,pack_voltage_fine,450.0
2026-09-05T18:47:12.000,pack_voltage_fine,450.0
2026-09-05T18:47:15.000,pack_voltage_fine,450.1
2026-09-05T18:47:18.000,pack_voltage_fine,450.1
2026-09-05T18:47:22.000,pack_voltage_fine,450.0
2026-09-05T18:47:26.000,pack_voltage_fine,450.0
2026-09-05T18:47:29.000,pack_voltage_fine,450.0
2026-09-05T18:47:32.000,pack_voltage_fine,450.1
2026-09-05T18:47:35.000,pack_voltage_fine,450.1
2026-09-05T18:47:39.000,pack_current,-6.5
2026-09-05T18:47:39.000,pack_voltage_fine,450.1
2026-09-05T18:47:42.000,pack_voltage_fine,450.1
2026-09-05T18:47:45.000,pack_voltage_fine,450.2
2026-09-05T18:47:48.000,pack_voltage_fine,450.2
2026-09-05T18:47:51.000,pack_voltage_fine,450.2
2026-09-05T18:47:55.000,pack_voltage_fine,450.2
2026-09-05T18:47:56.000,app_snapshot_charging,1.0
2026-09-05T18:47:56.000,app_snapshot_power_kw,
2026-09-05T18:47:58.000,pack_voltage_fine,450.2
2026-09-05T18:48:01.000,pack_voltage_fine,450.1
2026-09-05T18:48:05.000,pack_voltage_fine,450.2
2026-09-05T18:48:08.000,pack_voltage_fine,450.1
2026-09-05T18:48:12.000,pack_voltage_fine,450.2
2026-09-05T18:48:16.000,pack_voltage_fine,450.2
2026-09-05T18:48:19.000,pack_voltage_fine,450.2
2026-09-05T18:48:23.000,pack_voltage_fine,450.2
2026-09-05T18:48:27.000,pack_voltage_fine,450.2
2026-09-05T18:48:30.000,pack_voltage_fine,450.2
2026-09-05T18:48:34.000,pack_voltage_fine,450.2
2026-09-05T18:48:37.000,pack_voltage_fine,450.2
2026-09-05T18:48:40.000,pack_voltage_fine,450.1
2026-09-05T18:48:43.000,pack_voltage_fine,450.1
2026-09-05T18:48:47.000,pack_voltage_fine,450.1
2026-09-05T18:48:50.000,pack_voltage_fine,450.1
2026-09-05T18:48:54.000,pack_voltage_fine,450.1
2026-09-05T18:48:56.000,app_snapshot_charging,1.0
2026-09-05T18:48:56.000,app_snapshot_power_kw,
2026-09-05T18:48:57.000,pack_voltage_fine,450.1
2026-09-05T18:49:01.000,pack_voltage_fine,450.1
2026-09-05T18:49:05.000,pack_voltage_fine,450.1
2026-09-05T18:49:08.000,pack_voltage_fine,450.1
2026-09-05T18:49:12.000,pack_voltage_fine,450.1
2026-09-05T18:49:15.000,pack_voltage_fine,450.1
2026-09-05T18:49:19.000,pack_voltage_fine,450.1
2026-09-05T18:49:22.000,pack_voltage_fine,450.1
2026-09-05T18:49:25.000,pack_voltage_fine,450.1
2026-09-05T18:49:29.000,pack_voltage_fine,450.1
2026-09-05T18:49:33.000,pack_voltage_fine,450.1
2026-09-05T18:49:36.000,pack_voltage_fine,450.2
2026-09-05T18:49:39.000,pack_voltage_fine,450.3
2026-09-05T18:49:42.000,pack_voltage_fine,450.3
2026-09-05T18:49:46.000,pack_voltage_fine,450.3
2026-09-05T18:49:49.000,pack_voltage_fine,450.2
2026-09-05T18:49:53.000,pack_voltage_fine,450.3
2026-09-05T18:49:56.000,app_snapshot_charging,1.0
2026-09-05T18:49:56.000,app_snapshot_power_kw,
2026-09-05T18:49:56.000,pack_voltage_fine,450.3
2026-09-05T18:50:00.000,pack_voltage_fine,450.3
2026-09-05T18:50:04.000,pack_voltage_fine,450.3
2026-09-05T18:50:07.000,pack_voltage_fine,450.3
2026-09-05T18:50:10.000,pack_current,-6.6
2026-09-05T18:50:11.000,pack_voltage_fine,450.3
2026-09-05T18:50:14.000,pack_voltage_fine,450.3
2026-09-05T18:50:18.000,pack_voltage_fine,450.3
2026-09-05T18:50:22.000,pack_voltage_fine,450.3
2026-09-05T18:50:25.000,pack_voltage_fine,450.2
2026-09-05T18:50:28.000,pack_voltage_fine,450.2
2026-09-05T18:50:32.000,pack_voltage_fine,450.2
2026-09-05T18:50:36.000,pack_voltage_fine,450.2
2026-09-05T18:50:40.000,pack_voltage_fine,450.2
2026-09-05T18:50:43.000,pack_voltage_fine,450.4
2026-09-05T18:50:46.000,pack_voltage_fine,450.4
2026-09-05T18:50:50.000,pack_voltage_fine,450.3
2026-09-05T18:50:53.000,pack_voltage_fine,450.3
2026-09-05T18:50:56.000,app_snapshot_charging,1.0
2026-09-05T18:50:56.000,app_snapshot_power_kw,
2026-09-05T18:50:57.000,pack_voltage_fine,450.3
2026-09-05T18:51:00.000,pack_voltage_fine,450.2
2026-09-05T18:51:03.000,pack_voltage_fine,450.2
2026-09-05T18:51:06.000,pack_voltage_fine,450.4
2026-09-05T18:51:09.000,pack_voltage_fine,450.3
2026-09-05T18:51:13.000,pack_voltage_fine,450.3
2026-09-05T18:51:16.000,pack_voltage_fine,450.2
2026-09-05T18:51:19.000,pack_voltage_fine,450.4
2026-09-05T18:51:22.000,pack_voltage_fine,450.4
2026-09-05T18:51:25.000,pack_voltage_fine,450.2
2026-09-05T18:51:28.000,pack_voltage_fine,450.3
2026-09-05T18:51:32.000,pack_voltage_fine,450.4
2026-09-05T18:51:36.000,pack_voltage_fine,450.4
2026-09-05T18:51:39.000,pack_voltage_fine,450.4
2026-09-05T18:51:42.000,pack_voltage_fine,450.4
2026-09-05T18:51:46.000,pack_voltage_fine,450.4
2026-09-05T18:51:49.000,pack_voltage_fine,450.4
2026-09-05T18:51:52.000,pack_voltage_fine,450.3
2026-09-05T18:51:55.000,pack_voltage_fine,450.3
2026-09-05T18:51:56.000,app_snapshot_charging,1.0
2026-09-05T18:51:56.000,app_snapshot_power_kw,
2026-09-05T18:51:59.000,pack_voltage_fine,450.3
2026-09-05T18:52:03.000,pack_voltage_fine,450.3
2026-09-05T18:52:06.000,pack_voltage_fine,450.3
2026-09-05T18:52:10.000,pack_voltage_fine,450.3
2026-09-05T18:52:13.000,pack_voltage_fine,450.3
2026-09-05T18:52:17.000,pack_voltage_fine,450.3
2026-09-05T18:52:20.000,pack_voltage_fine,450.3
2026-09-05T18:52:24.000,pack_voltage_fine,450.3
2026-09-05T18:52:27.000,pack_voltage_fine,450.3
2026-09-05T18:52:31.000,pack_voltage_fine,450.3
2026-09-05T18:52:35.000,pack_voltage_fine,450.3
2026-09-05T18:52:38.000,pack_voltage_fine,450.3
2026-09-05T18:52:42.000,pack_voltage_fine,450.3
2026-09-05T18:52:45.000,pack_voltage_fine,450.3
2026-09-05T18:52:48.000,pack_voltage_fine,450.5
2026-09-05T18:52:52.000,pack_voltage_fine,450.5
2026-09-05T18:52:56.000,pack_voltage_fine,450.3
2026-09-05T18:52:57.000,app_snapshot_charging,1.0
2026-09-05T18:52:57.000,app_snapshot_power_kw,
2026-09-05T18:52:59.000,pack_voltage_fine,450.3
2026-09-05T18:53:03.000,pack_voltage_fine,450.3
2026-09-05T18:53:06.000,pack_voltage_fine,450.3
2026-09-05T18:53:10.000,pack_voltage_fine,450.3
2026-09-05T18:53:13.000,pack_voltage_fine,450.4
2026-09-05T18:53:16.000,pack_voltage_fine,450.5
2026-09-05T18:53:19.000,pack_voltage_fine,450.5
2026-09-05T18:53:23.000,pack_voltage_fine,450.5
2026-09-05T18:53:26.000,pack_voltage_fine,450.3
2026-09-05T18:53:29.000,pack_voltage_fine,450.3
2026-09-05T18:53:33.000,pack_voltage_fine,450.5
2026-09-05T18:53:37.000,pack_voltage_fine,450.5
2026-09-05T18:53:40.000,pack_voltage_fine,450.5
2026-09-05T18:53:43.000,pack_voltage_fine,450.5
2026-09-05T18:53:47.000,pack_voltage_fine,450.5
2026-09-05T18:53:50.000,pack_voltage_fine,450.5
2026-09-05T18:53:53.000,pack_voltage_fine,450.5
2026-09-05T18:53:56.000,pack_voltage_fine,450.5
2026-09-05T18:53:57.000,app_snapshot_charging,1.0
2026-09-05T18:53:57.000,app_snapshot_power_kw,
2026-09-05T18:54:00.000,pack_voltage_fine,450.5
2026-09-05T18:54:03.000,pack_voltage_fine,450.5
2026-09-05T18:54:06.000,pack_voltage_fine,450.5
2026-09-05T18:54:09.000,pack_voltage_fine,450.5
2026-09-05T18:54:12.000,pack_voltage_fine,450.5
2026-09-05T18:54:16.000,pack_voltage_fine,450.5
2026-09-05T18:54:19.000,pack_voltage_fine,450.5
2026-09-05T18:54:23.000,pack_voltage_fine,450.5
2026-09-05T18:54:26.000,pack_voltage_fine,450.5
2026-09-05T18:54:29.000,pack_voltage_fine,450.5
2026-09-05T18:54:32.000,pack_voltage_fine,450.5
2026-09-05T18:54:36.000,pack_voltage_fine,450.5
2026-09-05T18:54:39.000,pack_voltage_fine,450.5
2026-09-05T18:54:43.000,pack_voltage_fine,450.5
2026-09-05T18:54:46.000,pack_voltage_fine,450.5
2026-09-05T18:54:50.000,pack_voltage_fine,450.5
2026-09-05T18:54:54.000,pack_voltage_fine,450.5
2026-09-05T18:54:57.000,app_snapshot_charging,1.0
2026-09-05T18:54:57.000,app_snapshot_power_kw,
2026-09-05T18:54:57.000,pack_voltage_fine,450.4
2026-09-05T18:55:00.000,pack_voltage_fine,450.4
2026-09-05T18:55:04.000,pack_voltage_fine,450.4
2026-09-05T18:55:07.000,pack_voltage_fine,450.4
2026-09-05T18:55:11.000,pack_voltage_fine,450.4
2026-09-05T18:55:14.000,pack_voltage_fine,450.4
2026-09-05T18:55:18.000,pack_voltage_fine,450.4
2026-09-05T18:55:21.000,pack_voltage_fine,450.4
2026-09-05T18:55:24.000,pack_voltage_fine,450.4
2026-09-05T18:55:27.000,pack_voltage_fine,450.4
2026-09-05T18:55:31.000,pack_voltage_fine,450.4
2026-09-05T18:55:34.000,pack_voltage_fine,450.4
2026-09-05T18:55:38.000,pack_voltage_fine,450.4
2026-09-05T18:55:41.000,pack_voltage_fine,450.4
2026-09-05T18:55:42.000,pack_current,-6.5
2026-09-05T18:55:44.000,pack_voltage_fine,450.4
2026-09-05T18:55:48.000,pack_voltage_fine,450.4
2026-09-05T18:55:51.000,pack_voltage_fine,450.4
2026-09-05T18:55:55.000,pack_voltage_fine,450.4
2026-09-05T18:55:57.000,app_snapshot_charging,1.0
2026-09-05T18:55:57.000,app_snapshot_power_kw,
2026-09-05T18:56:03.000,pack_voltage_fine,450.4
2026-09-05T18:56:07.000,pack_voltage_fine,450.4
2026-09-05T18:56:10.000,pack_voltage_fine,450.4
2026-09-05T18:56:17.000,pack_voltage_fine,450.4
2026-09-05T18:56:20.000,pack_voltage_fine,450.4
2026-09-05T18:56:24.000,pack_voltage_fine,450.4
2026-09-05T18:56:29.000,pack_voltage_fine,450.4
2026-09-05T18:56:33.000,pack_voltage_fine,450.4
2026-09-05T18:56:37.000,pack_voltage_fine,450.6
2026-09-05T18:56:41.000,pack_voltage_fine,450.6
2026-09-05T18:56:48.000,pack_voltage_fine,450.6
2026-09-05T18:56:55.000,pack_voltage_fine,450.6
2026-09-05T18:56:57.000,app_snapshot_charging,1.0
2026-09-05T18:56:57.000,app_snapshot_power_kw,
2026-09-05T18:56:59.000,pack_voltage_fine,450.6
2026-09-05T18:57:02.000,pack_voltage_fine,450.6
2026-09-05T18:57:05.000,pack_voltage_fine,450.6
2026-09-05T18:57:09.000,pack_voltage_fine,450.6
2026-09-05T18:57:15.000,pack_voltage_fine,450.6
2026-09-05T18:57:19.000,pack_voltage_fine,450.6
2026-09-05T18:57:22.000,pack_voltage_fine,450.6
2026-09-05T18:57:25.000,pack_voltage_fine,450.6
2026-09-05T18:57:29.000,pack_voltage_fine,450.6
2026-09-05T18:57:32.000,pack_voltage_fine,450.6
2026-09-05T18:57:35.000,pack_voltage_fine,450.6
2026-09-05T18:57:39.000,pack_voltage_fine,450.5
2026-09-05T18:57:42.000,pack_voltage_fine,450.5
2026-09-05T18:57:45.000,pack_voltage_fine,450.5
2026-09-05T18:57:48.000,pack_voltage_fine,450.5
2026-09-05T18:57:52.000,pack_voltage_fine,450.5
2026-09-05T18:57:55.000,pack_voltage_fine,450.5
2026-09-05T18:57:57.000,app_snapshot_charging,1.0
2026-09-05T18:57:57.000,app_snapshot_power_kw,
2026-09-05T18:57:58.000,pack_voltage_fine,450.5
2026-09-05T18:58:02.000,pack_voltage_fine,450.5
2026-09-05T18:58:05.000,pack_voltage_fine,450.5
2026-09-05T18:58:09.000,pack_voltage_fine,450.5
2026-09-05T18:58:12.000,pack_voltage_fine,450.5
2026-09-05T18:58:15.000,pack_voltage_fine,450.5
2026-09-05T18:58:19.000,pack_voltage_fine,450.5
2026-09-05T18:58:22.000,pack_voltage_fine,450.5
2026-09-05T18:58:26.000,pack_voltage_fine,450.5
2026-09-05T18:58:29.000,pack_voltage_fine,450.5
2026-09-05T18:58:32.000,pack_voltage_fine,450.5
2026-09-05T18:58:36.000,pack_voltage_fine,450.5
2026-09-05T18:58:39.000,pack_voltage_fine,450.5
2026-09-05T18:58:42.000,pack_voltage_fine,450.6
2026-09-05T18:58:43.000,pack_current,-6.6
2026-09-05T18:58:45.000,pack_voltage_fine,450.7
2026-09-05T18:58:48.000,pack_voltage_fine,450.7
2026-09-05T18:58:52.000,pack_voltage_fine,450.5
2026-09-05T18:58:56.000,pack_voltage_fine,450.5
2026-09-05T18:58:57.000,app_snapshot_charging,1.0
2026-09-05T18:58:57.000,app_snapshot_power_kw,
2026-09-05T18:58:59.000,pack_voltage_fine,450.5
2026-09-05T18:59:02.000,pack_voltage_fine,450.6
2026-09-05T18:59:05.000,pack_voltage_fine,450.7
2026-09-05T18:59:09.000,pack_voltage_fine,450.7
2026-09-05T18:59:12.000,pack_voltage_fine,450.6
2026-09-05T18:59:15.000,pack_voltage_fine,450.6
2026-09-05T18:59:19.000,pack_voltage_fine,450.5
2026-09-05T18:59:22.000,pack_voltage_fine,450.7
2026-09-05T18:59:25.000,pack_voltage_fine,450.7
2026-09-05T18:59:28.000,pack_voltage_fine,450.7
2026-09-05T18:59:32.000,pack_voltage_fine,450.5
2026-09-05T18:59:36.000,pack_voltage_fine,450.5
2026-09-05T18:59:39.000,pack_voltage_fine,450.5
2026-09-05T18:59:43.000,pack_voltage_fine,450.7
2026-09-05T18:59:47.000,pack_voltage_fine,450.7
2026-09-05T18:59:50.000,pack_voltage_fine,450.7
2026-09-05T18:59:53.000,pack_voltage_fine,450.6
2026-09-05T18:59:57.000,app_snapshot_charging,1.0
2026-09-05T18:59:57.000,app_snapshot_power_kw,
2026-09-05T18:59:57.000,pack_voltage_fine,450.5
2026-09-05T19:00:01.000,pack_voltage_fine,450.5
2026-09-05T19:00:04.000,pack_voltage_fine,450.6
2026-09-05T19:00:07.000,pack_voltage_fine,450.7
2026-09-05T19:00:11.000,pack_voltage_fine,450.7
2026-09-05T19:00:15.000,pack_voltage_fine,450.7
2026-09-05T19:00:18.000,pack_voltage_fine,450.7
2026-09-05T19:00:21.000,pack_voltage_fine,450.5
2026-09-05T19:00:25.000,pack_voltage_fine,450.6
2026-09-05T19:00:29.000,pack_voltage_fine,450.6
2026-09-05T19:00:33.000,pack_voltage_fine,450.6
2026-09-05T19:00:36.000,pack_voltage_fine,450.7
2026-09-05T19:00:40.000,pack_voltage_fine,450.7
2026-09-05T19:00:44.000,pack_voltage_fine,450.7
2026-09-05T19:00:47.000,pack_voltage_fine,450.7
2026-09-05T19:00:50.000,pack_voltage_fine,450.6
2026-09-05T19:00:54.000,pack_voltage_fine,450.6
2026-09-05T19:00:57.000,app_snapshot_charging,1.0
2026-09-05T19:00:57.000,app_snapshot_power_kw,
2026-09-05T19:00:57.000,pack_voltage_fine,450.6
2026-09-05T19:01:01.000,pack_voltage_fine,450.7
2026-09-05T19:01:04.000,pack_voltage_fine,450.7
2026-09-05T19:01:07.000,pack_voltage_fine,450.6
2026-09-05T19:01:11.000,pack_voltage_fine,450.6
2026-09-05T19:01:14.000,pack_current,-6.5
2026-09-05T19:01:14.000,pack_voltage_fine,450.6
2026-09-05T19:01:18.000,pack_voltage_fine,450.6
2026-09-05T19:01:21.000,pack_voltage_fine,450.6
2026-09-05T19:01:25.000,pack_voltage_fine,450.6
2026-09-05T19:01:29.000,pack_voltage_fine,450.6
2026-09-05T19:01:33.000,pack_voltage_fine,450.6
2026-09-05T19:01:37.000,pack_voltage_fine,450.6
2026-09-05T19:01:41.000,pack_voltage_fine,450.6
2026-09-05T19:01:44.000,pack_voltage_fine,450.6
2026-09-05T19:01:48.000,pack_voltage,451.0
2026-09-05T19:01:48.000,pack_voltage_fine,450.6
2026-09-05T19:01:51.000,pack_voltage_fine,450.8
2026-09-05T19:01:55.000,pack_voltage_fine,450.8
2026-09-05T19:01:56.000,pack_voltage,451.0
2026-09-05T19:01:57.000,app_snapshot_charging,1.0
2026-09-05T19:01:57.000,app_snapshot_power_kw,2.925
2026-09-05T19:01:58.000,pack_voltage_fine,450.8
2026-09-05T19:02:02.000,pack_voltage,451.0
2026-09-05T19:02:03.000,pack_voltage_fine,450.6
2026-09-05T19:02:05.000,pack_voltage,451.0
2026-09-05T19:02:06.000,pack_voltage_fine,450.6
2026-09-05T19:02:09.000,pack_voltage,451.0
2026-09-05T19:02:09.000,pack_voltage_fine,450.7
2026-09-05T19:02:13.000,pack_voltage_fine,450.8
2026-09-05T19:02:15.000,pack_voltage,451.0
2026-09-05T19:02:16.000,pack_voltage_fine,450.8
2026-09-05T19:02:19.000,pack_voltage_fine,450.7
2026-09-05T19:02:21.000,pack_voltage,451.0
2026-09-05T19:02:23.000,pack_voltage_fine,450.6
2026-09-05T19:02:26.000,pack_voltage,451.0
2026-09-05T19:02:26.000,pack_voltage_fine,450.6
2026-09-05T19:02:29.000,pack_voltage_fine,450.8
2026-09-05T19:02:31.000,pack_voltage,451.0
2026-09-05T19:02:33.000,pack_voltage_fine,450.8
2026-09-05T19:02:35.000,pack_voltage,451.0
2026-09-05T19:02:36.000,pack_voltage_fine,450.8
2026-09-05T19:02:39.000,pack_voltage,451.0
2026-09-05T19:02:41.000,pack_voltage_fine,450.6
2026-09-05T19:02:42.000,pack_voltage,451.0
2026-09-05T19:02:44.000,pack_voltage_fine,450.6
2026-09-05T19:02:45.000,pack_voltage,451.0
2026-09-05T19:02:48.000,pack_voltage_fine,450.6
2026-09-05T19:02:49.000,pack_voltage,451.0
2026-09-05T19:02:51.000,pack_voltage_fine,450.7
2026-09-05T19:02:52.000,pack_voltage,451.0
2026-09-05T19:02:54.000,pack_voltage_fine,450.8
2026-09-05T19:02:56.000,pack_voltage,451.0
2026-09-05T19:02:57.000,app_snapshot_charging,1.0
2026-09-05T19:02:57.000,app_snapshot_power_kw,2.925
2026-09-05T19:02:57.000,pack_voltage_fine,450.8
2026-09-05T19:02:59.000,pack_voltage,451.0
2026-09-05T19:03:01.000,pack_voltage_fine,450.6
2026-09-05T19:03:02.000,pack_voltage,451.0
2026-09-05T19:03:05.000,pack_voltage_fine,450.6
2026-09-05T19:03:06.000,pack_voltage,451.0
2026-09-05T19:03:08.000,pack_voltage_fine,450.6
2026-09-05T19:03:09.000,pack_voltage,451.0
2026-09-05T19:03:12.000,pack_voltage,451.0
2026-09-05T19:03:12.000,pack_voltage_fine,450.8
2026-09-05T19:03:15.000,pack_current,-6.6
2026-09-05T19:03:15.000,pack_voltage,451.0
2026-09-05T19:03:15.000,pack_voltage_fine,450.8
2026-09-05T19:03:19.000,pack_voltage,451.0
2026-09-05T19:03:19.000,pack_voltage_fine,450.8
2026-09-05T19:03:22.000,pack_voltage,451.0
2026-09-05T19:03:22.000,pack_voltage_fine,450.8
2026-09-05T19:03:25.000,pack_voltage_fine,450.8
2026-09-05T19:03:26.000,pack_voltage,451.0
2026-09-05T19:03:29.000,pack_voltage,451.0
2026-09-05T19:03:29.000,pack_voltage_fine,450.8
2026-09-05T19:03:32.000,pack_voltage,451.0
2026-09-05T19:03:32.000,pack_voltage_fine,450.8
2026-09-05T19:03:35.000,pack_voltage,450.0
2026-09-05T19:03:35.000,pack_voltage_fine,450.8
2026-09-05T19:03:38.000,pack_voltage,451.0
2026-09-05T19:03:38.000,pack_voltage_fine,450.8
2026-09-05T19:03:42.000,pack_voltage,451.0
2026-09-05T19:03:42.000,pack_voltage_fine,450.8
2026-09-05T19:03:45.000,pack_current,-6.5
2026-09-05T19:03:45.000,pack_voltage,451.0
2026-09-05T19:03:45.000,pack_voltage_fine,450.8
2026-09-05T19:03:48.000,pack_voltage,451.0
2026-09-05T19:03:48.000,pack_voltage_fine,450.8
2026-09-05T19:03:51.000,pack_voltage_fine,450.8
2026-09-05T19:03:52.000,pack_voltage,451.0
2026-09-05T19:03:55.000,pack_voltage,451.0
2026-09-05T19:03:55.000,pack_voltage_fine,450.8
2026-09-05T19:03:57.000,app_snapshot_charging,1.0
2026-09-05T19:03:57.000,app_snapshot_power_kw,2.9315
2026-09-05T19:03:58.000,pack_voltage,451.0
2026-09-05T19:03:58.000,pack_voltage_fine,450.8
2026-09-05T19:04:01.000,pack_voltage,451.0
2026-09-05T19:04:01.000,pack_voltage_fine,450.8
2026-09-05T19:04:05.000,pack_voltage,451.0
2026-09-05T19:04:05.000,pack_voltage_fine,450.8
2026-09-05T19:04:08.000,pack_voltage,451.0
2026-09-05T19:04:08.000,pack_voltage_fine,450.8
2026-09-05T19:04:11.000,pack_voltage,451.0
2026-09-05T19:04:11.000,pack_voltage_fine,450.8
2026-09-05T19:04:14.000,pack_voltage,451.0
2026-09-05T19:04:14.000,pack_voltage_fine,450.8
2026-09-05T19:04:17.000,pack_voltage,451.0
2026-09-05T19:04:17.000,pack_voltage_fine,450.8
2026-09-05T19:04:20.000,pack_voltage_fine,450.8
2026-09-05T19:04:21.000,pack_voltage,451.0
2026-09-05T19:04:23.000,pack_voltage_fine,450.8
2026-09-05T19:04:24.000,pack_voltage,451.0
2026-09-05T19:04:27.000,pack_voltage,451.0
2026-09-05T19:04:27.000,pack_voltage_fine,450.8
2026-09-05T19:04:30.000,pack_voltage,451.0
2026-09-05T19:04:30.000,pack_voltage_fine,450.8
2026-09-05T19:04:33.000,pack_voltage,451.0
2026-09-05T19:04:33.000,pack_voltage_fine,450.8
2026-09-05T19:04:36.000,pack_voltage,451.0
2026-09-05T19:04:37.000,pack_voltage_fine,450.7
2026-09-05T19:04:39.000,pack_voltage,450.0
2026-09-05T19:04:40.000,pack_voltage_fine,450.7
2026-09-05T19:04:43.000,pack_voltage,451.0
2026-09-05T19:04:43.000,pack_voltage_fine,450.7
2026-09-05T19:04:46.000,pack_voltage,451.0
2026-09-05T19:04:46.000,pack_voltage_fine,450.7
2026-09-05T19:04:49.000,pack_voltage,451.0
2026-09-05T19:04:50.000,pack_voltage_fine,450.7
2026-09-05T19:04:52.000,pack_voltage,451.0
2026-09-05T19:04:53.000,pack_voltage_fine,450.7
2026-09-05T19:04:55.000,pack_voltage,451.0
2026-09-05T19:04:56.000,pack_voltage_fine,450.7
2026-09-05T19:04:57.000,app_snapshot_charging,1.0
2026-09-05T19:04:57.000,app_snapshot_power_kw,2.9315
2026-09-05T19:04:59.000,pack_voltage,451.0
2026-09-05T19:04:59.000,pack_voltage_fine,450.7
2026-09-05T19:05:02.000,pack_voltage,451.0
2026-09-05T19:05:03.000,pack_voltage_fine,450.7
2026-09-05T19:05:05.000,pack_voltage,451.0
2026-09-05T19:05:06.000,pack_voltage_fine,450.7
2026-09-05T19:05:08.000,pack_voltage,451.0
2026-09-05T19:05:09.000,pack_voltage_fine,450.7
2026-09-05T19:05:12.000,pack_voltage,451.0
2026-09-05T19:05:12.000,pack_voltage_fine,450.7
2026-09-05T19:05:15.000,pack_voltage,451.0
2026-09-05T19:05:15.000,pack_voltage_fine,450.7
2026-09-05T19:05:18.000,pack_voltage,451.0
2026-09-05T19:05:19.000,pack_voltage_fine,450.7
2026-09-05T19:05:21.000,pack_voltage,450.0
2026-09-05T19:05:22.000,pack_voltage_fine,450.7
2026-09-05T19:05:24.000,pack_voltage,450.0
2026-09-05T19:05:26.000,pack_voltage_fine,450.7
2026-09-05T19:05:28.000,pack_voltage,450.0
2026-09-05T19:05:29.000,pack_voltage_fine,450.7
2026-09-05T19:05:31.000,pack_voltage,450.0
2026-09-05T19:05:33.000,pack_voltage_fine,450.7
2026-09-05T19:05:35.000,pack_voltage,450.0
2026-09-05T19:05:37.000,pack_voltage_fine,450.7
2026-09-05T19:05:39.000,pack_voltage,450.0
2026-09-05T19:05:40.000,pack_voltage_fine,450.7
2026-09-05T19:05:42.000,pack_voltage,450.0
2026-09-05T19:05:44.000,pack_voltage_fine,450.9
2026-09-05T19:05:46.000,pack_current,-6.4
2026-09-05T19:05:46.000,pack_voltage,450.0
2026-09-05T19:05:48.000,pack_voltage_fine,450.7
2026-09-05T19:05:50.000,pack_voltage,450.0
2026-09-05T19:05:51.000,pack_voltage_fine,450.7
2026-09-05T19:05:53.000,pack_voltage,450.0
2026-09-05T19:05:55.000,pack_voltage_fine,450.7
2026-09-05T19:05:57.000,app_snapshot_charging,1.0
2026-09-05T19:05:57.000,app_snapshot_power_kw,2.88
2026-09-05T19:05:57.000,pack_voltage,450.0
2026-09-05T19:05:59.000,pack_voltage_fine,450.7
2026-09-05T19:06:01.000,pack_voltage,450.0
2026-09-05T19:06:02.000,pack_voltage_fine,450.9
2026-09-05T19:06:05.000,pack_voltage,450.0
2026-09-05T19:06:06.000,pack_voltage_fine,450.9
2026-09-05T19:06:08.000,pack_voltage,450.0
2026-09-05T19:06:09.000,pack_voltage_fine,450.8
2026-09-05T19:06:12.000,pack_voltage,450.0
2026-09-05T19:06:13.000,pack_voltage_fine,450.8
2026-09-05T19:06:16.000,pack_voltage,450.0
2026-09-05T19:06:16.000,pack_voltage_fine,450.8
2026-09-05T19:06:19.000,pack_voltage,450.0
2026-09-05T19:06:20.000,pack_voltage_fine,450.8
2026-09-05T19:06:22.000,pack_voltage,450.0
2026-09-05T19:06:23.000,pack_voltage_fine,450.8
2026-09-05T19:06:26.000,pack_voltage_fine,450.7
2026-09-05T19:06:29.000,pack_voltage_fine,450.8
2026-09-05T19:06:30.000,pack_voltage,450.0
2026-09-05T19:06:33.000,pack_voltage_fine,450.7
2026-09-05T19:06:37.000,pack_voltage_fine,450.7
2026-09-05T19:06:40.000,pack_voltage_fine,450.7
2026-09-05T19:06:44.000,pack_voltage_fine,450.7
2026-09-05T19:06:46.000,pack_current,-6.5
2026-09-05T19:06:47.000,pack_voltage_fine,450.8
2026-09-05T19:06:50.000,pack_voltage_fine,450.9
2026-09-05T19:06:53.000,pack_voltage_fine,450.9
2026-09-05T19:06:57.000,app_snapshot_charging,1.0
2026-09-05T19:06:57.000,app_snapshot_power_kw,2.9315
2026-09-05T19:06:58.000,pack_voltage_fine,450.7
2026-09-05T19:07:02.000,pack_voltage_fine,450.9
2026-09-05T19:07:05.000,pack_voltage_fine,450.9
2026-09-05T19:07:09.000,pack_voltage_fine,450.9
2026-09-05T19:07:12.000,pack_voltage_fine,450.9
2026-09-05T19:07:16.000,pack_current,-6.6
2026-09-05T19:07:16.000,pack_voltage_fine,450.9
2026-09-05T19:07:19.000,pack_voltage_fine,450.9
2026-09-05T19:07:22.000,pack_voltage_fine,450.9
2026-09-05T19:07:26.000,pack_voltage_fine,450.9
2026-09-05T19:07:29.000,pack_voltage_fine,450.9
2026-09-05T19:07:32.000,pack_voltage_fine,450.9
2026-09-05T19:07:36.000,pack_voltage_fine,450.9
2026-09-05T19:07:39.000,pack_voltage_fine,450.9
2026-09-05T19:07:42.000,pack_voltage_fine,450.9
2026-09-05T19:07:46.000,pack_current,-6.5
2026-09-05T19:07:46.000,pack_voltage_fine,450.9
2026-09-05T19:07:49.000,pack_voltage_fine,450.9
2026-09-05T19:07:53.000,pack_voltage_fine,450.9
2026-09-05T19:07:56.000,pack_voltage_fine,450.9
2026-09-05T19:07:57.000,app_snapshot_charging,1.0
2026-09-05T19:07:57.000,app_snapshot_power_kw,2.9315
2026-09-05T19:08:00.000,pack_voltage_fine,450.9
2026-09-05T19:08:03.000,pack_voltage_fine,450.9
2026-09-05T19:08:07.000,pack_voltage_fine,450.9
2026-09-05T19:08:10.000,pack_voltage_fine,450.9
2026-09-05T19:08:14.000,pack_voltage_fine,450.9
2026-09-05T19:08:17.000,pack_current,-6.6
2026-09-05T19:08:17.000,pack_voltage_fine,450.9
2026-09-05T19:08:21.000,pack_voltage_fine,450.9
2026-09-05T19:08:24.000,pack_voltage_fine,450.9
2026-09-05T19:08:28.000,pack_voltage_fine,450.9
2026-09-05T19:08:31.000,pack_voltage_fine,450.9
2026-09-05T19:08:34.000,pack_voltage_fine,450.8
2026-09-05T19:08:38.000,pack_voltage_fine,450.8
2026-09-05T19:08:41.000,pack_voltage_fine,450.8
2026-09-05T19:08:45.000,pack_voltage_fine,450.8
2026-09-05T19:08:49.000,pack_voltage_fine,450.8
2026-09-05T19:08:53.000,pack_voltage_fine,450.8
2026-09-05T19:08:56.000,pack_voltage_fine,450.8
2026-09-05T19:08:57.000,app_snapshot_charging,1.0
2026-09-05T19:08:57.000,app_snapshot_power_kw,
2026-09-05T19:09:00.000,pack_voltage_fine,450.8
2026-09-05T19:09:04.000,pack_voltage_fine,450.8
2026-09-05T19:09:08.000,pack_voltage_fine,450.8
2026-09-05T19:09:11.000,pack_voltage_fine,450.8
2026-09-05T19:09:15.000,pack_voltage_fine,450.8
2026-09-05T19:09:19.000,pack_voltage_fine,450.8
2026-09-05T19:09:22.000,pack_voltage_fine,450.8
2026-09-05T19:09:26.000,pack_voltage_fine,450.8
2026-09-05T19:09:30.000,pack_voltage_fine,450.8
2026-09-05T19:09:33.000,pack_voltage_fine,450.8
2026-09-05T19:09:37.000,pack_voltage_fine,450.8
2026-09-05T19:09:41.000,pack_voltage_fine,450.8
2026-09-05T19:09:45.000,pack_voltage_fine,450.8
2026-09-05T19:09:48.000,pack_voltage_fine,450.8
2026-09-05T19:09:52.000,pack_voltage_fine,450.8
2026-09-05T19:09:56.000,pack_voltage_fine,450.8
2026-09-05T19:09:57.000,app_snapshot_charging,1.0
2026-09-05T19:09:57.000,app_snapshot_power_kw,
2026-09-05T19:09:59.000,pack_voltage_fine,450.8
2026-09-05T19:10:03.000,pack_voltage_fine,450.8
2026-09-05T19:10:06.000,pack_voltage_fine,450.8
2026-09-05T19:10:09.000,pack_voltage_fine,450.8
2026-09-05T19:10:13.000,pack_voltage_fine,450.9
2026-09-05T19:10:16.000,pack_voltage_fine,451.0
2026-09-05T19:10:20.000,pack_voltage_fine,450.8
2026-09-05T19:10:24.000,pack_voltage_fine,450.8
2026-09-05T19:10:27.000,pack_voltage_fine,450.8
2026-09-05T19:10:31.000,pack_voltage_fine,450.8
2026-09-05T19:10:34.000,pack_voltage_fine,450.9
2026-09-05T19:10:37.000,pack_voltage_fine,451.0
2026-09-05T19:10:40.000,pack_voltage_fine,451.0
2026-09-05T19:10:44.000,pack_voltage_fine,451.0
2026-09-05T19:10:48.000,pack_voltage_fine,450.8
2026-09-05T19:10:52.000,pack_voltage_fine,450.9
2026-09-05T19:10:55.000,pack_voltage_fine,451.0
2026-09-05T19:10:57.000,app_snapshot_charging,1.0
2026-09-05T19:10:57.000,app_snapshot_power_kw,
2026-09-05T19:10:58.000,pack_voltage_fine,451.0
2026-09-05T19:11:03.000,pack_voltage_fine,450.8
2026-09-05T19:11:06.000,pack_voltage_fine,450.8
2026-09-05T19:11:10.000,pack_voltage_fine,450.8
2026-09-05T19:11:13.000,pack_voltage_fine,450.9
2026-09-05T19:11:16.000,pack_voltage_fine,451.0
2026-09-05T19:11:18.000,pack_current,-6.5
2026-09-05T19:11:19.000,pack_voltage_fine,451.0
2026-09-05T19:11:23.000,pack_voltage_fine,451.0
2026-09-05T19:11:26.000,pack_voltage_fine,451.0
2026-09-05T19:11:30.000,pack_voltage_fine,450.8
2026-09-05T19:11:34.000,pack_voltage_fine,451.0
2026-09-05T19:11:38.000,pack_voltage_fine,451.0
2026-09-05T19:11:41.000,pack_voltage_fine,451.0
2026-09-05T19:11:44.000,pack_voltage_fine,451.0
2026-09-05T19:11:47.000,pack_voltage_fine,451.0
2026-09-05T19:11:50.000,pack_voltage_fine,451.0
2026-09-05T19:11:53.000,pack_voltage_fine,451.0
2026-09-05T19:11:56.000,pack_voltage_fine,451.0
2026-09-05T19:11:57.000,app_snapshot_charging,1.0
2026-09-05T19:11:57.000,app_snapshot_power_kw,
2026-09-05T19:12:00.000,pack_voltage_fine,451.0
2026-09-05T19:12:03.000,pack_voltage_fine,451.0
2026-09-05T19:12:06.000,pack_voltage_fine,451.0
2026-09-05T19:12:09.000,pack_voltage_fine,450.9
2026-09-05T19:12:12.000,pack_voltage_fine,450.9
2026-09-05T19:12:16.000,pack_voltage_fine,450.8
2026-09-05T19:12:19.000,pack_voltage_fine,450.8
2026-09-05T19:12:22.000,pack_voltage_fine,451.0
2026-09-05T19:12:26.000,pack_voltage_fine,451.0
2026-09-05T19:12:29.000,pack_voltage_fine,451.0
2026-09-05T19:12:32.000,pack_voltage_fine,451.0
2026-09-05T19:12:35.000,pack_voltage_fine,451.0
2026-09-05T19:12:39.000,pack_voltage_fine,450.9
2026-09-05T19:12:42.000,pack_voltage_fine,450.9
2026-09-05T19:12:45.000,pack_voltage_fine,450.9
2026-09-05T19:12:48.000,pack_current,-6.4
2026-09-05T19:12:48.000,pack_voltage_fine,450.9
2026-09-05T19:12:51.000,pack_voltage_fine,450.8
2026-09-05T19:12:54.000,pack_voltage_fine,450.8
2026-09-05T19:12:57.000,app_snapshot_charging,1.0
2026-09-05T19:12:57.000,app_snapshot_power_kw,
2026-09-05T19:12:58.000,pack_voltage_fine,451.0
2026-09-05T19:13:01.000,pack_voltage_fine,451.0
2026-09-05T19:13:04.000,pack_voltage_fine,451.0
2026-09-05T19:13:08.000,pack_voltage_fine,451.0
2026-09-05T19:13:11.000,pack_voltage_fine,451.0
2026-09-05T19:13:14.000,pack_voltage_fine,451.0
2026-09-05T19:13:17.000,pack_voltage_fine,451.0
2026-09-05T19:13:20.000,pack_voltage_fine,451.0
2026-09-05T19:13:23.000,pack_voltage_fine,451.0
2026-09-05T19:13:27.000,pack_voltage_fine,451.0
2026-09-05T19:13:30.000,pack_voltage_fine,451.0
2026-09-05T19:13:33.000,pack_voltage_fine,451.0
2026-09-05T19:13:36.000,pack_voltage_fine,451.0
2026-09-05T19:13:40.000,pack_voltage_fine,451.0
2026-09-05T19:13:43.000,pack_voltage_fine,451.0
2026-09-05T19:13:47.000,pack_voltage_fine,451.0
2026-09-05T19:13:49.000,pack_current,-6.5
2026-09-05T19:13:50.000,pack_voltage_fine,451.0
2026-09-05T19:13:54.000,pack_voltage_fine,451.0
2026-09-05T19:13:57.000,pack_voltage_fine,451.0
2026-09-05T19:13:58.000,app_snapshot_charging,1.0
2026-09-05T19:13:58.000,app_snapshot_power_kw,
2026-09-05T19:14:00.000,pack_voltage_fine,451.0
2026-09-05T19:14:03.000,pack_voltage_fine,451.0
2026-09-05T19:14:07.000,pack_voltage_fine,451.0
2026-09-05T19:14:11.000,pack_voltage_fine,451.0
2026-09-05T19:14:14.000,pack_voltage_fine,451.0
2026-09-05T19:14:18.000,pack_voltage_fine,451.0
2026-09-05T19:14:21.000,pack_voltage_fine,451.0
2026-09-05T19:14:25.000,pack_voltage_fine,451.0
2026-09-05T19:14:28.000,pack_voltage_fine,450.9
2026-09-05T19:14:32.000,pack_voltage_fine,450.9
2026-09-05T19:14:35.000,pack_voltage_fine,451.0
2026-09-05T19:14:39.000,pack_voltage_fine,451.0
2026-09-05T19:14:43.000,pack_voltage_fine,451.0
2026-09-05T19:14:47.000,pack_voltage_fine,451.0
2026-09-05T19:14:49.000,pack_current,-6.4
2026-09-05T19:14:50.000,pack_voltage_fine,450.8
2026-09-05T19:14:54.000,pack_voltage_fine,450.8
2026-09-05T19:14:57.000,pack_voltage_fine,451.0
2026-09-05T19:14:58.000,app_snapshot_charging,1.0
2026-09-05T19:14:58.000,app_snapshot_power_kw,
2026-09-05T19:15:00.000,pack_voltage_fine,450.9
2026-09-05T19:15:03.000,pack_voltage_fine,450.9
2026-09-05T19:15:06.000,pack_voltage_fine,451.0
2026-09-05T19:15:10.000,pack_voltage_fine,451.0
2026-09-05T19:15:13.000,pack_voltage_fine,450.9
2026-09-05T19:15:16.000,pack_voltage_fine,451.0
2026-09-05T19:15:19.000,pack_current,-6.3
2026-09-05T19:15:19.000,pack_voltage_fine,451.0
2026-09-05T19:15:23.000,pack_voltage_fine,451.0
2026-09-05T19:15:26.000,pack_voltage_fine,450.9
2026-09-05T19:15:30.000,pack_voltage_fine,450.9
2026-09-05T19:15:34.000,pack_voltage_fine,450.9
2026-09-05T19:15:38.000,pack_voltage_fine,450.9
2026-09-05T19:15:41.000,pack_voltage_fine,450.9
2026-09-05T19:15:45.000,pack_voltage_fine,450.9
2026-09-05T19:15:49.000,pack_current,-6.5
2026-09-05T19:15:49.000,pack_voltage_fine,450.9
2026-09-05T19:15:53.000,pack_voltage_fine,450.9
2026-09-05T19:15:56.000,pack_voltage_fine,450.9
2026-09-05T19:15:58.000,app_snapshot_charging,1.0
2026-09-05T19:15:58.000,app_snapshot_power_kw,
2026-09-05T19:16:00.000,pack_voltage_fine,450.9
2026-09-05T19:16:04.000,pack_voltage_fine,450.9
2026-09-05T19:16:08.000,pack_voltage_fine,450.9
2026-09-05T19:16:11.000,pack_voltage_fine,450.9
2026-09-05T19:16:15.000,pack_voltage_fine,450.9
2026-09-05T19:16:19.000,pack_voltage_fine,450.9
2026-09-05T19:16:22.000,pack_voltage_fine,450.9
2026-09-05T19:16:26.000,pack_voltage_fine,450.9
2026-09-05T19:16:30.000,pack_voltage_fine,450.9
2026-09-05T19:16:33.000,pack_voltage_fine,450.9
2026-09-05T19:16:36.000,pack_voltage_fine,450.9
2026-09-05T19:16:40.000,pack_voltage_fine,450.9
2026-09-05T19:16:43.000,pack_voltage_fine,450.9
2026-09-05T19:16:47.000,pack_voltage_fine,450.9
2026-09-05T19:16:50.000,pack_current,-6.6
2026-09-05T19:16:50.000,pack_voltage_fine,450.9
2026-09-05T19:16:54.000,pack_voltage_fine,450.9
2026-09-05T19:16:57.000,pack_voltage_fine,450.9
2026-09-05T19:16:58.000,app_snapshot_charging,1.0
2026-09-05T19:16:58.000,app_snapshot_power_kw,
2026-09-05T19:17:00.000,pack_voltage_fine,450.9
2026-09-05T19:17:04.000,pack_voltage_fine,450.9
2026-09-05T19:17:07.000,pack_voltage_fine,450.9
2026-09-05T19:17:15.000,pack_voltage_fine,450.9
2026-09-05T19:17:18.000,pack_voltage_fine,450.9
2026-09-05T19:17:20.000,pack_current,-6.5
2026-09-05T19:17:22.000,pack_voltage_fine,450.9
2026-09-05T19:17:25.000,pack_voltage_fine,450.9
2026-09-05T19:17:30.000,pack_voltage_fine,450.9
2026-09-05T19:17:40.000,pack_voltage_fine,450.9
2026-09-05T19:17:44.000,pack_voltage_fine,450.9
2026-09-05T19:17:47.000,pack_voltage_fine,450.9
2026-09-05T19:17:58.000,app_snapshot_charging,1.0
2026-09-05T19:17:58.000,app_snapshot_power_kw,
2026-09-05T19:18:03.000,pack_voltage_fine,450.9
2026-09-05T19:18:06.000,pack_voltage_fine,450.9
2026-09-05T19:18:09.000,pack_voltage_fine,450.9
2026-09-05T19:18:16.000,pack_voltage_fine,451.1
2026-09-05T19:18:19.000,pack_voltage_fine,451.1
2026-09-05T19:18:20.000,pack_current,-6.6
2026-09-05T19:18:35.000,pack_voltage_fine,451.1
2026-09-05T19:18:38.000,pack_voltage_fine,451.1
2026-09-05T19:18:42.000,pack_voltage_fine,451.1
2026-09-05T19:18:45.000,pack_voltage_fine,451.1
2026-09-05T19:18:49.000,pack_voltage_fine,450.9
2026-09-05T19:18:55.000,pack_voltage_fine,451.1
2026-09-05T19:18:58.000,app_snapshot_charging,1.0
2026-09-05T19:18:58.000,app_snapshot_power_kw,
2026-09-05T19:18:58.000,pack_voltage_fine,451.1
2026-09-05T19:19:01.000,pack_voltage_fine,451.1
2026-09-05T19:19:10.000,pack_voltage_fine,450.9
2026-09-05T19:19:15.000,pack_voltage_fine,451.1
2026-09-05T19:19:18.000,pack_voltage_fine,451.1
2026-09-05T19:19:20.000,pack_current,-6.5
2026-09-05T19:19:23.000,pack_voltage_fine,451.1
2026-09-05T19:19:31.000,pack_voltage_fine,451.1
2026-09-05T19:19:34.000,pack_voltage_fine,451.1
2026-09-05T19:19:38.000,pack_voltage_fine,451.1
2026-09-05T19:19:41.000,pack_voltage_fine,451.1
2026-09-05T19:19:44.000,pack_voltage_fine,451.1
2026-09-05T19:19:51.000,pack_voltage_fine,451.1
2026-09-05T19:19:54.000,pack_voltage_fine,451.1
2026-09-05T19:19:57.000,pack_voltage_fine,451.1
2026-09-05T19:19:58.000,app_snapshot_charging,1.0
2026-09-05T19:19:58.000,app_snapshot_power_kw,
2026-09-05T19:20:00.000,pack_voltage_fine,451.1
2026-09-05T19:20:04.000,pack_voltage_fine,451.1
2026-09-05T19:20:07.000,pack_voltage_fine,451.1
2026-09-05T19:20:11.000,pack_voltage_fine,451.1
2026-09-05T19:20:14.000,pack_voltage_fine,451.1
2026-09-05T19:20:17.000,pack_voltage_fine,451.1
2026-09-05T19:20:21.000,pack_voltage_fine,451.1
2026-09-05T19:20:25.000,pack_voltage_fine,451.1
2026-09-05T19:20:28.000,pack_voltage_fine,451.1
2026-09-05T19:20:32.000,pack_voltage_fine,451.1
2026-09-05T19:20:39.000,pack_voltage_fine,451.1
2026-09-05T19:20:42.000,pack_voltage_fine,451.1
2026-09-05T19:20:45.000,pack_voltage_fine,451.1
2026-09-05T19:20:49.000,pack_voltage_fine,451.1
2026-09-05T19:20:53.000,pack_voltage_fine,451.1
2026-09-05T19:20:57.000,pack_voltage_fine,451.1
2026-09-05T19:20:58.000,app_snapshot_charging,1.0
2026-09-05T19:20:58.000,app_snapshot_power_kw,
2026-09-05T19:21:00.000,pack_voltage_fine,451.1
2026-09-05T19:21:04.000,pack_voltage_fine,451.1
2026-09-05T19:21:07.000,pack_voltage_fine,451.1
2026-09-05T19:21:12.000,pack_voltage_fine,451.1
2026-09-05T19:21:15.000,pack_voltage_fine,451.1
2026-09-05T19:21:19.000,pack_voltage_fine,451.1
2026-09-05T19:21:21.000,pack_current,-6.6
2026-09-05T19:21:23.000,pack_voltage_fine,451.1
2026-09-05T19:21:26.000,pack_voltage_fine,451.1
2026-09-05T19:21:30.000,pack_voltage_fine,451.1
2026-09-05T19:21:34.000,pack_voltage_fine,451.1
2026-09-05T19:21:37.000,pack_voltage_fine,451.1
2026-09-05T19:21:41.000,pack_voltage_fine,451.1
2026-09-05T19:21:45.000,pack_voltage_fine,451.1
2026-09-05T19:21:48.000,pack_voltage_fine,451.1
2026-09-05T19:21:52.000,pack_voltage_fine,451.1
2026-09-05T19:21:56.000,pack_voltage_fine,451.1
2026-09-05T19:21:58.000,app_snapshot_charging,1.0
2026-09-05T19:21:58.000,app_snapshot_power_kw,
2026-09-05T19:21:59.000,pack_voltage_fine,451.1
2026-09-05T19:22:03.000,pack_voltage_fine,451.1
2026-09-05T19:22:06.000,pack_voltage_fine,451.1
2026-09-05T19:22:10.000,pack_voltage_fine,451.1
2026-09-05T19:22:14.000,pack_voltage_fine,451.1
2026-09-05T19:22:17.000,pack_voltage_fine,451.1
2026-09-05T19:22:21.000,pack_voltage_fine,451.1
2026-09-05T19:22:24.000,pack_voltage_fine,451.1
2026-09-05T19:22:28.000,pack_voltage_fine,451.1
2026-09-05T19:22:31.000,pack_voltage_fine,451.1
2026-09-05T19:22:35.000,pack_voltage_fine,451.1
2026-09-05T19:22:39.000,pack_voltage_fine,451.1
2026-09-05T19:22:42.000,pack_voltage_fine,451.1
2026-09-05T19:22:46.000,pack_voltage_fine,451.1
2026-09-05T19:22:49.000,pack_voltage_fine,451.1
2026-09-05T19:22:53.000,pack_voltage_fine,451.1
2026-09-05T19:22:57.000,pack_voltage_fine,451.1
2026-09-05T19:22:58.000,app_snapshot_charging,1.0
2026-09-05T19:22:58.000,app_snapshot_power_kw,
2026-09-05T19:23:00.000,pack_voltage_fine,451.1
2026-09-05T19:23:04.000,pack_voltage_fine,451.1
2026-09-05T19:23:07.000,pack_voltage_fine,451.1
2026-09-05T19:23:11.000,pack_voltage_fine,451.1
2026-09-05T19:23:15.000,pack_voltage_fine,451.1
2026-09-05T19:23:18.000,pack_voltage_fine,451.1
2026-09-05T19:23:22.000,pack_voltage_fine,451.1
2026-09-05T19:23:25.000,pack_voltage_fine,451.1
2026-09-05T19:23:29.000,pack_voltage_fine,451.1
2026-09-05T19:23:32.000,pack_voltage_fine,451.1
2026-09-05T19:23:35.000,pack_voltage_fine,451.1
2026-09-05T19:23:39.000,pack_voltage_fine,451.1
2026-09-05T19:23:42.000,pack_voltage_fine,451.1
2026-09-05T19:23:45.000,pack_voltage_fine,451.1
2026-09-05T19:23:48.000,pack_voltage_fine,451.1
2026-09-05T19:23:52.000,pack_voltage_fine,451.1
2026-09-05T19:23:55.000,pack_voltage_fine,451.1
2026-09-05T19:23:58.000,app_snapshot_charging,1.0
2026-09-05T19:23:58.000,app_snapshot_power_kw,
2026-09-05T19:23:58.000,pack_voltage_fine,451.1
2026-09-05T19:24:01.000,pack_voltage_fine,451.1
2026-09-05T19:24:04.000,pack_voltage_fine,451.1
2026-09-05T19:24:07.000,pack_voltage_fine,451.1
2026-09-05T19:24:10.000,pack_voltage_fine,451.1
2026-09-05T19:24:13.000,pack_voltage_fine,451.1
2026-09-05T19:24:17.000,pack_voltage_fine,451.1
2026-09-05T19:24:20.000,pack_voltage_fine,451.1
2026-09-05T19:24:23.000,pack_voltage_fine,451.1
2026-09-05T19:24:26.000,pack_voltage_fine,451.1
2026-09-05T19:24:30.000,pack_voltage_fine,451.0
2026-09-05T19:24:33.000,pack_voltage_fine,451.0
2026-09-05T19:24:36.000,pack_voltage_fine,451.0
2026-09-05T19:24:40.000,pack_voltage_fine,451.0
2026-09-05T19:24:43.000,pack_voltage_fine,451.0
2026-09-05T19:24:47.000,pack_voltage_fine,451.0
2026-09-05T19:24:50.000,pack_voltage_fine,451.0
2026-09-05T19:24:54.000,pack_voltage_fine,451.0
2026-09-05T19:24:57.000,pack_voltage_fine,451.0
2026-09-05T19:24:58.000,app_snapshot_charging,1.0
2026-09-05T19:24:58.000,app_snapshot_power_kw,
2026-09-05T19:25:00.000,pack_voltage_fine,451.0
2026-09-05T19:25:04.000,pack_voltage_fine,451.0
2026-09-05T19:25:07.000,pack_voltage_fine,451.0
2026-09-05T19:25:11.000,pack_voltage_fine,451.0
2026-09-05T19:25:14.000,pack_voltage_fine,451.0
2026-09-05T19:25:18.000,pack_voltage_fine,451.0
2026-09-05T19:25:21.000,pack_voltage_fine,451.0
2026-09-05T19:25:24.000,pack_voltage_fine,451.0
2026-09-05T19:25:27.000,pack_voltage_fine,451.0
2026-09-05T19:25:31.000,pack_voltage_fine,451.0
2026-09-05T19:25:34.000,pack_voltage_fine,451.0
2026-09-05T19:25:37.000,pack_voltage_fine,451.0
2026-09-05T19:25:40.000,pack_voltage_fine,451.0
2026-09-05T19:25:44.000,pack_voltage_fine,451.0
2026-09-05T19:25:47.000,pack_voltage_fine,451.0
2026-09-05T19:25:51.000,pack_voltage_fine,451.0
2026-09-05T19:25:54.000,pack_voltage_fine,451.0
2026-09-05T19:25:57.000,pack_voltage_fine,451.0
2026-09-05T19:25:58.000,app_snapshot_charging,1.0
2026-09-05T19:25:58.000,app_snapshot_power_kw,
2026-09-05T19:26:00.000,pack_voltage_fine,451.0
2026-09-05T19:26:04.000,pack_voltage_fine,451.0
2026-09-05T19:26:07.000,pack_voltage_fine,451.0
2026-09-05T19:26:11.000,pack_voltage_fine,451.0
2026-09-05T19:26:15.000,pack_voltage_fine,451.0
2026-09-05T19:26:18.000,pack_voltage_fine,451.2
2026-09-05T19:26:22.000,pack_voltage_fine,451.2
2026-09-05T19:26:23.000,pack_current,-6.5
2026-09-05T19:26:25.000,pack_voltage_fine,451.1
2026-09-05T19:26:29.000,pack_voltage_fine,451.1
2026-09-05T19:26:32.000,pack_voltage_fine,451.1
2026-09-05T19:26:36.000,pack_voltage_fine,451.1
2026-09-05T19:26:39.000,pack_voltage_fine,451.0
2026-09-05T19:26:42.000,pack_voltage_fine,451.0
2026-09-05T19:26:46.000,pack_voltage_fine,451.0
2026-09-05T19:26:49.000,pack_voltage_fine,451.1
2026-09-05T19:26:52.000,pack_voltage_fine,451.1
2026-09-05T19:26:56.000,pack_voltage_fine,451.1
2026-09-05T19:26:58.000,app_snapshot_charging,1.0
2026-09-05T19:26:58.000,app_snapshot_power_kw,
2026-09-05T19:26:59.000,pack_voltage_fine,451.1
2026-09-05T19:27:03.000,pack_voltage_fine,451.1
2026-09-05T19:27:06.000,pack_voltage_fine,451.1
2026-09-05T19:27:10.000,pack_voltage_fine,451.1
2026-09-05T19:27:13.000,pack_voltage_fine,451.1
2026-09-05T19:27:16.000,pack_voltage_fine,451.1
2026-09-05T19:27:19.000,pack_voltage_fine,451.1
2026-09-05T19:27:22.000,pack_voltage_fine,451.0
2026-09-05T19:27:26.000,pack_voltage_fine,451.0
2026-09-05T19:27:29.000,pack_voltage_fine,451.0
2026-09-05T19:27:33.000,pack_voltage_fine,451.0
2026-09-05T19:27:36.000,pack_voltage_fine,451.0
2026-09-05T19:27:40.000,pack_voltage_fine,451.0
2026-09-05T19:27:43.000,pack_voltage_fine,451.1
2026-09-05T19:27:46.000,pack_voltage_fine,451.0
2026-09-05T19:27:50.000,pack_voltage_fine,451.0
2026-09-05T19:27:53.000,pack_voltage_fine,451.0
2026-09-05T19:27:56.000,pack_voltage_fine,451.0
2026-09-05T19:27:58.000,app_snapshot_charging,1.0
2026-09-05T19:27:58.000,app_snapshot_power_kw,
2026-09-05T19:28:00.000,pack_voltage_fine,451.0
2026-09-05T19:28:03.000,pack_voltage_fine,451.0
2026-09-05T19:28:06.000,pack_voltage_fine,451.0
2026-09-05T19:28:10.000,pack_voltage_fine,451.0
2026-09-05T19:28:13.000,pack_voltage_fine,451.0
2026-09-05T19:28:17.000,pack_voltage_fine,451.0
2026-09-05T19:28:20.000,pack_voltage_fine,451.1
2026-09-05T19:28:23.000,pack_voltage_fine,451.2
2026-09-05T19:28:27.000,pack_voltage_fine,451.2
2026-09-05T19:28:31.000,pack_voltage_fine,451.0
2026-09-05T19:28:34.000,pack_voltage_fine,451.0
2026-09-05T19:28:37.000,pack_voltage_fine,451.0
2026-09-05T19:28:40.000,pack_voltage_fine,451.1
2026-09-05T19:28:43.000,pack_voltage_fine,451.2
2026-09-05T19:28:47.000,pack_voltage_fine,451.2
2026-09-05T19:28:51.000,pack_voltage_fine,451.0
2026-09-05T19:28:54.000,pack_voltage_fine,451.0
2026-09-05T19:28:58.000,app_snapshot_charging,1.0
2026-09-05T19:28:58.000,app_snapshot_power_kw,
2026-09-05T19:28:58.000,pack_voltage_fine,451.0
2026-09-05T19:29:01.000,pack_voltage_fine,451.1
2026-09-05T19:29:04.000,pack_voltage_fine,451.1
2026-09-05T19:29:07.000,pack_voltage_fine,451.0
2026-09-05T19:29:11.000,pack_voltage_fine,451.0
2026-09-05T19:29:15.000,pack_voltage_fine,451.0
2026-09-05T19:29:19.000,pack_voltage_fine,451.0
2026-09-05T19:29:22.000,pack_voltage_fine,451.2
2026-09-05T19:29:25.000,pack_voltage_fine,451.1
2026-09-05T19:29:28.000,pack_voltage_fine,451.1
2026-09-05T19:29:32.000,pack_voltage_fine,451.0
2026-09-05T19:29:36.000,pack_voltage_fine,451.2
2026-09-05T19:29:39.000,pack_voltage_fine,451.1
2026-09-05T19:29:42.000,pack_voltage_fine,451.0
2026-09-05T19:29:46.000,pack_voltage_fine,451.0
2026-09-05T19:29:49.000,pack_voltage_fine,451.2
2026-09-05T19:29:53.000,pack_voltage_fine,451.0
2026-09-05T19:29:57.000,pack_voltage_fine,451.0
2026-09-05T19:29:58.000,app_snapshot_charging,1.0
2026-09-05T19:29:58.000,app_snapshot_power_kw,
2026-09-05T19:30:00.000,pack_voltage_fine,451.0
2026-09-05T19:30:03.000,pack_voltage_fine,451.1
2026-09-05T19:30:06.000,pack_voltage_fine,451.2
2026-09-05T19:30:10.000,pack_voltage_fine,451.2
2026-09-05T19:30:14.000,pack_voltage_fine,451.0
2026-09-05T19:30:18.000,pack_voltage_fine,451.0
2026-09-05T19:30:21.000,pack_voltage_fine,451.0
2026-09-05T19:30:25.000,pack_voltage_fine,451.2
2026-09-05T19:30:28.000,pack_voltage_fine,451.0
2026-09-05T19:30:31.000,pack_voltage_fine,451.1
2026-09-05T19:30:34.000,pack_voltage_fine,451.2
2026-09-05T19:30:37.000,pack_voltage_fine,451.1
2026-09-05T19:30:41.000,pack_voltage_fine,451.0
2026-09-05T19:30:44.000,pack_voltage_fine,451.1
2026-09-05T19:30:47.000,pack_voltage_fine,451.2
2026-09-05T19:30:50.000,pack_voltage_fine,451.1
2026-09-05T19:30:54.000,pack_voltage_fine,451.0
2026-09-05T19:30:57.000,pack_voltage_fine,451.1
2026-09-05T19:30:58.000,app_snapshot_charging,1.0
2026-09-05T19:30:58.000,app_snapshot_power_kw,
2026-09-05T19:31:01.000,pack_voltage_fine,451.2
2026-09-05T19:31:04.000,pack_voltage_fine,451.0
2026-09-05T19:31:07.000,pack_voltage_fine,451.1
2026-09-05T19:31:10.000,pack_voltage_fine,451.2
2026-09-05T19:31:13.000,pack_voltage_fine,451.0
2026-09-05T19:31:16.000,pack_voltage_fine,451.0
2026-09-05T19:31:19.000,pack_voltage_fine,451.2
2026-09-05T19:31:23.000,pack_voltage_fine,451.2
2026-09-05T19:31:26.000,pack_voltage_fine,451.2
2026-09-05T19:31:29.000,pack_voltage_fine,451.2
2026-09-05T19:31:33.000,pack_voltage_fine,451.2
2026-09-05T19:31:36.000,pack_voltage_fine,451.2
2026-09-05T19:31:40.000,pack_voltage_fine,451.2
2026-09-05T19:31:43.000,pack_voltage_fine,451.2
2026-09-05T19:31:46.000,pack_voltage_fine,451.2
2026-09-05T19:31:50.000,pack_voltage_fine,451.2
2026-09-05T19:31:53.000,pack_voltage_fine,451.2
2026-09-05T19:31:57.000,pack_voltage_fine,451.2
2026-09-05T19:31:58.000,app_snapshot_charging,1.0
2026-09-05T19:31:58.000,app_snapshot_power_kw,
2026-09-05T19:32:00.000,pack_voltage_fine,451.1
2026-09-05T19:32:03.000,pack_voltage_fine,451.0
2026-09-05T19:32:06.000,pack_voltage_fine,451.0
2026-09-05T19:32:09.000,pack_voltage_fine,451.1
2026-09-05T19:32:12.000,pack_voltage_fine,451.2
2026-09-05T19:32:15.000,pack_voltage_fine,451.2
2026-09-05T19:32:19.000,pack_voltage_fine,451.2
2026-09-05T19:32:23.000,pack_voltage_fine,451.0
2026-09-05T19:32:26.000,pack_voltage_fine,451.0
2026-09-05T19:32:30.000,pack_voltage_fine,451.0
2026-09-05T19:32:33.000,pack_voltage_fine,451.2
2026-09-05T19:32:37.000,pack_voltage_fine,451.2
2026-09-05T19:32:40.000,pack_voltage_fine,451.2
2026-09-05T19:32:43.000,pack_voltage_fine,451.2
2026-09-05T19:32:46.000,pack_voltage_fine,451.2
2026-09-05T19:32:49.000,pack_voltage_fine,451.2
2026-09-05T19:32:52.000,pack_voltage_fine,451.2
2026-09-05T19:32:55.000,pack_voltage_fine,451.2
2026-09-05T19:32:58.000,app_snapshot_charging,1.0
2026-09-05T19:32:58.000,app_snapshot_power_kw,
2026-09-05T19:32:59.000,pack_voltage_fine,451.2
2026-09-05T19:33:02.000,pack_voltage_fine,451.2
2026-09-05T19:33:06.000,pack_voltage_fine,451.2
2026-09-05T19:33:09.000,pack_voltage_fine,451.2
2026-09-05T19:33:13.000,pack_voltage_fine,451.2
2026-09-05T19:33:16.000,pack_voltage_fine,451.2
2026-09-05T19:33:19.000,pack_voltage_fine,451.2
2026-09-05T19:33:23.000,pack_voltage_fine,451.2
2026-09-05T19:33:26.000,pack_voltage_fine,451.1
2026-09-05T19:33:29.000,pack_voltage_fine,451.0
2026-09-05T19:33:32.000,pack_voltage_fine,451.1
2026-09-05T19:33:36.000,pack_voltage_fine,451.1
2026-09-05T19:33:39.000,pack_voltage_fine,451.2
2026-09-05T19:33:42.000,pack_voltage_fine,451.2
2026-09-05T19:33:47.000,pack_voltage_fine,451.0
2026-09-05T19:33:50.000,pack_voltage_fine,451.1
2026-09-05T19:33:53.000,pack_voltage_fine,451.2
2026-09-05T19:33:56.000,pack_voltage_fine,451.2
2026-09-05T19:33:58.000,app_snapshot_charging,1.0
2026-09-05T19:33:58.000,app_snapshot_power_kw,
2026-09-05T19:33:59.000,pack_voltage_fine,451.2
2026-09-05T19:34:03.000,pack_voltage_fine,451.2
2026-09-05T19:34:06.000,pack_voltage_fine,451.1
2026-09-05T19:34:10.000,pack_voltage_fine,451.2
2026-09-05T19:34:13.000,pack_voltage_fine,451.2
2026-09-05T19:34:17.000,pack_voltage_fine,451.2
2026-09-05T19:34:20.000,pack_voltage_fine,451.2
2026-09-05T19:34:24.000,pack_voltage_fine,451.2
2026-09-05T19:34:27.000,pack_voltage_fine,451.2
2026-09-05T19:34:31.000,pack_voltage_fine,451.2
2026-09-05T19:34:34.000,pack_voltage_fine,451.2
2026-09-05T19:34:37.000,pack_voltage_fine,451.2
2026-09-05T19:34:40.000,pack_voltage_fine,451.2
2026-09-05T19:34:44.000,pack_voltage_fine,451.2
2026-09-05T19:34:47.000,pack_voltage_fine,451.2
2026-09-05T19:34:50.000,pack_voltage_fine,451.2
2026-09-05T19:34:53.000,pack_voltage_fine,451.2
2026-09-05T19:34:56.000,pack_voltage_fine,451.2
2026-09-05T19:34:58.000,app_snapshot_charging,1.0
2026-09-05T19:34:58.000,app_snapshot_power_kw,
2026-09-05T19:35:00.000,pack_voltage_fine,451.2
2026-09-05T19:35:03.000,pack_voltage_fine,451.2
2026-09-05T19:35:06.000,pack_voltage_fine,451.2
2026-09-05T19:35:09.000,pack_voltage_fine,451.2
2026-09-05T19:35:13.000,pack_voltage_fine,451.2
2026-09-05T19:35:16.000,pack_voltage_fine,451.2
2026-09-05T19:35:20.000,pack_voltage_fine,451.2
2026-09-05T19:35:23.000,pack_voltage_fine,451.2
2026-09-05T19:35:27.000,pack_voltage_fine,451.2
2026-09-05T19:35:30.000,pack_voltage_fine,451.2
2026-09-05T19:35:34.000,pack_voltage_fine,451.2
2026-09-05T19:35:38.000,pack_voltage_fine,451.2
2026-09-05T19:35:42.000,pack_voltage_fine,451.2
2026-09-05T19:35:46.000,pack_voltage_fine,451.2
2026-09-05T19:35:50.000,pack_voltage_fine,451.2
2026-09-05T19:35:54.000,pack_voltage_fine,451.2
2026-09-05T19:35:57.000,pack_voltage_fine,451.2
2026-09-05T19:35:58.000,app_snapshot_charging,1.0
2026-09-05T19:35:58.000,app_snapshot_power_kw,
2026-09-05T19:36:01.000,pack_voltage_fine,451.2
2026-09-05T19:36:05.000,pack_voltage_fine,451.2
2026-09-05T19:36:09.000,pack_voltage_fine,451.2
2026-09-05T19:36:13.000,pack_voltage_fine,451.2
2026-09-05T19:36:17.000,pack_voltage_fine,451.2
2026-09-05T19:36:20.000,pack_voltage_fine,451.2
2026-09-05T19:36:24.000,pack_voltage_fine,451.2
2026-09-05T19:36:28.000,pack_voltage_fine,451.2
2026-09-05T19:36:32.000,pack_voltage_fine,451.2
2026-09-05T19:36:35.000,pack_voltage_fine,451.2
2026-09-05T19:36:39.000,pack_voltage_fine,451.2
2026-09-05T19:36:42.000,pack_voltage_fine,451.2
2026-09-05T19:36:46.000,pack_voltage_fine,451.2
2026-09-05T19:36:50.000,pack_voltage_fine,451.2
2026-09-05T19:36:53.000,pack_voltage_fine,451.2
2026-09-05T19:36:57.000,pack_voltage_fine,451.2
2026-09-05T19:36:58.000,app_snapshot_charging,1.0
2026-09-05T19:36:58.000,app_snapshot_power_kw,
2026-09-05T19:37:01.000,pack_voltage_fine,451.2
2026-09-05T19:37:04.000,pack_voltage_fine,451.2
2026-09-05T19:37:08.000,pack_voltage_fine,451.2
2026-09-05T19:37:11.000,pack_voltage_fine,451.2
2026-09-05T19:37:14.000,pack_voltage_fine,451.2
2026-09-05T19:37:18.000,pack_voltage_fine,451.2
2026-09-05T19:37:21.000,pack_voltage_fine,451.2
2026-09-05T19:37:24.000,pack_voltage_fine,451.2
2026-09-05T19:37:27.000,pack_voltage_fine,451.2
2026-09-05T19:37:30.000,pack_voltage_fine,451.2
2026-09-05T19:37:33.000,pack_voltage_fine,451.2
2026-09-05T19:37:37.000,pack_voltage_fine,451.2
2026-09-05T19:37:40.000,pack_voltage_fine,451.2
2026-09-05T19:37:43.000,pack_voltage_fine,451.2
2026-09-05T19:37:46.000,pack_voltage_fine,451.2
2026-09-05T19:37:49.000,pack_voltage_fine,451.2
2026-09-05T19:37:53.000,pack_voltage_fine,451.2
2026-09-05T19:37:56.000,pack_voltage_fine,451.2
2026-09-05T19:37:59.000,app_snapshot_charging,1.0
2026-09-05T19:37:59.000,app_snapshot_power_kw,
2026-09-05T19:37:59.000,pack_voltage_fine,451.2
2026-09-05T19:38:03.000,pack_voltage_fine,451.2
2026-09-05T19:38:06.000,pack_voltage_fine,451.2
2026-09-05T19:38:09.000,pack_voltage_fine,451.2
2026-09-05T19:38:12.000,pack_voltage_fine,451.2
2026-09-05T19:38:16.000,pack_voltage_fine,451.2
2026-09-05T19:38:19.000,pack_voltage_fine,451.2
2026-09-05T19:38:22.000,pack_voltage_fine,451.2
2026-09-05T19:38:26.000,pack_voltage_fine,451.2
2026-09-05T19:38:29.000,pack_voltage_fine,451.2
2026-09-05T19:38:32.000,pack_voltage_fine,451.2
2026-09-05T19:38:35.000,pack_voltage_fine,451.2
2026-09-05T19:38:39.000,pack_voltage_fine,451.2
2026-09-05T19:38:42.000,pack_voltage_fine,451.1
2026-09-05T19:38:46.000,pack_voltage_fine,451.1
2026-09-05T19:38:49.000,pack_voltage_fine,451.1
2026-09-05T19:38:52.000,pack_voltage_fine,451.1
2026-09-05T19:38:55.000,pack_voltage_fine,451.1
2026-09-05T19:38:58.000,pack_voltage_fine,451.1
2026-09-05T19:38:59.000,app_snapshot_charging,1.0
2026-09-05T19:38:59.000,app_snapshot_power_kw,
2026-09-05T19:39:01.000,pack_voltage_fine,451.1
2026-09-05T19:39:04.000,pack_voltage_fine,451.1
2026-09-05T19:39:08.000,pack_voltage_fine,451.1
2026-09-05T19:39:11.000,pack_voltage_fine,451.1
2026-09-05T19:39:14.000,pack_voltage_fine,451.1
2026-09-05T19:39:17.000,pack_voltage_fine,451.1
2026-09-05T19:39:20.000,pack_voltage_fine,451.1
2026-09-05T19:39:23.000,pack_voltage_fine,451.1
2026-09-05T19:39:27.000,pack_voltage_fine,451.1
2026-09-05T19:39:30.000,pack_voltage_fine,451.1
2026-09-05T19:39:33.000,pack_voltage_fine,451.1
2026-09-05T19:39:36.000,pack_voltage_fine,451.1
2026-09-05T19:39:40.000,pack_voltage_fine,451.2
2026-09-05T19:39:43.000,pack_voltage_fine,451.2
2026-09-05T19:39:46.000,pack_voltage_fine,451.2
2026-09-05T19:39:49.000,pack_voltage_fine,451.2
2026-09-05T19:39:52.000,pack_voltage_fine,451.2
2026-09-05T19:39:55.000,pack_voltage_fine,451.2
2026-09-05T19:39:59.000,app_snapshot_charging,1.0
2026-09-05T19:39:59.000,app_snapshot_power_kw,
2026-09-05T19:39:59.000,pack_voltage_fine,451.2
2026-09-05T19:40:02.000,pack_voltage_fine,451.2
2026-09-05T19:40:05.000,pack_voltage_fine,451.2
2026-09-05T19:40:08.000,pack_voltage_fine,451.2
2026-09-05T19:40:11.000,pack_voltage_fine,451.2
2026-09-05T19:40:14.000,pack_voltage_fine,451.2
2026-09-05T19:40:18.000,pack_voltage_fine,451.2
2026-09-05T19:40:21.000,pack_voltage_fine,451.2
2026-09-05T19:40:24.000,pack_voltage_fine,451.2
2026-09-05T19:40:27.000,pack_voltage_fine,451.2
2026-09-05T19:40:30.000,pack_voltage_fine,451.2
2026-09-05T19:40:34.000,pack_voltage_fine,451.3
2026-09-05T19:40:37.000,pack_voltage_fine,451.3
2026-09-05T19:40:40.000,pack_voltage_fine,451.3
2026-09-05T19:40:43.000,pack_voltage_fine,451.1
2026-09-05T19:40:47.000,pack_voltage_fine,451.1
2026-09-05T19:40:50.000,pack_voltage_fine,451.1
2026-09-05T19:40:53.000,pack_voltage_fine,451.1
2026-09-05T19:40:56.000,pack_voltage_fine,451.1
2026-09-05T19:40:59.000,app_snapshot_charging,1.0
2026-09-05T19:40:59.000,app_snapshot_power_kw,
2026-09-05T19:40:59.000,pack_voltage_fine,451.1
2026-09-05T19:41:02.000,pack_voltage_fine,451.1
2026-09-05T19:41:06.000,pack_voltage_fine,451.1
2026-09-05T19:41:09.000,pack_voltage_fine,451.1
2026-09-05T19:41:12.000,pack_voltage_fine,451.1
2026-09-05T19:41:15.000,pack_voltage_fine,451.1
2026-09-05T19:41:19.000,pack_voltage_fine,451.1
2026-09-05T19:41:22.000,pack_voltage_fine,451.1
2026-09-05T19:41:25.000,pack_voltage_fine,451.1
2026-09-05T19:41:28.000,pack_voltage_fine,451.2
2026-09-05T19:41:31.000,pack_voltage_fine,451.1
2026-09-05T19:41:34.000,pack_voltage_fine,451.2
2026-09-05T19:41:37.000,pack_voltage_fine,451.2
2026-09-05T19:41:41.000,pack_voltage_fine,451.2
2026-09-05T19:41:44.000,pack_voltage_fine,451.1
2026-09-05T19:41:48.000,pack_voltage_fine,451.1
2026-09-05T19:41:51.000,pack_voltage_fine,451.1
2026-09-05T19:41:54.000,pack_voltage_fine,451.2
2026-09-05T19:41:57.000,pack_voltage_fine,451.2
2026-09-05T19:41:59.000,app_snapshot_charging,1.0
2026-09-05T19:41:59.000,app_snapshot_power_kw,
2026-09-05T19:42:00.000,pack_voltage_fine,451.3
2026-09-05T19:42:03.000,pack_voltage_fine,451.3
2026-09-05T19:42:07.000,pack_voltage_fine,451.1
2026-09-05T19:42:11.000,pack_voltage_fine,451.1
2026-09-05T19:42:14.000,pack_voltage_fine,451.2
2026-09-05T19:42:18.000,pack_voltage_fine,451.3
2026-09-05T19:42:21.000,pack_voltage_fine,451.1
2026-09-05T19:42:24.000,pack_voltage_fine,451.1
2026-09-05T19:42:28.000,pack_voltage_fine,451.1
2026-09-05T19:42:31.000,pack_voltage_fine,451.1
2026-09-05T19:42:35.000,pack_voltage_fine,451.3
2026-09-05T19:42:38.000,pack_voltage_fine,451.2
2026-09-05T19:42:41.000,pack_voltage_fine,451.2
2026-09-05T19:42:44.000,pack_voltage_fine,451.3
2026-09-05T19:42:47.000,pack_voltage_fine,451.2
2026-09-05T19:42:51.000,pack_voltage_fine,451.1
2026-09-05T19:42:55.000,pack_voltage_fine,451.1
2026-09-05T19:42:58.000,pack_voltage_fine,451.3
2026-09-05T19:42:59.000,app_snapshot_charging,1.0
2026-09-05T19:42:59.000,app_snapshot_power_kw,
2026-09-05T19:43:01.000,pack_voltage_fine,451.3
2026-09-05T19:43:04.000,pack_voltage_fine,451.1
2026-09-05T19:43:07.000,pack_voltage_fine,451.2
2026-09-05T19:43:11.000,pack_voltage_fine,451.3
2026-09-05T19:43:14.000,pack_voltage_fine,451.2
2026-09-05T19:43:17.000,pack_voltage_fine,451.1
2026-09-05T19:43:21.000,pack_voltage_fine,451.3
2026-09-05T19:43:24.000,pack_voltage_fine,451.3
2026-09-05T19:43:28.000,pack_voltage_fine,451.2
2026-09-05T19:43:31.000,pack_voltage_fine,451.1
2026-09-05T19:43:34.000,pack_voltage_fine,451.2
2026-09-05T19:43:38.000,pack_voltage_fine,451.2
2026-09-05T19:43:41.000,pack_voltage_fine,451.2
2026-09-05T19:43:44.000,pack_voltage_fine,451.3
2026-09-05T19:43:48.000,pack_voltage_fine,451.3
2026-09-05T19:43:51.000,pack_voltage_fine,451.2
2026-09-05T19:43:54.000,pack_voltage_fine,451.1
2026-09-05T19:43:58.000,pack_voltage_fine,451.1
2026-09-05T19:43:59.000,app_snapshot_charging,1.0
2026-09-05T19:43:59.000,app_snapshot_power_kw,
2026-09-05T19:44:01.000,pack_voltage_fine,451.2
2026-09-05T19:44:04.000,pack_voltage_fine,451.2
2026-09-05T19:44:07.000,pack_voltage_fine,451.3
2026-09-05T19:44:11.000,pack_voltage_fine,451.2
2026-09-05T19:44:14.000,pack_voltage_fine,451.1
2026-09-05T19:44:18.000,pack_voltage_fine,451.1
2026-09-05T19:44:21.000,pack_voltage_fine,451.2
2026-09-05T19:44:24.000,pack_voltage_fine,451.3
2026-09-05T19:44:28.000,pack_voltage_fine,451.3
2026-09-05T19:44:31.000,pack_voltage_fine,451.2
2026-09-05T19:44:34.000,pack_voltage_fine,451.1
2026-09-05T19:44:37.000,pack_voltage_fine,451.2
2026-09-05T19:44:40.000,pack_voltage_fine,451.3
2026-09-05T19:44:44.000,pack_voltage_fine,451.3
2026-09-05T19:44:47.000,pack_voltage_fine,451.3
2026-09-05T19:44:51.000,pack_voltage_fine,451.3
2026-09-05T19:44:55.000,pack_voltage_fine,451.3
2026-09-05T19:44:59.000,app_snapshot_charging,1.0
2026-09-05T19:44:59.000,app_snapshot_power_kw,
2026-09-05T19:44:59.000,pack_voltage_fine,451.3
2026-09-05T19:45:02.000,pack_voltage_fine,451.3
2026-09-05T19:45:05.000,pack_voltage_fine,451.3
2026-09-05T19:45:08.000,pack_voltage_fine,451.2
2026-09-05T19:45:11.000,pack_voltage_fine,451.1
2026-09-05T19:45:15.000,pack_voltage_fine,451.1
2026-09-05T19:45:18.000,pack_voltage_fine,451.1
2026-09-05T19:45:21.000,pack_voltage_fine,451.1
2026-09-05T19:45:24.000,pack_voltage_fine,451.2
2026-09-05T19:45:28.000,pack_voltage_fine,451.3
2026-09-05T19:45:29.000,pack_current,-6.4
2026-09-05T19:45:31.000,pack_voltage_fine,451.3
2026-09-05T19:45:34.000,pack_voltage_fine,451.1
2026-09-05T19:45:37.000,pack_voltage_fine,451.2
2026-09-05T19:45:41.000,pack_voltage_fine,451.1
2026-09-05T19:45:44.000,pack_voltage_fine,451.2
2026-09-05T19:45:47.000,pack_voltage_fine,451.3
2026-09-05T19:45:50.000,pack_voltage_fine,451.3
2026-09-05T19:45:54.000,pack_voltage_fine,451.3
2026-09-05T19:45:57.000,pack_voltage_fine,451.2
2026-09-05T19:45:59.000,app_snapshot_charging,1.0
2026-09-05T19:45:59.000,app_snapshot_power_kw,
2026-09-05T19:46:01.000,pack_voltage_fine,451.2
2026-09-05T19:46:04.000,pack_voltage_fine,451.2
2026-09-05T19:46:08.000,pack_voltage_fine,451.2
2026-09-05T19:46:11.000,pack_voltage_fine,451.1
2026-09-05T19:46:14.000,pack_voltage_fine,451.1
2026-09-05T19:46:17.000,pack_voltage_fine,451.1
2026-09-05T19:46:21.000,pack_voltage_fine,451.1
2026-09-05T19:46:24.000,pack_voltage_fine,451.1
2026-09-05T19:46:27.000,pack_voltage_fine,451.2
2026-09-05T19:46:30.000,pack_current,-6.3
2026-09-05T19:46:30.000,pack_voltage_fine,451.2
2026-09-05T19:46:33.000,pack_voltage_fine,451.3
2026-09-05T19:46:37.000,pack_voltage_fine,451.1
2026-09-05T19:46:41.000,pack_voltage_fine,451.1
2026-09-05T19:46:44.000,pack_voltage_fine,451.1
2026-09-05T19:46:47.000,pack_voltage_fine,451.2
2026-09-05T19:46:50.000,pack_voltage_fine,451.3
2026-09-05T19:46:54.000,pack_voltage_fine,451.3
2026-09-05T19:46:57.000,pack_voltage_fine,451.1
2026-09-05T19:46:59.000,app_snapshot_charging,1.0
2026-09-05T19:46:59.000,app_snapshot_power_kw,
2026-09-05T19:47:00.000,pack_current,-6.5
2026-09-05T19:47:00.000,pack_voltage_fine,451.2
2026-09-05T19:47:03.000,pack_voltage_fine,451.3
2026-09-05T19:47:06.000,pack_voltage_fine,451.2
2026-09-05T19:47:10.000,pack_voltage_fine,451.3
2026-09-05T19:47:14.000,pack_voltage_fine,451.3
2026-09-05T19:47:17.000,pack_voltage_fine,451.3
2026-09-05T19:47:21.000,pack_voltage_fine,451.3
2026-09-05T19:47:24.000,pack_voltage_fine,451.3
2026-09-05T19:47:27.000,pack_voltage_fine,451.3
2026-09-05T19:47:31.000,pack_voltage_fine,451.3
2026-09-05T19:47:34.000,pack_voltage_fine,451.3
2026-09-05T19:47:37.000,pack_voltage_fine,451.3
2026-09-05T19:47:41.000,pack_voltage_fine,451.3
2026-09-05T19:47:44.000,pack_voltage_fine,451.2
2026-09-05T19:47:47.000,pack_voltage_fine,451.2
2026-09-05T19:47:51.000,pack_voltage_fine,451.2
2026-09-05T19:47:54.000,pack_voltage_fine,451.2
2026-09-05T19:47:57.000,pack_voltage_fine,451.2
2026-09-05T19:47:59.000,app_snapshot_charging,1.0
2026-09-05T19:47:59.000,app_snapshot_power_kw,
2026-09-05T19:48:00.000,pack_voltage_fine,451.2
2026-09-05T19:48:03.000,pack_voltage_fine,451.2
2026-09-05T19:48:06.000,pack_voltage_fine,451.2
2026-09-05T19:48:10.000,pack_voltage_fine,451.2
2026-09-05T19:48:13.000,pack_voltage_fine,451.2
2026-09-05T19:48:17.000,pack_voltage_fine,451.2
2026-09-05T19:48:20.000,pack_voltage_fine,451.2
2026-09-05T19:48:23.000,pack_voltage_fine,451.2
2026-09-05T19:48:26.000,pack_voltage_fine,451.2
2026-09-05T19:48:29.000,pack_voltage_fine,451.2
2026-09-05T19:48:33.000,pack_voltage_fine,451.2
2026-09-05T19:48:36.000,pack_voltage_fine,451.2
2026-09-05T19:48:39.000,pack_voltage_fine,451.2
2026-09-05T19:48:43.000,pack_voltage_fine,451.2
2026-09-05T19:48:46.000,pack_voltage_fine,451.2
2026-09-05T19:48:49.000,pack_voltage_fine,451.2
2026-09-05T19:48:53.000,pack_voltage_fine,451.2
2026-09-05T19:48:57.000,pack_voltage_fine,451.2
2026-09-05T19:48:59.000,app_snapshot_charging,1.0
2026-09-05T19:48:59.000,app_snapshot_power_kw,
2026-09-05T19:49:00.000,pack_voltage_fine,451.2
2026-09-05T19:49:04.000,pack_voltage_fine,451.2
2026-09-05T19:49:07.000,pack_voltage_fine,451.2
2026-09-05T19:49:11.000,pack_voltage_fine,451.2
2026-09-05T19:49:14.000,pack_voltage_fine,451.2
2026-09-05T19:49:18.000,pack_voltage_fine,451.2
2026-09-05T19:49:21.000,pack_voltage_fine,451.2
2026-09-05T19:49:24.000,pack_voltage_fine,451.2
2026-09-05T19:49:28.000,pack_voltage_fine,451.2
2026-09-05T19:49:31.000,pack_voltage_fine,451.2
2026-09-05T19:49:34.000,pack_voltage_fine,451.2
2026-09-05T19:49:38.000,pack_voltage_fine,451.2
2026-09-05T19:49:41.000,pack_voltage_fine,451.2
2026-09-05T19:49:44.000,pack_voltage_fine,451.2
2026-09-05T19:49:48.000,pack_voltage_fine,451.2
2026-09-05T19:49:51.000,pack_voltage_fine,451.2
2026-09-05T19:49:54.000,pack_voltage_fine,451.2
2026-09-05T19:49:57.000,pack_voltage_fine,451.2
2026-09-05T19:49:59.000,app_snapshot_charging,1.0
2026-09-05T19:49:59.000,app_snapshot_power_kw,
2026-09-05T19:50:01.000,pack_voltage_fine,451.2
2026-09-05T19:50:04.000,pack_voltage_fine,451.2
2026-09-05T19:50:08.000,pack_voltage_fine,451.2
2026-09-05T19:50:11.000,pack_voltage_fine,451.2
2026-09-05T19:50:14.000,pack_voltage_fine,451.2
2026-09-05T19:50:18.000,pack_voltage_fine,451.2
2026-09-05T19:50:22.000,pack_voltage_fine,451.2
2026-09-05T19:50:25.000,pack_voltage_fine,451.2
2026-09-05T19:50:28.000,pack_voltage_fine,451.2
2026-09-05T19:50:32.000,pack_voltage_fine,451.2
2026-09-05T19:50:35.000,pack_voltage_fine,451.2
2026-09-05T19:50:38.000,pack_voltage_fine,451.2
2026-09-05T19:50:42.000,pack_voltage_fine,451.2
2026-09-05T19:50:45.000,pack_voltage_fine,451.2
2026-09-05T19:50:48.000,pack_voltage_fine,451.2
2026-09-05T19:50:52.000,pack_voltage_fine,451.2
2026-09-05T19:50:55.000,pack_voltage_fine,451.2
2026-09-05T19:50:59.000,app_snapshot_charging,1.0
2026-09-05T19:50:59.000,app_snapshot_power_kw,
2026-09-05T19:50:59.000,pack_voltage_fine,451.2
2026-09-05T19:51:02.000,pack_voltage_fine,451.2
2026-09-05T19:51:06.000,pack_voltage_fine,451.2
2026-09-05T19:51:09.000,pack_voltage_fine,451.2
2026-09-05T19:51:12.000,pack_voltage_fine,451.2
2026-09-05T19:51:16.000,pack_voltage_fine,451.2
2026-09-05T19:51:19.000,pack_voltage_fine,451.2
2026-09-05T19:51:22.000,pack_voltage_fine,451.2
2026-09-05T19:51:26.000,pack_voltage_fine,451.2
2026-09-05T19:51:29.000,pack_voltage_fine,451.2
2026-09-05T19:51:33.000,pack_voltage_fine,451.2
2026-09-05T19:51:36.000,pack_voltage_fine,451.2
2026-09-05T19:51:39.000,pack_voltage_fine,451.2
2026-09-05T19:51:43.000,pack_voltage_fine,451.2
2026-09-05T19:51:46.000,pack_voltage_fine,451.2
2026-09-05T19:51:49.000,pack_voltage_fine,451.2
2026-09-05T19:51:53.000,pack_voltage_fine,451.2
2026-09-05T19:51:56.000,pack_voltage_fine,451.2
2026-09-05T19:51:59.000,app_snapshot_charging,1.0
2026-09-05T19:51:59.000,app_snapshot_power_kw,
2026-09-05T19:51:59.000,pack_voltage_fine,451.2
2026-09-05T19:52:03.000,pack_voltage_fine,451.2
2026-09-05T19:52:06.000,pack_voltage_fine,451.2
2026-09-05T19:52:09.000,pack_voltage_fine,451.2
2026-09-05T19:52:12.000,pack_voltage_fine,451.2
2026-09-05T19:52:15.000,pack_voltage_fine,451.2
2026-09-05T19:52:19.000,pack_voltage_fine,451.2
2026-09-05T19:52:22.000,pack_voltage_fine,451.2
2026-09-05T19:52:25.000,pack_voltage_fine,451.2
2026-09-05T19:52:29.000,pack_voltage_fine,451.2
2026-09-05T19:52:32.000,pack_voltage_fine,451.2
2026-09-05T19:52:35.000,pack_voltage_fine,451.2
2026-09-05T19:52:38.000,pack_voltage_fine,451.2
2026-09-05T19:52:41.000,pack_voltage_fine,451.2
2026-09-05T19:52:44.000,pack_voltage_fine,451.2
2026-09-05T19:52:48.000,pack_voltage_fine,451.2
2026-09-05T19:52:51.000,pack_voltage_fine,451.2
2026-09-05T19:52:54.000,pack_voltage_fine,451.2
2026-09-05T19:52:58.000,pack_voltage_fine,451.2
2026-09-05T19:52:59.000,app_snapshot_charging,1.0
2026-09-05T19:52:59.000,app_snapshot_power_kw,
2026-09-05T19:53:01.000,pack_voltage_fine,451.2
2026-09-05T19:53:05.000,pack_voltage_fine,451.2
2026-09-05T19:53:09.000,pack_voltage_fine,451.2
2026-09-05T19:53:12.000,pack_voltage_fine,451.2
2026-09-05T19:53:16.000,pack_voltage_fine,451.2
2026-09-05T19:53:19.000,pack_voltage_fine,451.2
2026-09-05T19:53:23.000,pack_voltage_fine,451.2
2026-09-05T19:53:26.000,pack_voltage_fine,451.2
2026-09-05T19:53:30.000,pack_voltage_fine,451.2
2026-09-05T19:53:34.000,pack_voltage_fine,451.2
2026-09-05T19:53:37.000,pack_voltage_fine,451.2
2026-09-05T19:53:40.000,pack_voltage_fine,451.2
2026-09-05T19:53:44.000,pack_voltage_fine,451.2
2026-09-05T19:53:47.000,pack_voltage_fine,451.2
2026-09-05T19:53:51.000,pack_voltage_fine,451.2
2026-09-05T19:53:54.000,pack_voltage_fine,451.2
2026-09-05T19:53:57.000,pack_voltage_fine,451.2
2026-09-05T19:53:59.000,app_snapshot_charging,1.0
2026-09-05T19:53:59.000,app_snapshot_power_kw,
2026-09-05T19:54:01.000,pack_voltage_fine,451.2
2026-09-05T19:54:04.000,pack_voltage_fine,451.2
2026-09-05T19:54:08.000,pack_voltage_fine,451.2
2026-09-05T19:54:11.000,pack_voltage_fine,451.3
2026-09-05T19:54:14.000,pack_voltage_fine,451.4
2026-09-05T19:54:18.000,pack_voltage_fine,451.2
2026-09-05T19:54:21.000,pack_voltage_fine,451.2
2026-09-05T19:54:25.000,pack_voltage_fine,451.2
2026-09-05T19:54:28.000,pack_voltage_fine,451.4
2026-09-05T19:54:31.000,pack_voltage_fine,451.4
2026-09-05T19:54:35.000,pack_voltage_fine,451.2
2026-09-05T19:54:39.000,pack_voltage_fine,451.2
2026-09-05T19:54:43.000,pack_voltage_fine,451.2
2026-09-05T19:54:46.000,pack_voltage_fine,451.2
2026-09-05T19:54:50.000,pack_voltage_fine,451.2
2026-09-05T19:54:53.000,pack_voltage_fine,451.3
2026-09-05T19:54:57.000,pack_voltage_fine,451.2
2026-09-05T19:55:00.000,app_snapshot_charging,1.0
2026-09-05T19:55:00.000,app_snapshot_power_kw,
2026-09-05T19:55:00.000,pack_voltage_fine,451.2
2026-09-05T19:55:04.000,pack_voltage_fine,451.2
2026-09-05T19:55:07.000,pack_voltage_fine,451.2
2026-09-05T19:55:10.000,pack_voltage_fine,451.3
2026-09-05T19:55:14.000,pack_voltage_fine,451.2
2026-09-05T19:55:18.000,pack_voltage_fine,451.2
2026-09-05T19:55:21.000,pack_voltage_fine,451.2
2026-09-05T19:55:25.000,pack_voltage_fine,451.2
2026-09-05T19:55:28.000,pack_voltage_fine,451.2
2026-09-05T19:55:31.000,pack_voltage_fine,451.4
2026-09-05T19:55:34.000,pack_voltage_fine,451.3
2026-09-05T19:55:38.000,pack_voltage_fine,451.2
2026-09-05T19:55:41.000,pack_voltage_fine,451.2
2026-09-05T19:55:44.000,pack_voltage_fine,451.2
2026-09-05T19:55:48.000,pack_voltage_fine,451.2
2026-09-05T19:55:52.000,pack_voltage_fine,451.2
2026-09-05T19:55:55.000,pack_voltage_fine,451.2
2026-09-05T19:55:59.000,pack_voltage_fine,451.2
2026-09-05T19:56:00.000,app_snapshot_charging,1.0
2026-09-05T19:56:00.000,app_snapshot_power_kw,
2026-09-05T19:56:02.000,pack_voltage_fine,451.2
2026-09-05T19:56:05.000,pack_voltage_fine,451.2
2026-09-05T19:56:09.000,pack_voltage_fine,451.2
2026-09-05T19:56:12.000,pack_voltage_fine,451.2
2026-09-05T19:56:15.000,pack_voltage_fine,451.2
2026-09-05T19:56:18.000,pack_voltage_fine,451.2
2026-09-05T19:56:22.000,pack_voltage_fine,451.2
2026-09-05T19:56:25.000,pack_voltage_fine,451.2
2026-09-05T19:56:28.000,pack_voltage_fine,451.2
2026-09-05T19:56:32.000,pack_voltage_fine,451.2
2026-09-05T19:56:35.000,pack_voltage_fine,451.2
2026-09-05T19:56:38.000,pack_voltage_fine,451.2
2026-09-05T19:56:42.000,pack_voltage_fine,451.2
2026-09-05T19:56:45.000,pack_voltage_fine,451.2
2026-09-05T19:56:49.000,pack_voltage_fine,451.2
2026-09-05T19:56:52.000,pack_voltage_fine,451.2
2026-09-05T19:56:56.000,pack_voltage_fine,451.2
2026-09-05T19:57:00.000,app_snapshot_charging,1.0
2026-09-05T19:57:00.000,app_snapshot_power_kw,
2026-09-05T19:57:00.000,pack_voltage_fine,451.2
2026-09-05T19:57:03.000,pack_voltage_fine,451.4
2026-09-05T19:57:06.000,pack_voltage_fine,451.2
2026-09-05T19:57:09.000,pack_voltage_fine,451.3
2026-09-05T19:57:12.000,pack_voltage_fine,451.3
2026-09-05T19:57:15.000,pack_voltage_fine,451.2
2026-09-05T19:57:19.000,pack_voltage_fine,451.2
2026-09-05T19:57:22.000,pack_voltage_fine,451.3
2026-09-05T19:57:25.000,pack_voltage_fine,451.2
2026-09-05T19:57:29.000,pack_voltage_fine,451.2
2026-09-05T19:57:32.000,pack_voltage_fine,451.2
2026-09-05T19:57:35.000,pack_voltage_fine,451.3
2026-09-05T19:57:38.000,pack_voltage_fine,451.4
2026-09-05T19:57:42.000,pack_voltage_fine,451.4
2026-09-05T19:57:46.000,pack_voltage_fine,451.2
2026-09-05T19:57:49.000,pack_voltage_fine,451.2
2026-09-05T19:57:52.000,pack_voltage_fine,451.2
2026-09-05T19:57:56.000,pack_voltage_fine,451.2
2026-09-05T19:57:59.000,pack_voltage_fine,451.2
2026-09-05T19:58:00.000,app_snapshot_charging,1.0
2026-09-05T19:58:00.000,app_snapshot_power_kw,
2026-09-05T19:58:02.000,pack_voltage_fine,451.2
2026-09-05T19:58:07.000,pack_voltage_fine,451.2
2026-09-05T19:58:10.000,pack_voltage_fine,451.2
2026-09-05T19:58:13.000,pack_voltage_fine,451.2
2026-09-05T19:58:17.000,pack_voltage_fine,451.2
2026-09-05T19:58:20.000,pack_voltage_fine,451.2
2026-09-05T19:58:23.000,pack_voltage_fine,451.3
2026-09-05T19:58:27.000,pack_voltage_fine,451.2
2026-09-05T19:58:30.000,pack_voltage_fine,451.2
2026-09-05T19:58:34.000,pack_voltage_fine,451.2
2026-09-05T19:58:37.000,pack_voltage_fine,451.2
2026-09-05T19:58:40.000,pack_voltage_fine,451.3
2026-09-05T19:58:45.000,pack_voltage_fine,451.2
2026-09-05T19:58:48.000,pack_voltage_fine,451.2
2026-09-05T19:58:52.000,pack_voltage_fine,451.2
2026-09-05T19:58:55.000,pack_voltage_fine,451.2
2026-09-05T19:58:59.000,pack_voltage_fine,451.2
2026-09-05T19:59:00.000,app_snapshot_charging,1.0
2026-09-05T19:59:00.000,app_snapshot_power_kw,
2026-09-05T19:59:03.000,pack_voltage_fine,451.2
2026-09-05T19:59:06.000,pack_voltage_fine,451.2
2026-09-05T19:59:10.000,pack_voltage_fine,451.2
2026-09-05T19:59:13.000,pack_voltage_fine,451.2
2026-09-05T19:59:17.000,pack_voltage_fine,451.2
2026-09-05T19:59:20.000,pack_voltage_fine,451.3
2026-09-05T19:59:24.000,pack_voltage_fine,451.4
2026-09-05T19:59:27.000,pack_voltage_fine,451.4
2026-09-05T19:59:31.000,pack_voltage_fine,451.3
2026-09-05T19:59:34.000,pack_voltage_fine,451.2
2026-09-05T19:59:37.000,pack_voltage_fine,451.4
2026-09-05T19:59:40.000,pack_voltage_fine,451.4
2026-09-05T19:59:44.000,pack_voltage_fine,451.4
2026-09-05T19:59:47.000,pack_voltage_fine,451.4
2026-09-05T19:59:51.000,pack_voltage_fine,451.2
2026-09-05T19:59:55.000,pack_voltage_fine,451.2
2026-09-05T19:59:58.000,pack_voltage_fine,451.2
2026-09-05T20:00:00.000,app_snapshot_charging,1.0
2026-09-05T20:00:00.000,app_snapshot_power_kw,
2026-09-05T20:00:02.000,pack_voltage_fine,451.2
2026-09-05T20:00:05.000,pack_current,-6.4
2026-09-05T20:00:05.000,pack_voltage_fine,451.2
2026-09-05T20:00:08.000,pack_voltage_fine,451.2
2026-09-05T20:00:12.000,pack_voltage_fine,451.2
2026-09-05T20:00:15.000,pack_voltage_fine,451.2
2026-09-05T20:00:18.000,pack_voltage_fine,451.2
2026-09-05T20:00:21.000,pack_voltage_fine,451.2
2026-09-05T20:00:25.000,pack_voltage_fine,451.2
2026-09-05T20:00:28.000,pack_voltage_fine,451.2
2026-09-05T20:00:31.000,pack_voltage_fine,451.2
2026-09-05T20:00:34.000,pack_voltage_fine,451.2
2026-09-05T20:00:37.000,pack_voltage_fine,451.2
2026-09-05T20:00:40.000,pack_voltage_fine,451.2
2026-09-05T20:00:44.000,pack_voltage_fine,451.2
2026-09-05T20:00:47.000,pack_voltage_fine,451.2
2026-09-05T20:00:50.000,pack_voltage_fine,451.2
2026-09-05T20:00:53.000,pack_voltage_fine,451.2
2026-09-05T20:00:56.000,pack_voltage_fine,451.2
2026-09-05T20:01:00.000,app_snapshot_charging,1.0
2026-09-05T20:01:00.000,app_snapshot_power_kw,
2026-09-05T20:01:00.000,pack_voltage_fine,451.2
2026-09-05T20:01:03.000,pack_voltage_fine,451.2
2026-09-05T20:01:06.000,pack_voltage_fine,451.2
2026-09-05T20:01:09.000,pack_voltage_fine,451.2
2026-09-05T20:01:12.000,pack_voltage_fine,451.2
2026-09-05T20:01:16.000,pack_voltage_fine,451.2
2026-09-05T20:01:19.000,pack_voltage_fine,451.2
2026-09-05T20:01:22.000,pack_voltage_fine,451.2
2026-09-05T20:01:25.000,pack_voltage_fine,451.2
2026-09-05T20:01:28.000,pack_voltage_fine,451.2
2026-09-05T20:01:31.000,pack_voltage_fine,451.2
2026-09-05T20:01:35.000,pack_voltage_fine,451.2
2026-09-05T20:01:38.000,pack_voltage_fine,451.3
2026-09-05T20:01:41.000,pack_voltage_fine,451.3
2026-09-05T20:01:44.000,pack_voltage_fine,451.3
2026-09-05T20:01:47.000,pack_voltage_fine,451.3
2026-09-05T20:01:51.000,pack_voltage_fine,451.2
2026-09-05T20:01:55.000,pack_voltage_fine,451.4
2026-09-05T20:01:58.000,pack_voltage_fine,451.2
2026-09-05T20:02:00.000,app_snapshot_charging,1.0
2026-09-05T20:02:00.000,app_snapshot_power_kw,
2026-09-05T20:02:02.000,pack_voltage_fine,451.2
2026-09-05T20:02:05.000,pack_current,-6.5
2026-09-05T20:02:05.000,pack_voltage_fine,451.2
2026-09-05T20:02:08.000,pack_voltage_fine,451.4
2026-09-05T20:02:12.000,pack_voltage_fine,451.4
2026-09-05T20:02:16.000,pack_voltage_fine,451.4
2026-09-05T20:02:19.000,pack_voltage_fine,451.3
2026-09-05T20:02:22.000,pack_voltage_fine,451.2
2026-09-05T20:02:25.000,pack_voltage_fine,451.4
2026-09-05T20:02:28.000,pack_voltage_fine,451.4
2026-09-05T20:02:32.000,pack_voltage_fine,451.4
2026-09-05T20:02:36.000,pack_voltage_fine,451.4
2026-09-05T20:02:39.000,pack_voltage_fine,451.3
2026-09-05T20:02:42.000,pack_voltage_fine,451.2
2026-09-05T20:02:45.000,pack_voltage_fine,451.3
2026-09-05T20:02:48.000,pack_voltage_fine,451.3
2026-09-05T20:02:51.000,pack_voltage_fine,451.2
2026-09-05T20:02:55.000,pack_voltage_fine,451.3
2026-09-05T20:02:58.000,pack_voltage_fine,451.4
2026-09-05T20:03:00.000,app_snapshot_charging,1.0
2026-09-05T20:03:00.000,app_snapshot_power_kw,
2026-09-05T20:03:01.000,pack_voltage_fine,451.3
2026-09-05T20:03:04.000,pack_voltage_fine,451.2
2026-09-05T20:03:08.000,pack_voltage_fine,451.2
2026-09-05T20:03:11.000,pack_voltage_fine,451.3
2026-09-05T20:03:14.000,pack_voltage_fine,451.4
2026-09-05T20:03:18.000,pack_voltage_fine,451.4
2026-09-05T20:03:21.000,pack_voltage_fine,451.3
2026-09-05T20:03:25.000,pack_voltage_fine,451.2
2026-09-05T20:03:28.000,pack_voltage_fine,451.4
2026-09-05T20:03:31.000,pack_voltage_fine,451.4
2026-09-05T20:03:35.000,pack_voltage_fine,451.4
2026-09-05T20:03:38.000,pack_voltage_fine,451.4
2026-09-05T20:03:41.000,pack_voltage_fine,451.3
2026-09-05T20:03:46.000,pack_voltage_fine,451.4
2026-09-05T20:03:49.000,pack_voltage_fine,451.4
2026-09-05T20:03:53.000,pack_voltage_fine,451.4
2026-09-05T20:03:57.000,pack_voltage_fine,451.4
2026-09-05T20:04:00.000,app_snapshot_charging,1.0
2026-09-05T20:04:00.000,app_snapshot_power_kw,
2026-09-05T20:04:00.000,pack_voltage_fine,451.4
2026-09-05T20:04:05.000,pack_voltage_fine,451.4
2026-09-05T20:04:08.000,pack_voltage_fine,451.3
2026-09-05T20:04:11.000,pack_voltage_fine,451.3
2026-09-05T20:04:14.000,pack_voltage_fine,451.4
2026-09-05T20:04:18.000,pack_voltage_fine,451.4
2026-09-05T20:04:22.000,pack_voltage_fine,451.4
2026-09-05T20:04:25.000,pack_voltage_fine,451.3
2026-09-05T20:04:28.000,pack_voltage_fine,451.3
2026-09-05T20:04:31.000,pack_voltage_fine,451.4
2026-09-05T20:04:35.000,pack_voltage_fine,451.4
2026-09-05T20:04:38.000,pack_voltage_fine,451.4
2026-09-05T20:04:42.000,pack_voltage_fine,451.4
2026-09-05T20:04:45.000,pack_voltage_fine,451.3
2026-09-05T20:04:48.000,pack_voltage_fine,451.2
2026-09-05T20:04:52.000,pack_voltage_fine,451.2
2026-09-05T20:04:55.000,pack_voltage_fine,451.3
2026-09-05T20:04:58.000,pack_voltage_fine,451.4
2026-09-05T20:05:00.000,app_snapshot_charging,1.0
2026-09-05T20:05:00.000,app_snapshot_power_kw,
2026-09-05T20:05:02.000,pack_voltage_fine,451.4
2026-09-05T20:05:05.000,pack_voltage_fine,451.4
2026-09-05T20:05:08.000,pack_voltage_fine,451.4
2026-09-05T20:05:12.000,pack_voltage_fine,451.4
2026-09-05T20:05:15.000,pack_voltage_fine,451.4
2026-09-05T20:05:19.000,pack_voltage_fine,451.4
2026-09-05T20:05:22.000,pack_voltage_fine,451.4
2026-09-05T20:05:26.000,pack_voltage_fine,451.4
2026-09-05T20:05:29.000,pack_voltage_fine,451.4
2026-09-05T20:05:32.000,pack_voltage_fine,451.4
2026-09-05T20:05:36.000,pack_voltage_fine,451.4
2026-09-05T20:05:39.000,pack_voltage_fine,451.4
2026-09-05T20:05:42.000,pack_voltage_fine,451.4
2026-09-05T20:05:45.000,pack_voltage_fine,451.4
2026-09-05T20:05:50.000,pack_voltage_fine,451.2
2026-09-05T20:05:53.000,pack_voltage_fine,451.4
2026-09-05T20:05:57.000,pack_voltage_fine,451.4
2026-09-05T20:06:00.000,app_snapshot_charging,1.0
2026-09-05T20:06:00.000,app_snapshot_power_kw,
2026-09-05T20:06:00.000,pack_voltage_fine,451.4
2026-09-05T20:06:03.000,pack_voltage_fine,451.4
2026-09-05T20:06:06.000,pack_voltage_fine,451.4
2026-09-05T20:06:09.000,pack_voltage_fine,451.4
2026-09-05T20:06:13.000,pack_voltage_fine,451.4
2026-09-05T20:06:16.000,pack_voltage_fine,451.4
2026-09-05T20:06:19.000,pack_voltage_fine,451.4
2026-09-05T20:06:23.000,pack_voltage_fine,451.4
2026-09-05T20:06:26.000,pack_voltage_fine,451.4
2026-09-05T20:06:29.000,pack_voltage_fine,451.3
2026-09-05T20:06:33.000,pack_voltage_fine,451.4
2026-09-05T20:06:36.000,pack_voltage_fine,451.4
2026-09-05T20:06:39.000,pack_voltage_fine,451.4
2026-09-05T20:06:43.000,pack_voltage_fine,451.4
2026-09-05T20:06:46.000,pack_voltage_fine,451.4
2026-09-05T20:06:50.000,pack_voltage_fine,451.4
2026-09-05T20:06:53.000,pack_voltage_fine,451.4
2026-09-05T20:06:57.000,pack_voltage_fine,451.4
2026-09-05T20:07:00.000,app_snapshot_charging,1.0
2026-09-05T20:07:00.000,app_snapshot_power_kw,
2026-09-05T20:07:00.000,pack_voltage_fine,451.4
2026-09-05T20:07:03.000,pack_voltage_fine,451.4
2026-09-05T20:07:07.000,pack_voltage_fine,451.4
2026-09-05T20:07:10.000,pack_voltage_fine,451.4
2026-09-05T20:07:14.000,pack_voltage_fine,451.4
2026-09-05T20:07:17.000,pack_voltage_fine,451.4
2026-09-05T20:07:21.000,pack_voltage_fine,451.4
2026-09-05T20:07:24.000,pack_voltage_fine,451.4
2026-09-05T20:07:28.000,pack_voltage_fine,451.4
2026-09-05T20:07:31.000,pack_voltage_fine,451.4
2026-09-05T20:07:34.000,pack_voltage_fine,451.4
2026-09-05T20:07:38.000,pack_voltage_fine,451.4
2026-09-05T20:07:41.000,pack_voltage_fine,451.4
2026-09-05T20:07:44.000,pack_voltage_fine,451.4
2026-09-05T20:07:48.000,pack_voltage_fine,451.4
2026-09-05T20:07:51.000,pack_voltage_fine,451.4
2026-09-05T20:07:55.000,pack_voltage_fine,451.4
2026-09-05T20:07:58.000,pack_voltage_fine,451.4
2026-09-05T20:08:00.000,app_snapshot_charging,1.0
2026-09-05T20:08:00.000,app_snapshot_power_kw,
2026-09-05T20:08:02.000,pack_voltage_fine,451.4
2026-09-05T20:08:05.000,pack_voltage_fine,451.4
2026-09-05T20:08:09.000,pack_voltage_fine,451.4
2026-09-05T20:08:13.000,pack_voltage_fine,451.4
2026-09-05T20:08:16.000,pack_voltage_fine,451.2
2026-09-05T20:08:19.000,pack_voltage_fine,451.3
2026-09-05T20:08:22.000,pack_voltage_fine,451.4
2026-09-05T20:08:26.000,pack_voltage_fine,451.4
2026-09-05T20:08:30.000,pack_voltage_fine,451.4
2026-09-05T20:08:33.000,pack_voltage_fine,451.4
2026-09-05T20:08:37.000,pack_voltage_fine,451.4
2026-09-05T20:08:41.000,pack_voltage_fine,451.4
2026-09-05T20:08:44.000,pack_voltage_fine,451.4
2026-09-05T20:08:48.000,pack_voltage_fine,451.4
2026-09-05T20:08:51.000,pack_voltage_fine,451.4
2026-09-05T20:08:55.000,pack_voltage_fine,451.4
2026-09-05T20:08:58.000,pack_voltage_fine,451.4
2026-09-05T20:09:00.000,app_snapshot_charging,1.0
2026-09-05T20:09:00.000,app_snapshot_power_kw,
2026-09-05T20:09:02.000,pack_voltage_fine,451.4
2026-09-05T20:09:05.000,pack_voltage_fine,451.4
2026-09-05T20:09:09.000,pack_voltage_fine,451.4
2026-09-05T20:09:12.000,pack_voltage_fine,451.4
2026-09-05T20:09:16.000,pack_voltage_fine,451.4
2026-09-05T20:09:20.000,pack_voltage_fine,451.4
2026-09-05T20:09:24.000,pack_voltage_fine,451.4
2026-09-05T20:09:28.000,pack_voltage_fine,451.4
2026-09-05T20:09:31.000,pack_voltage_fine,451.4
2026-09-05T20:09:35.000,pack_voltage_fine,451.4
2026-09-05T20:09:38.000,pack_voltage_fine,451.4
2026-09-05T20:09:41.000,pack_voltage_fine,451.4
2026-09-05T20:09:45.000,pack_voltage_fine,451.4
2026-09-05T20:09:48.000,pack_voltage_fine,451.4
2026-09-05T20:09:51.000,pack_voltage_fine,451.4
2026-09-05T20:09:54.000,pack_voltage_fine,451.4
2026-09-05T20:09:58.000,pack_voltage_fine,451.4
2026-09-05T20:10:00.000,app_snapshot_charging,1.0
2026-09-05T20:10:00.000,app_snapshot_power_kw,
2026-09-05T20:10:01.000,pack_voltage_fine,451.4
2026-09-05T20:10:04.000,pack_voltage_fine,451.4
2026-09-05T20:10:07.000,pack_voltage_fine,451.4
2026-09-05T20:10:10.000,pack_voltage_fine,451.4
2026-09-05T20:10:14.000,pack_voltage_fine,451.4
2026-09-05T20:10:17.000,pack_voltage_fine,451.4
2026-09-05T20:10:21.000,pack_voltage_fine,451.4
2026-09-05T20:10:24.000,pack_voltage_fine,451.4
2026-09-05T20:10:28.000,pack_voltage_fine,451.4
2026-09-05T20:10:31.000,pack_voltage_fine,451.4
2026-09-05T20:10:35.000,pack_voltage_fine,451.4
2026-09-05T20:10:39.000,pack_voltage_fine,451.4
2026-09-05T20:10:42.000,pack_voltage_fine,451.4
2026-09-05T20:10:46.000,pack_voltage_fine,451.4
2026-09-05T20:10:50.000,pack_voltage_fine,451.4
2026-09-05T20:10:54.000,pack_voltage_fine,451.4
2026-09-05T20:10:57.000,pack_voltage_fine,451.4
2026-09-05T20:11:00.000,pack_voltage_fine,451.3
2026-09-05T20:11:01.000,app_snapshot_charging,1.0
2026-09-05T20:11:01.000,app_snapshot_power_kw,
2026-09-05T20:11:04.000,pack_voltage_fine,451.3
2026-09-05T20:11:08.000,pack_voltage_fine,451.3
2026-09-05T20:11:12.000,pack_voltage_fine,451.3
2026-09-05T20:11:15.000,pack_voltage_fine,451.3
2026-09-05T20:11:19.000,pack_voltage_fine,451.3
2026-09-05T20:11:22.000,pack_voltage_fine,451.3
2026-09-05T20:11:26.000,pack_voltage_fine,451.3
2026-09-05T20:11:30.000,pack_voltage_fine,451.3
2026-09-05T20:11:33.000,pack_voltage_fine,451.3
2026-09-05T20:11:37.000,pack_voltage_fine,451.3
2026-09-05T20:11:41.000,pack_voltage_fine,451.3
2026-09-05T20:11:44.000,pack_voltage_fine,451.3
2026-09-05T20:11:48.000,pack_voltage_fine,451.3
2026-09-05T20:11:51.000,pack_voltage_fine,451.3
2026-09-05T20:11:55.000,pack_voltage_fine,451.3
2026-09-05T20:11:59.000,pack_voltage_fine,451.3
2026-09-05T20:12:01.000,app_snapshot_charging,1.0
2026-09-05T20:12:01.000,app_snapshot_power_kw,
2026-09-05T20:12:03.000,pack_voltage_fine,451.3
2026-09-05T20:12:06.000,pack_voltage_fine,451.3
2026-09-05T20:12:10.000,pack_voltage_fine,451.3
2026-09-05T20:12:14.000,pack_voltage_fine,451.3
2026-09-05T20:12:17.000,pack_voltage_fine,451.3
2026-09-05T20:12:20.000,pack_voltage_fine,451.3
2026-09-05T20:12:24.000,pack_voltage_fine,451.3
2026-09-05T20:12:27.000,pack_voltage_fine,451.3
2026-09-05T20:12:30.000,pack_voltage_fine,451.3
2026-09-05T20:12:33.000,pack_voltage_fine,451.3
2026-09-05T20:12:37.000,pack_voltage_fine,451.3
2026-09-05T20:12:40.000,pack_voltage_fine,451.3
2026-09-05T20:12:43.000,pack_voltage_fine,451.3
2026-09-05T20:12:46.000,pack_voltage_fine,451.3
2026-09-05T20:12:50.000,pack_voltage_fine,451.3
2026-09-05T20:12:53.000,pack_voltage_fine,451.3
2026-09-05T20:12:56.000,pack_voltage_fine,451.3
2026-09-05T20:13:00.000,pack_voltage_fine,451.3
2026-09-05T20:13:01.000,app_snapshot_charging,1.0
2026-09-05T20:13:01.000,app_snapshot_power_kw,
2026-09-05T20:13:03.000,pack_voltage_fine,451.3
2026-09-05T20:13:06.000,pack_voltage_fine,451.3
2026-09-05T20:13:09.000,pack_voltage_fine,451.3
2026-09-05T20:13:13.000,pack_voltage_fine,451.3
2026-09-05T20:13:16.000,pack_voltage_fine,451.3
2026-09-05T20:13:19.000,pack_voltage_fine,451.3
2026-09-05T20:13:23.000,pack_voltage_fine,451.3
2026-09-05T20:13:26.000,pack_voltage_fine,451.3
2026-09-05T20:13:29.000,pack_voltage_fine,451.3
2026-09-05T20:13:32.000,pack_voltage_fine,451.3
2026-09-05T20:13:36.000,pack_voltage_fine,451.3
2026-09-05T20:13:39.000,pack_voltage_fine,451.3
2026-09-05T20:13:43.000,pack_voltage_fine,451.3
2026-09-05T20:13:46.000,pack_voltage_fine,451.3
2026-09-05T20:13:50.000,pack_voltage_fine,451.3
2026-09-05T20:13:54.000,pack_voltage_fine,451.3
2026-09-05T20:13:58.000,pack_voltage_fine,451.3
2026-09-05T20:14:01.000,app_snapshot_charging,1.0
2026-09-05T20:14:01.000,app_snapshot_power_kw,
2026-09-05T20:14:01.000,pack_voltage_fine,451.3
2026-09-05T20:14:05.000,pack_voltage_fine,451.3
2026-09-05T20:14:08.000,pack_voltage_fine,451.3
2026-09-05T20:14:12.000,pack_voltage_fine,451.3
2026-09-05T20:14:16.000,pack_voltage_fine,451.3
2026-09-05T20:14:20.000,pack_voltage_fine,451.3
2026-09-05T20:14:24.000,pack_voltage_fine,451.3
2026-09-05T20:14:27.000,pack_voltage_fine,451.3
2026-09-05T20:14:31.000,pack_voltage_fine,451.3
2026-09-05T20:14:34.000,pack_voltage_fine,451.3
2026-09-05T20:14:37.000,pack_voltage_fine,451.3
2026-09-05T20:14:41.000,pack_voltage_fine,451.3
2026-09-05T20:14:45.000,pack_voltage_fine,451.3
2026-09-05T20:14:48.000,pack_voltage_fine,451.3
2026-09-05T20:14:52.000,pack_voltage_fine,451.3
2026-09-05T20:14:55.000,pack_voltage_fine,451.3
2026-09-05T20:14:59.000,pack_voltage_fine,451.3
2026-09-05T20:15:01.000,app_snapshot_charging,1.0
2026-09-05T20:15:01.000,app_snapshot_power_kw,
2026-09-05T20:15:03.000,pack_voltage_fine,451.3
2026-09-05T20:15:06.000,pack_voltage_fine,451.3
2026-09-05T20:15:10.000,pack_voltage_fine,451.3
2026-09-05T20:15:13.000,pack_voltage_fine,451.3
2026-09-05T20:15:17.000,pack_voltage_fine,451.3
2026-09-05T20:15:20.000,pack_voltage_fine,451.3
2026-09-05T20:15:24.000,pack_voltage_fine,451.3
2026-09-05T20:15:28.000,pack_voltage_fine,451.3
2026-09-05T20:15:31.000,pack_voltage_fine,451.3
2026-09-05T20:15:35.000,pack_voltage_fine,451.3
2026-09-05T20:15:38.000,pack_voltage_fine,451.3
2026-09-05T20:15:40.000,pack_current,-6.4
2026-09-05T20:15:42.000,pack_voltage_fine,451.3
2026-09-05T20:15:45.000,pack_voltage_fine,451.3
2026-09-05T20:15:48.000,pack_voltage_fine,451.4
2026-09-05T20:15:52.000,pack_voltage_fine,451.4
2026-09-05T20:15:55.000,pack_voltage_fine,451.3
2026-09-05T20:15:58.000,pack_voltage_fine,451.3
2026-09-05T20:16:01.000,app_snapshot_charging,1.0
2026-09-05T20:16:01.000,app_snapshot_power_kw,
2026-09-05T20:16:01.000,pack_voltage_fine,451.2
2026-09-05T20:16:04.000,pack_voltage_fine,451.3
2026-09-05T20:16:07.000,pack_voltage_fine,451.3
2026-09-05T20:16:10.000,pack_current,-6.3
2026-09-05T20:16:11.000,pack_voltage_fine,451.3
2026-09-05T20:16:14.000,pack_voltage_fine,451.4
2026-09-05T20:16:17.000,pack_voltage_fine,451.4
2026-09-05T20:16:21.000,pack_voltage_fine,451.4
2026-09-05T20:16:24.000,pack_voltage_fine,451.4
2026-09-05T20:16:27.000,pack_voltage_fine,451.4
2026-09-05T20:16:31.000,pack_voltage_fine,451.4
2026-09-05T20:16:34.000,pack_voltage_fine,451.4
2026-09-05T20:16:38.000,pack_voltage_fine,451.4
2026-09-05T20:16:40.000,pack_current,-6.4
2026-09-05T20:16:41.000,pack_voltage_fine,451.4
2026-09-05T20:16:44.000,pack_voltage_fine,451.4
2026-09-05T20:16:47.000,pack_voltage_fine,451.4
2026-09-05T20:16:51.000,pack_voltage_fine,451.4
2026-09-05T20:16:54.000,pack_voltage_fine,451.4
2026-09-05T20:16:57.000,pack_voltage_fine,451.3
2026-09-05T20:17:00.000,pack_voltage_fine,451.3
2026-09-05T20:17:01.000,app_snapshot_charging,1.0
2026-09-05T20:17:01.000,app_snapshot_power_kw,
2026-09-05T20:17:04.000,pack_voltage_fine,451.3
2026-09-05T20:17:07.000,pack_voltage_fine,451.3
2026-09-05T20:17:10.000,pack_current,-6.5
2026-09-05T20:17:10.000,pack_voltage_fine,451.3
2026-09-05T20:17:14.000,pack_voltage_fine,451.3
2026-09-05T20:17:17.000,pack_voltage_fine,451.3
2026-09-05T20:17:20.000,pack_voltage_fine,451.3
2026-09-05T20:17:24.000,pack_voltage_fine,451.3
2026-09-05T20:17:27.000,pack_voltage_fine,451.3
2026-09-05T20:17:31.000,pack_voltage_fine,451.3
2026-09-05T20:17:34.000,pack_voltage_fine,451.3
2026-09-05T20:17:38.000,pack_voltage_fine,451.3
2026-09-05T20:17:41.000,pack_voltage_fine,451.3
2026-09-05T20:17:45.000,pack_voltage_fine,451.3
2026-09-05T20:17:48.000,pack_voltage_fine,451.3
2026-09-05T20:17:51.000,pack_voltage_fine,451.3
2026-09-05T20:17:55.000,pack_voltage_fine,451.3
2026-09-05T20:17:58.000,pack_voltage_fine,451.3
2026-09-05T20:18:01.000,app_snapshot_charging,1.0
2026-09-05T20:18:01.000,app_snapshot_power_kw,
2026-09-05T20:18:01.000,pack_voltage_fine,451.3
2026-09-05T20:18:04.000,pack_voltage_fine,451.3
2026-09-05T20:18:08.000,pack_voltage_fine,451.3
2026-09-05T20:18:11.000,pack_voltage_fine,451.3
2026-09-05T20:18:15.000,pack_voltage_fine,451.3
2026-09-05T20:18:18.000,pack_voltage_fine,451.3
2026-09-05T20:18:22.000,pack_voltage_fine,451.3
2026-09-05T20:18:25.000,pack_voltage_fine,451.3
2026-09-05T20:18:28.000,pack_voltage_fine,451.3
2026-09-05T20:18:32.000,pack_voltage_fine,451.3
2026-09-05T20:18:35.000,pack_voltage_fine,451.3
2026-09-05T20:18:38.000,pack_voltage_fine,451.4
2026-09-05T20:18:41.000,pack_current,-6.4
2026-09-05T20:18:42.000,pack_voltage_fine,451.4
2026-09-05T20:18:45.000,pack_voltage_fine,451.4
2026-09-05T20:18:48.000,pack_voltage_fine,451.4
2026-09-05T20:18:51.000,pack_voltage_fine,451.4
2026-09-05T20:18:54.000,pack_voltage_fine,451.4
2026-09-05T20:18:57.000,pack_voltage_fine,451.3
2026-09-05T20:19:00.000,pack_voltage_fine,451.4
2026-09-05T20:19:01.000,app_snapshot_charging,1.0
2026-09-05T20:19:01.000,app_snapshot_power_kw,
2026-09-05T20:19:03.000,pack_voltage_fine,451.4
2026-09-05T20:19:07.000,pack_voltage_fine,451.4
2026-09-05T20:19:10.000,pack_voltage_fine,451.4
2026-09-05T20:19:11.000,pack_current,-6.5
2026-09-05T20:19:13.000,pack_voltage_fine,451.4
2026-09-05T20:19:16.000,pack_voltage_fine,451.3
2026-09-05T20:19:19.000,pack_voltage_fine,451.3
2026-09-05T20:19:23.000,pack_voltage_fine,451.3
2026-09-05T20:19:26.000,pack_voltage_fine,451.3
2026-09-05T20:19:30.000,pack_voltage_fine,451.3
2026-09-05T20:19:33.000,pack_voltage_fine,451.3
2026-09-05T20:19:37.000,pack_voltage_fine,451.3
2026-09-05T20:19:40.000,pack_voltage_fine,451.3
2026-09-05T20:19:43.000,pack_voltage_fine,451.3
2026-09-05T20:19:46.000,pack_voltage_fine,451.3
2026-09-05T20:19:49.000,pack_voltage_fine,451.3
2026-09-05T20:19:52.000,pack_voltage_fine,451.3
2026-09-05T20:19:56.000,pack_voltage_fine,451.3
2026-09-05T20:19:59.000,pack_voltage_fine,451.3
2026-09-05T20:20:01.000,app_snapshot_charging,1.0
2026-09-05T20:20:01.000,app_snapshot_power_kw,
2026-09-05T20:20:02.000,pack_voltage_fine,451.3
2026-09-05T20:20:06.000,pack_voltage_fine,451.3
2026-09-05T20:20:09.000,pack_voltage_fine,451.3
2026-09-05T20:20:12.000,pack_voltage_fine,451.3
2026-09-05T20:20:16.000,pack_voltage_fine,451.3
2026-09-05T20:20:20.000,pack_voltage_fine,451.3
2026-09-05T20:20:23.000,pack_voltage_fine,451.3
2026-09-05T20:20:27.000,pack_voltage_fine,451.3
2026-09-05T20:20:30.000,pack_voltage_fine,451.3
2026-09-05T20:20:34.000,pack_voltage_fine,451.3
2026-09-05T20:20:37.000,pack_voltage_fine,451.3
2026-09-05T20:20:41.000,pack_voltage_fine,451.3
2026-09-05T20:20:46.000,pack_voltage_fine,451.3
2026-09-05T20:20:49.000,pack_voltage_fine,451.3
2026-09-05T20:20:52.000,pack_voltage_fine,451.3
2026-09-05T20:20:55.000,pack_voltage_fine,451.3
2026-09-05T20:20:59.000,pack_voltage_fine,451.3
2026-09-05T20:21:01.000,app_snapshot_charging,1.0
2026-09-05T20:21:01.000,app_snapshot_power_kw,
2026-09-05T20:21:02.000,pack_voltage_fine,451.3
2026-09-05T20:21:05.000,pack_voltage_fine,451.3
2026-09-05T20:21:08.000,pack_voltage_fine,451.3
2026-09-05T20:21:11.000,pack_voltage_fine,451.3
2026-09-05T20:21:15.000,pack_voltage_fine,451.3
2026-09-05T20:21:18.000,pack_voltage_fine,451.3
2026-09-05T20:21:22.000,pack_voltage_fine,451.3
2026-09-05T20:21:25.000,pack_voltage_fine,451.3
2026-09-05T20:21:28.000,pack_voltage_fine,451.3
2026-09-05T20:21:32.000,pack_voltage_fine,451.3
2026-09-05T20:21:35.000,pack_voltage_fine,451.3
2026-09-05T20:21:39.000,pack_voltage_fine,451.3
2026-09-05T20:21:42.000,pack_voltage_fine,451.3
2026-09-05T20:21:45.000,pack_voltage_fine,451.3
2026-09-05T20:21:48.000,pack_voltage_fine,451.3
2026-09-05T20:21:52.000,pack_voltage_fine,451.3
2026-09-05T20:21:55.000,pack_voltage_fine,451.3
2026-09-05T20:21:59.000,pack_voltage_fine,451.3
2026-09-05T20:22:01.000,app_snapshot_charging,1.0
2026-09-05T20:22:01.000,app_snapshot_power_kw,
2026-09-05T20:22:03.000,pack_voltage_fine,451.3
2026-09-05T20:22:07.000,pack_voltage_fine,451.3
2026-09-05T20:22:10.000,pack_voltage_fine,451.3
2026-09-05T20:22:14.000,pack_voltage_fine,451.3
2026-09-05T20:22:18.000,pack_voltage_fine,451.3
2026-09-05T20:22:21.000,pack_voltage_fine,451.3
2026-09-05T20:22:25.000,pack_voltage_fine,451.3
2026-09-05T20:22:30.000,pack_voltage_fine,451.3
2026-09-05T20:22:34.000,pack_voltage_fine,451.3
2026-09-05T20:22:37.000,pack_voltage_fine,451.3
2026-09-05T20:22:41.000,pack_voltage_fine,451.3
2026-09-05T20:22:45.000,pack_voltage_fine,451.3
2026-09-05T20:22:52.000,pack_voltage_fine,451.3
2026-09-05T20:22:55.000,pack_voltage_fine,451.3
2026-09-05T20:22:59.000,pack_voltage_fine,451.3
2026-09-05T20:23:01.000,app_snapshot_charging,1.0
2026-09-05T20:23:01.000,app_snapshot_power_kw,
2026-09-05T20:23:04.000,pack_voltage_fine,451.3
2026-09-05T20:23:12.000,pack_voltage_fine,451.3
2026-09-05T20:23:15.000,pack_voltage_fine,451.3
2026-09-05T20:23:19.000,pack_voltage_fine,451.3
2026-09-05T20:23:23.000,pack_voltage_fine,451.3
2026-09-05T20:23:30.000,pack_voltage_fine,451.3
2026-09-05T20:23:34.000,pack_voltage_fine,451.3
2026-09-05T20:23:37.000,pack_voltage_fine,451.3
2026-09-05T20:23:41.000,pack_voltage_fine,451.3
2026-09-05T20:23:46.000,pack_voltage_fine,451.3
2026-09-05T20:23:50.000,pack_voltage_fine,451.3
2026-09-05T20:23:55.000,pack_voltage_fine,451.3
2026-09-05T20:23:59.000,pack_voltage_fine,451.3
2026-09-05T20:24:01.000,app_snapshot_charging,1.0
2026-09-05T20:24:01.000,app_snapshot_power_kw,
2026-09-05T20:24:02.000,pack_voltage_fine,451.3
2026-09-05T20:24:06.000,pack_voltage_fine,451.3
2026-09-05T20:24:10.000,pack_voltage_fine,451.3
2026-09-05T20:24:15.000,pack_voltage_fine,451.3
2026-09-05T20:24:19.000,pack_voltage_fine,451.3
2026-09-05T20:24:22.000,pack_voltage_fine,451.3
2026-09-05T20:24:26.000,pack_voltage_fine,451.3
2026-09-05T20:24:32.000,pack_voltage_fine,451.3
2026-09-05T20:24:37.000,pack_voltage_fine,451.3
2026-09-05T20:24:40.000,pack_voltage_fine,451.3
2026-09-05T20:24:44.000,pack_voltage_fine,451.3
2026-09-05T20:24:47.000,pack_voltage_fine,451.3
2026-09-05T20:24:51.000,pack_voltage_fine,451.5
2026-09-05T20:24:55.000,pack_voltage_fine,451.3
2026-09-05T20:24:58.000,pack_voltage_fine,451.3
2026-09-05T20:25:01.000,app_snapshot_charging,1.0
2026-09-05T20:25:01.000,app_snapshot_power_kw,
2026-09-05T20:25:02.000,pack_voltage_fine,451.3
2026-09-05T20:25:05.000,pack_voltage_fine,451.3
2026-09-05T20:25:15.000,pack_voltage_fine,451.3
2026-09-05T20:25:19.000,pack_voltage_fine,451.3
2026-09-05T20:25:22.000,pack_voltage_fine,451.3
2026-09-05T20:25:25.000,pack_voltage_fine,451.3
2026-09-05T20:25:33.000,pack_voltage_fine,451.3
2026-09-05T20:25:36.000,pack_voltage_fine,451.3
2026-09-05T20:25:39.000,pack_voltage_fine,451.3
2026-09-05T20:25:43.000,pack_voltage_fine,451.3
2026-09-05T20:25:47.000,pack_voltage_fine,451.3
2026-09-05T20:25:52.000,pack_voltage_fine,451.3
2026-09-05T20:26:01.000,pack_voltage_fine,451.3
2026-09-05T20:26:02.000,app_snapshot_charging,1.0
2026-09-05T20:26:02.000,app_snapshot_power_kw,
2026-09-05T20:26:04.000,pack_voltage_fine,451.3
2026-09-05T20:26:08.000,pack_voltage_fine,451.3
2026-09-05T20:26:11.000,pack_voltage_fine,451.3
2026-09-05T20:26:20.000,pack_voltage_fine,451.5
2026-09-05T20:26:24.000,pack_voltage_fine,451.3
2026-09-05T20:26:27.000,pack_voltage_fine,451.3
2026-09-05T20:26:31.000,pack_voltage_fine,451.3
2026-09-05T20:26:34.000,pack_voltage_fine,451.3
2026-09-05T20:26:40.000,pack_voltage_fine,451.5
2026-09-05T20:26:44.000,pack_voltage_fine,451.3
2026-09-05T20:26:47.000,pack_voltage_fine,451.3
2026-09-05T20:26:51.000,pack_voltage_fine,451.3
2026-09-05T20:26:54.000,pack_voltage_fine,451.3
2026-09-05T20:27:00.000,pack_voltage_fine,451.5
2026-09-05T20:27:02.000,app_snapshot_charging,1.0
2026-09-05T20:27:02.000,app_snapshot_power_kw,
2026-09-05T20:27:04.000,pack_voltage_fine,451.3
2026-09-05T20:27:07.000,pack_voltage_fine,451.3
2026-09-05T20:27:11.000,pack_voltage_fine,451.3
2026-09-05T20:27:24.000,pack_voltage_fine,451.3
2026-09-05T20:27:27.000,pack_voltage_fine,451.3
2026-09-05T20:27:32.000,pack_voltage_fine,451.3
2026-09-05T20:27:38.000,pack_voltage_fine,451.3
2026-09-05T20:27:41.000,pack_voltage_fine,451.3
2026-09-05T20:27:45.000,pack_voltage_fine,451.3
2026-09-05T20:27:49.000,pack_voltage_fine,451.3
2026-09-05T20:27:52.000,pack_voltage_fine,451.3
2026-09-05T20:27:59.000,pack_voltage_fine,451.5
2026-09-05T20:28:02.000,app_snapshot_charging,1.0
2026-09-05T20:28:02.000,app_snapshot_power_kw,
2026-09-05T20:28:03.000,pack_voltage_fine,451.5
2026-09-05T20:28:08.000,pack_voltage_fine,451.3
2026-09-05T20:28:11.000,pack_voltage_fine,451.3
2026-09-05T20:28:15.000,pack_voltage_fine,451.3
2026-09-05T20:28:25.000,pack_voltage_fine,451.5
2026-09-05T20:28:29.000,pack_voltage_fine,451.3
2026-09-05T20:28:34.000,pack_voltage_fine,451.3
2026-09-05T20:28:38.000,pack_voltage_fine,451.5
2026-09-05T20:28:41.000,pack_voltage_fine,451.5
2026-09-05T20:28:52.000,pack_voltage_fine,451.3
2026-09-05T20:28:58.000,pack_voltage_fine,451.5
2026-09-05T20:29:01.000,pack_voltage_fine,451.5
2026-09-05T20:29:02.000,app_snapshot_charging,1.0
2026-09-05T20:29:02.000,app_snapshot_power_kw,
2026-09-05T20:29:04.000,pack_voltage_fine,451.5
2026-09-05T20:29:07.000,pack_voltage_fine,451.5
2026-09-05T20:29:16.000,pack_voltage_fine,451.3
2026-09-05T20:29:20.000,pack_voltage_fine,451.5
2026-09-05T20:29:24.000,pack_voltage_fine,451.5
2026-09-05T20:29:27.000,pack_voltage_fine,451.5
2026-09-05T20:29:33.000,pack_voltage_fine,451.3
2026-09-05T20:29:40.000,pack_voltage_fine,451.5
2026-09-05T20:29:44.000,pack_voltage_fine,451.5
2026-09-05T20:29:47.000,pack_voltage_fine,451.5
2026-09-05T20:30:00.000,pack_voltage_fine,451.3
2026-09-05T20:30:02.000,app_snapshot_charging,1.0
2026-09-05T20:30:02.000,app_snapshot_power_kw,
2026-09-05T20:30:10.000,pack_voltage_fine,451.3
2026-09-05T20:30:13.000,pack_voltage_fine,451.3
2026-09-05T20:30:15.000,pack_current,-6.4
2026-09-05T20:30:17.000,pack_voltage_fine,451.3
2026-09-05T20:30:21.000,pack_voltage_fine,451.3
2026-09-05T20:30:24.000,pack_voltage_fine,451.3
2026-09-05T20:30:31.000,pack_voltage_fine,451.3
2026-09-05T20:30:35.000,pack_voltage_fine,451.3
2026-09-05T20:30:38.000,pack_voltage_fine,451.3
2026-09-05T20:30:42.000,pack_voltage_fine,451.3
2026-09-05T20:30:45.000,pack_current,-6.3
2026-09-05T20:30:52.000,pack_voltage_fine,451.3
2026-09-05T20:30:55.000,pack_voltage_fine,451.3
2026-09-05T20:30:59.000,pack_voltage_fine,451.3
2026-09-05T20:31:02.000,app_snapshot_charging,1.0
2026-09-05T20:31:02.000,app_snapshot_power_kw,
2026-09-05T20:31:02.000,pack_voltage_fine,451.3
2026-09-05T20:31:15.000,pack_current,-6.4
2026-09-05T20:31:15.000,pack_voltage_fine,451.3
2026-09-05T20:31:18.000,pack_voltage_fine,451.3
2026-09-05T20:31:22.000,pack_voltage_fine,451.3
2026-09-05T20:31:35.000,pack_voltage_fine,451.3
2026-09-05T20:31:38.000,pack_voltage_fine,451.3
2026-09-05T20:31:43.000,pack_voltage_fine,451.3
2026-09-05T20:31:48.000,pack_voltage_fine,451.5
2026-09-05T20:31:52.000,pack_voltage_fine,451.5
2026-09-05T20:32:02.000,app_snapshot_charging,1.0
2026-09-05T20:32:02.000,app_snapshot_power_kw,
2026-09-05T20:32:03.000,pack_voltage_fine,451.5
2026-09-05T20:32:06.000,pack_voltage_fine,451.5
2026-09-05T20:32:09.000,pack_voltage_fine,451.5
2026-09-05T20:32:12.000,pack_voltage_fine,451.5
2026-09-05T20:32:16.000,pack_current,-6.5
2026-09-05T20:32:16.000,pack_voltage_fine,451.5
2026-09-05T20:32:19.000,pack_voltage_fine,451.5
2026-09-05T20:32:22.000,pack_voltage_fine,451.5
2026-09-05T20:32:29.000,pack_voltage_fine,451.5
2026-09-05T20:32:33.000,pack_voltage_fine,451.5
2026-09-05T20:32:36.000,pack_voltage_fine,451.5
2026-09-05T20:32:40.000,pack_voltage_fine,451.5
2026-09-05T20:32:46.000,pack_voltage_fine,451.3
2026-09-05T20:32:50.000,pack_voltage_fine,451.5
2026-09-05T20:32:54.000,pack_voltage_fine,451.5
2026-09-05T20:32:57.000,pack_voltage_fine,451.5
2026-09-05T20:33:02.000,app_snapshot_charging,1.0
2026-09-05T20:33:02.000,app_snapshot_power_kw,
2026-09-05T20:33:05.000,pack_voltage_fine,451.5
2026-09-05T20:33:08.000,pack_voltage_fine,451.5
2026-09-05T20:33:11.000,pack_voltage_fine,451.5
2026-09-05T20:33:15.000,pack_voltage_fine,451.5
2026-09-05T20:33:18.000,pack_voltage_fine,451.5
2026-09-05T20:33:22.000,pack_voltage_fine,451.5
2026-09-05T20:33:29.000,pack_voltage_fine,451.5
2026-09-05T20:33:33.000,pack_voltage_fine,451.5
2026-09-05T20:33:36.000,pack_voltage_fine,451.5
2026-09-05T20:33:47.000,pack_voltage_fine,451.5
2026-09-05T20:33:51.000,pack_voltage_fine,451.5
2026-09-05T20:33:54.000,pack_voltage_fine,451.5
2026-09-05T20:33:57.000,pack_voltage_fine,451.5
2026-09-05T20:34:01.000,pack_voltage_fine,451.5
2026-09-05T20:34:02.000,app_snapshot_charging,1.0
2026-09-05T20:34:02.000,app_snapshot_power_kw,
2026-09-05T20:34:04.000,pack_voltage_fine,451.5
2026-09-05T20:34:08.000,pack_voltage_fine,451.5
2026-09-05T20:34:11.000,pack_voltage_fine,451.5
2026-09-05T20:34:14.000,pack_voltage_fine,451.5
2026-09-05T20:34:18.000,pack_voltage_fine,451.5
2026-09-05T20:34:21.000,pack_voltage_fine,451.5
2026-09-05T20:34:25.000,pack_voltage_fine,451.5
2026-09-05T20:34:28.000,pack_voltage_fine,451.5
2026-09-05T20:34:31.000,pack_voltage_fine,451.5
2026-09-05T20:34:35.000,pack_voltage_fine,451.5
2026-09-05T20:34:38.000,pack_voltage_fine,451.5
2026-09-05T20:34:41.000,pack_voltage_fine,451.5
2026-09-05T20:34:45.000,pack_voltage_fine,451.5
2026-09-05T20:34:48.000,pack_voltage_fine,451.5
2026-09-05T20:34:51.000,pack_voltage_fine,451.5
2026-09-05T20:34:54.000,pack_voltage_fine,451.5
2026-09-05T20:34:57.000,pack_voltage_fine,451.5
2026-09-05T20:35:01.000,pack_voltage_fine,451.5
2026-09-05T20:35:02.000,app_snapshot_charging,1.0
2026-09-05T20:35:02.000,app_snapshot_power_kw,
2026-09-05T20:35:04.000,pack_voltage_fine,451.5
2026-09-05T20:35:07.000,pack_voltage_fine,451.5
2026-09-05T20:35:11.000,pack_voltage_fine,451.5
2026-09-05T20:35:14.000,pack_voltage_fine,451.5
2026-09-05T20:35:17.000,pack_voltage_fine,451.4
2026-09-05T20:35:21.000,pack_voltage_fine,451.4
2026-09-05T20:35:24.000,pack_voltage_fine,451.4
2026-09-05T20:35:27.000,pack_voltage_fine,451.4
2026-09-05T20:35:30.000,pack_voltage_fine,451.5
2026-09-05T20:35:34.000,pack_voltage_fine,451.5
2026-09-05T20:35:37.000,pack_voltage_fine,451.5
2026-09-05T20:35:40.000,pack_voltage_fine,451.5
2026-09-05T20:35:44.000,pack_voltage_fine,451.5
2026-09-05T20:35:47.000,pack_voltage_fine,451.5
2026-09-05T20:35:50.000,pack_voltage_fine,451.5
2026-09-05T20:35:54.000,pack_voltage_fine,451.5
2026-09-05T20:35:57.000,pack_voltage_fine,451.5
2026-09-05T20:36:00.000,pack_voltage_fine,451.5
2026-09-05T20:36:02.000,app_snapshot_charging,1.0
2026-09-05T20:36:02.000,app_snapshot_power_kw,
2026-09-05T20:36:03.000,pack_voltage_fine,451.5
2026-09-05T20:36:07.000,pack_voltage_fine,451.5
2026-09-05T20:36:10.000,pack_voltage_fine,451.5
2026-09-05T20:36:14.000,pack_voltage_fine,451.5
2026-09-05T20:36:17.000,pack_voltage_fine,451.5
2026-09-05T20:36:20.000,pack_voltage_fine,451.5
2026-09-05T20:36:24.000,pack_voltage_fine,451.5
2026-09-05T20:36:28.000,pack_voltage_fine,451.5
2026-09-05T20:36:31.000,pack_voltage_fine,451.5
2026-09-05T20:36:34.000,pack_voltage_fine,451.5
2026-09-05T20:36:38.000,pack_voltage_fine,451.5
2026-09-05T20:36:41.000,pack_voltage_fine,451.5
2026-09-05T20:36:45.000,pack_voltage_fine,451.5
2026-09-05T20:36:48.000,pack_voltage_fine,451.5
2026-09-05T20:36:52.000,pack_voltage_fine,451.5
2026-09-05T20:36:55.000,pack_voltage_fine,451.5
2026-09-05T20:36:59.000,pack_voltage_fine,451.5
2026-09-05T20:37:02.000,app_snapshot_charging,1.0
2026-09-05T20:37:02.000,app_snapshot_power_kw,
2026-09-05T20:37:02.000,pack_voltage_fine,451.5
2026-09-05T20:37:05.000,pack_voltage_fine,451.5
2026-09-05T20:37:09.000,pack_voltage_fine,451.5
2026-09-05T20:37:12.000,pack_voltage_fine,451.5
2026-09-05T20:37:15.000,pack_voltage_fine,451.5
2026-09-05T20:37:18.000,pack_voltage_fine,451.5
2026-09-05T20:37:21.000,pack_voltage_fine,451.5
2026-09-05T20:37:24.000,pack_voltage_fine,451.5
2026-09-05T20:37:27.000,pack_voltage_fine,451.5
2026-09-05T20:37:31.000,pack_voltage_fine,451.5
2026-09-05T20:37:34.000,pack_voltage_fine,451.5
2026-09-05T20:37:38.000,pack_voltage_fine,451.5
2026-09-05T20:37:41.000,pack_voltage_fine,451.5
2026-09-05T20:37:44.000,pack_voltage_fine,451.5
2026-09-05T20:37:47.000,pack_voltage_fine,451.5
2026-09-05T20:37:51.000,pack_voltage_fine,451.5
2026-09-05T20:37:55.000,pack_voltage_fine,451.5
2026-09-05T20:37:58.000,pack_voltage_fine,451.5
2026-09-05T20:38:01.000,pack_voltage_fine,451.5
2026-09-05T20:38:02.000,app_snapshot_charging,1.0
2026-09-05T20:38:02.000,app_snapshot_power_kw,
2026-09-05T20:38:05.000,pack_voltage_fine,451.5
2026-09-05T20:38:08.000,pack_voltage_fine,451.5
2026-09-05T20:38:12.000,pack_voltage_fine,451.5
2026-09-05T20:38:15.000,pack_voltage_fine,451.5
2026-09-05T20:38:19.000,pack_voltage_fine,451.5
2026-09-05T20:38:22.000,pack_voltage_fine,451.5
2026-09-05T20:38:25.000,pack_voltage_fine,451.5
2026-09-05T20:38:28.000,pack_voltage_fine,451.5
2026-09-05T20:38:32.000,pack_voltage_fine,451.5
2026-09-05T20:38:36.000,pack_voltage_fine,451.5
2026-09-05T20:38:39.000,pack_voltage_fine,451.5
2026-09-05T20:38:42.000,pack_voltage_fine,451.5
2026-09-05T20:38:46.000,pack_voltage_fine,451.5
2026-09-05T20:38:49.000,pack_voltage_fine,451.5
2026-09-05T20:38:53.000,pack_voltage_fine,451.5
2026-09-05T20:38:56.000,pack_voltage_fine,451.5
2026-09-05T20:39:00.000,pack_voltage_fine,451.5
2026-09-05T20:39:02.000,app_snapshot_charging,1.0
2026-09-05T20:39:02.000,app_snapshot_power_kw,
2026-09-05T20:39:04.000,pack_voltage_fine,451.5
2026-09-05T20:39:07.000,pack_voltage_fine,451.5
2026-09-05T20:39:11.000,pack_voltage_fine,451.5
2026-09-05T20:39:14.000,pack_voltage_fine,451.5
2026-09-05T20:39:18.000,pack_voltage_fine,451.5
2026-09-05T20:39:21.000,pack_voltage_fine,451.5
2026-09-05T20:39:25.000,pack_voltage_fine,451.5
2026-09-05T20:39:28.000,pack_voltage_fine,451.5
2026-09-05T20:39:29.000,pack_voltage,450.0
2026-09-05T20:39:30.000,pack_current,0.9
2026-09-05T20:39:31.000,pack_voltage_fine,450.3
2026-09-05T20:39:34.000,pack_voltage_fine,450.1
2026-09-05T20:39:39.000,pack_voltage_fine,450.0
2026-09-05T20:39:49.000,pack_current,0.0
2026-09-05T20:39:49.000,pack_voltage_fine,450.3
2026-09-05T20:39:51.000,pack_voltage,451.0
2026-09-05T20:39:52.000,pack_current,-5.5
2026-09-05T20:39:52.000,pack_voltage_fine,451.1
2026-09-05T20:39:56.000,pack_current,-6.0
2026-09-05T20:39:56.000,pack_voltage_fine,451.2
2026-09-05T20:40:00.000,pack_voltage_fine,451.2
2026-09-05T20:40:02.000,app_snapshot_charging,1.0
2026-09-05T20:40:02.000,app_snapshot_power_kw,2.706
2026-09-05T20:40:03.000,pack_voltage_fine,451.1
2026-09-05T20:40:07.000,pack_voltage_fine,451.1
2026-09-05T20:40:10.000,pack_voltage_fine,451.2
2026-09-05T20:40:13.000,pack_voltage_fine,451.3
2026-09-05T20:40:17.000,pack_voltage_fine,451.3
2026-09-05T20:40:20.000,pack_voltage_fine,451.3
2026-09-05T20:40:24.000,pack_voltage_fine,451.3
2026-09-05T20:40:28.000,pack_voltage_fine,451.3
2026-09-05T20:40:31.000,pack_voltage_fine,451.3
2026-09-05T20:40:34.000,pack_voltage_fine,451.2
2026-09-05T20:40:37.000,pack_voltage_fine,451.3
2026-09-05T20:40:40.000,pack_voltage_fine,451.2
2026-09-05T20:40:44.000,pack_voltage_fine,451.2
2026-09-05T20:40:47.000,pack_voltage_fine,451.2
2026-09-05T20:40:51.000,pack_voltage_fine,451.3
2026-09-05T20:40:54.000,pack_voltage_fine,451.4
