property_name,featureID,featureID_hex,featureID_highbyte,dataType_code,dataType_guess,access,interfaceName_int,interfaceName
0x3E00008,65011720,0x3E00008,0x03,,?,READ,,(unset)
0x5100400,84935680,0x5100400,0x05,2,Long?,READ,,(unset)
0x5100490,84935824,0x5100490,0x05,12,?12,READ,4,CHARGING
0x5300000,87031808,0x5300000,0x05,2,Long?,READ,,(unset)
0x5500000,89128960,0x5500000,0x05,2,Long?,READ,,(unset)
0x5500008,89128968,0x5500008,0x05,3,Float?,READ,,(unset)
0x550000A,89128970,0x550000A,0x05,4,Double?,READ,,(unset)
0x550000D,89128973,0x550000D,0x05,4,Double?,READ,,(unset)
0x550000E,89128974,0x550000E,0x05,4,Double?,READ,,(unset)
0x5500011,89128977,0x5500011,0x05,1,Integer?,READ,,(unset)
0x5500017,89128983,0x5500017,0x05,3,Float?,READ,,(unset)
0x550001A,89128986,0x550001A,0x05,1,Integer?,READ,,(unset)
0x550001B,89128987,0x550001B,0x05,1,Integer?,READ,,(unset)
0x550001C,89128988,0x550001C,0x05,5,?,READ,,(unset)
0x550001E,89128990,0x550001E,0x05,2,Long?,READ,,(unset)
0x5500030,89129008,0x5500030,0x05,5,?,READ,,(unset)
0x5500031,89129009,0x5500031,0x05,6,?,READ,,(unset)
0x5500038,89129016,0x5500038,0x05,6,?,READ,,(unset)
0x5500043,89129027,0x5500043,0x05,7,?,READ,,(unset)
0x5A01010,94375952,0x5A01010,0x05,1,Integer?,READ,,(unset)
0x5B00000,95420416,0x5B00000,0x05,2,Long?,READ,,(unset)
0x5B0002A,95420458,0x5B0002A,0x05,1,Integer?,READ,,(unset)
0x6300000,103809024,0x6300000,0x06,2,Long?,READ,,(unset)
0x630000C,103809036,0x630000C,0x06,1,Integer?,READ,,(unset)
0x6800008,109051912,0x6800008,0x06,2,Long?,READ,1,SETTING
0x705D5E9,117822953,0x705D5E9,0x07,12,?12,READ,,(unset)
0x7E99266,132747878,0x7E99266,0x07,1,Integer?,READ,,(unset)
0x8000020,134217760,0x8000020,0x08,8,?,READ,4,CHARGING
0x8C00000,146800640,0x8C00000,0x08,2,Long?,READ,,(unset)
0x8C00008,146800648,0x8C00008,0x08,9,?9,READ,,(unset)
0x8C00010,146800656,0x8C00010,0x08,9,?9,READ,,(unset)
0x8C00018,146800664,0x8C00018,0x08,9,?9,READ,,(unset)
0x8C00021,146800673,0x8C00021,0x08,9,?9,READ,,(unset)
0x8C00027,146800679,0x8C00027,0x08,9,?9,READ,,(unset)
0x8C0002C,146800684,0x8C0002C,0x08,9,?9,READ,,(unset)
0x8C00032,146800690,0x8C00032,0x08,9,?9,READ,,(unset)
0x8C00033,146800691,0x8C00033,0x08,9,?9,READ,,(unset)
0x8C00034,146800692,0x8C00034,0x08,9,?9,READ,,(unset)
0x8C00035,146800693,0x8C00035,0x08,9,?9,READ,,(unset)
0x8C00037,146800695,0x8C00037,0x08,9,?9,READ,,(unset)
0x8E00400,148898816,0x8E00400,0x08,2,Long?,READ,,(unset)
0x8E0042A,148898858,0x8E0042A,0x08,1,Integer?,READ,,(unset)
0x8E0042C,148898860,0x8E0042C,0x08,1,Integer?,READ,,(unset)
0x8E00448,148898888,0x8E00448,0x08,1,Integer?,READ,,(unset)
0x8E00449,148898889,0x8E00449,0x08,1,Integer?,READ,,(unset)
0x8E0044C,148898892,0x8E0044C,0x08,1,Integer?,READ,,(unset)
0x8E0044D,148898893,0x8E0044D,0x08,1,Integer?,READ,,(unset)
0x8E0044E,148898894,0x8E0044E,0x08,1,Integer?,READ,,(unset)
0x8E00450,148898896,0x8E00450,0x08,1,Integer?,READ,,(unset)
0x8E00451,148898897,0x8E00451,0x08,1,Integer?,READ,,(unset)
0x9100808,152045576,0x9100808,0x09,2,Long?,READ,,(unset)
0x9500000,156237824,0x9500000,0x09,2,Long?,READ,,(unset)
0x950000F,156237839,0x950000F,0x09,1,Integer?,READ,,(unset)
0x950001E,156237854,0x950001E,0x09,1,Integer?,READ,,(unset)
0x9500020,156237856,0x9500020,0x09,1,Integer?,READ,,(unset)
0x9500022,156237858,0x9500022,0x09,1,Integer?,READ,,(unset)
0x9700000,158334976,0x9700000,0x09,2,Long?,READ,,(unset)
0x970002A,158335018,0x970002A,0x09,1,Integer?,READ,,(unset)
0x970002C,158335020,0x970002C,0x09,1,Integer?,READ,,(unset)
0xA000008,167772168,0xA000008,0x0A,1,Integer?,READ,,(unset)
0xA200000,169869312,0xA200000,0x0A,2,Long?,READ,,(unset)
0xA200008,169869320,0xA200008,0x0A,1,Integer?,READ,,(unset)
0xA202000,169877504,0xA202000,0x0A,2,Long?,READ,,(unset)
0xA207000,169897984,0xA207000,0x0A,2,Long?,READ,,(unset)
0xA209000,169906176,0xA209000,0x0A,2,Long?,READ,,(unset)
0xA20A000,169910272,0xA20A000,0x0A,2,Long?,READ,,(unset)
0xA216000,169959424,0xA216000,0x0A,2,Long?,READ,,(unset)
0xA300000,170917888,0xA300000,0x0A,2,Long?,READ,,(unset)
0xA300009,170917897,0xA300009,0x0A,4,Double?,READ,,(unset)
0xA300010,170917904,0xA300010,0x0A,4,Double?,READ,,(unset)
0xA300012,170917906,0xA300012,0x0A,4,Double?,READ,,(unset)
0xA300014,170917908,0xA300014,0x0A,4,Double?,READ,,(unset)
0xA30001C,170917916,0xA30001C,0x0A,4,Double?,READ,,(unset)
0xA300020,170917920,0xA300020,0x0A,4,Double?,READ,,(unset)
0xAA00000,178257920,0xAA00000,0x0A,2,Long?,READ,,(unset)
0xAA0002A,178257962,0xAA0002A,0x0A,1,Integer?,READ,,(unset)
0xAE00000,182452224,0xAE00000,0x0A,2,Long?,READ,,(unset)
0xAE0000D,182452237,0xAE0000D,0x0A,1,Integer?,READ,,(unset)
0xAE0000F,182452239,0xAE0000F,0x0A,1,Integer?,READ,,(unset)
0xAE00010,182452240,0xAE00010,0x0A,1,Integer?,READ,,(unset)
0xAE00011,182452241,0xAE00011,0x0A,1,Integer?,READ,,(unset)
0xAE00012,182452242,0xAE00012,0x0A,1,Integer?,READ,,(unset)
0xAE00022,182452258,0xAE00022,0x0A,12,?12,READ,4,CHARGING
0xAE00036,182452278,0xAE00036,0x0A,12,?12,READ,,(unset)
0xAE00038,182452280,0xAE00038,0x0A,12,?12,READ,,(unset)
0xC1377C1,202602433,0xC1377C1,0x0C,23,?23,READ,,(unset)
0xD500013,223346707,0xD500013,0x0D,12,?12,READ,,(unset)
0xD500018,223346712,0xD500018,0x0D,12,?12,READ,,(unset)
0xD50001D,223346717,0xD50001D,0x0D,1,Integer?,READ,,(unset)
0xD50001E,223346718,0xD50001E,0x0D,12,?12,READ,,(unset)
0xDB00022,229638178,0xDB00022,0x0D,13,?13,READ,,(unset)
0xDB0002E,229638190,0xDB0002E,0x0D,13,?13,READ,,(unset)
0xDB00030,229638192,0xDB00030,0x0D,13,?13,READ,,(unset)
0xDC00000,230686720,0xDC00000,0x0D,2,Long?,READ,,(unset)
0xDC0000E,230686734,0xDC0000E,0x0D,12,?12,READ,,(unset)
0xDC00011,230686737,0xDC00011,0x0D,12,?12,READ,,(unset)
0xDC00016,230686742,0xDC00016,0x0D,12,?12,READ,,(unset)
0xDC00018,230686744,0xDC00018,0x0D,12,?12,READ,,(unset)
0xDC00028,230686760,0xDC00028,0x0D,12,?12,READ,,(unset)
0xDC00038,230686776,0xDC00038,0x0D,12,?12,READ,,(unset)
0xDC00048,230686792,0xDC00048,0x0D,12,?12,READ,,(unset)
0xED00008,248512520,0xED00008,0x0E,1,Integer?,READ,,(unset)
0xED00009,248512521,0xED00009,0x0E,1,Integer?,READ,,(unset)
0xED0000B,248512523,0xED0000B,0x0E,1,Integer?,READ,,(unset)
0xED0000C,248512524,0xED0000C,0x0E,1,Integer?,READ,,(unset)
0xED00010,248512528,0xED00010,0x0E,1,Integer?,READ,,(unset)
0xED00011,248512529,0xED00011,0x0E,1,Integer?,READ,,(unset)
0xED0001B,248512539,0xED0001B,0x0E,1,Integer?,READ,,(unset)
0xED00023,248512547,0xED00023,0x0E,1,Integer?,READ,,(unset)
0xED00024,248512548,0xED00024,0x0E,1,Integer?,READ,,(unset)
0xED00025,248512549,0xED00025,0x0E,1,Integer?,READ,,(unset)
0xED00026,248512550,0xED00026,0x0E,1,Integer?,READ,,(unset)
0xED00027,248512551,0xED00027,0x0E,1,Integer?,READ,,(unset)
0xED0002F,248512559,0xED0002F,0x0E,1,Integer?,READ,,(unset)
0xED00037,248512567,0xED00037,0x0E,1,Integer?,READ,,(unset)
0xED0003F,248512575,0xED0003F,0x0E,1,Integer?,READ,,(unset)
0xED00047,248512583,0xED00047,0x0E,1,Integer?,READ,4,CHARGING
0xED00053,248512595,0xED00053,0x0E,1,Integer?,READ,,(unset)
0xED0005D,248512605,0xED0005D,0x0E,1,Integer?,READ,,(unset)
0xED00064,248512612,0xED00064,0x0E,1,Integer?,READ,,(unset)
0xED00067,248512615,0xED00067,0x0E,1,Integer?,READ,,(unset)
0xED0006A,248512618,0xED0006A,0x0E,1,Integer?,READ,,(unset)
0xED0006D,248512621,0xED0006D,0x0E,1,Integer?,READ,,(unset)
0xED00078,248512632,0xED00078,0x0E,1,Integer?,READ,,(unset)
0xED0007C,248512636,0xED0007C,0x0E,1,Integer?,READ,,(unset)
0xED00080,248512640,0xED00080,0x0E,1,Integer?,READ,,(unset)
0xED00081,248512641,0xED00081,0x0E,1,Integer?,READ,,(unset)
0xF400000,255852544,0xF400000,0x0F,2,Long?,READ,,(unset)
0xF400097,255852695,0xF400097,0x0F,12,?12,READ,,(unset)
0xF4000B0,255852720,0xF4000B0,0x0F,1,Integer?,READ,,(unset)
0xF4000EC,255852780,0xF4000EC,0x0F,1,Integer?,READ,,(unset)
0xF40011A,255852826,0xF40011A,0x0F,12,?12,READ,,(unset)
0xF40011F,255852831,0xF40011F,0x0F,14,?,READ,,(unset)
0xF400140,255852864,0xF400140,0x0F,1,Integer?,READ,,(unset)
0xF40014A,255852874,0xF40014A,0x0F,12,?12,READ,,(unset)
0xF40014B,255852875,0xF40014B,0x0F,12,?12,READ,,(unset)
0xF4001A5,255852965,0xF4001A5,0x0F,1,Integer?,READ,,(unset)
0xF4001A6,255852966,0xF4001A6,0x0F,1,Integer?,READ,,(unset)
0xF4001A7,255852967,0xF4001A7,0x0F,1,Integer?,READ,,(unset)
0xF4001B5,255852981,0xF4001B5,0x0F,1,Integer?,READ,,(unset)
0xF4001D7,255853015,0xF4001D7,0x0F,12,?12,READ,,(unset)
0xF4001F5,255853045,0xF4001F5,0x0F,1,Integer?,READ,,(unset)
0xFC00068,264241256,0xFC00068,0x0F,6,?,READ,,(unset)
0xFC00078,264241272,0xFC00078,0x0F,6,?,READ,,(unset)
0xFC00088,264241288,0xFC00088,0x0F,6,?,READ,,(unset)
0xFC00098,264241304,0xFC00098,0x0F,6,?,READ,,(unset)
0xFC000B0,264241328,0xFC000B0,0x0F,15,?,READ,,(unset)
0xFC000C0,264241344,0xFC000C0,0x0F,15,?,READ,,(unset)
0xFC000D0,264241360,0xFC000D0,0x0F,15,?,READ,,(unset)
0xFC000E0,264241376,0xFC000E0,0x0F,15,?,READ,,(unset)
0xFE00048,266338376,0xFE00048,0x0F,12,?12,READ,,(unset)
0xFE00400,266339328,0xFE00400,0x0F,2,Long?,READ,,(unset)
0xFE00441,266339393,0xFE00441,0x0F,12,?12,READ,,(unset)
0xFE00442,266339394,0xFE00442,0x0F,12,?12,READ,,(unset)
0xFE00444,266339396,0xFE00444,0x0F,12,?12,READ,,(unset)
0xFE00445,266339397,0xFE00445,0x0F,12,?12,READ,,(unset)
0xFE0044B,266339403,0xFE0044B,0x0F,12,?12,READ,,(unset)
0xFE004B7,266339511,0xFE004B7,0x0F,12,?12,READ,,(unset)
0xFE004B8,266339512,0xFE004B8,0x0F,12,?12,READ,4,CHARGING
0xFE004C4,266339524,0xFE004C4,0x0F,12,?12,READ,4,CHARGING
0x10800000,276824064,0x10800000,0x10,2,Long?,READ,,(unset)
0x10800035,276824117,0x10800035,0x10,2,Long?,READ,,(unset)
0x10900000,277872640,0x10900000,0x10,2,Long?,READ,,(unset)
0x10900028,277872680,0x10900028,0x10,2,Long?,READ,,(unset)
0x1090002B,277872683,0x1090002B,0x10,2,Long?,READ,,(unset)
0x1090002D,277872685,0x1090002D,0x10,2,Long?,READ,,(unset)
0x1090002F,277872687,0x1090002F,0x10,12,?12,READ,,(unset)
0x10900034,277872692,0x10900034,0x10,2,Long?,READ,,(unset)
0x10900036,277872694,0x10900036,0x10,2,Long?,READ,,(unset)
0x10900038,277872696,0x10900038,0x10,2,Long?,READ,,(unset)
0x10900048,277872712,0x10900048,0x10,2,Long?,READ,,(unset)
0x10900049,277872713,0x10900049,0x10,2,Long?,READ,,(unset)
0x1090004A,277872714,0x1090004A,0x10,2,Long?,READ,,(unset)
0x1090004B,277872715,0x1090004B,0x10,2,Long?,READ,,(unset)
0x10900058,277872728,0x10900058,0x10,1,Integer?,READ,,(unset)
0x10900068,277872744,0x10900068,0x10,1,Integer?,READ,,(unset)
0x10900078,277872760,0x10900078,0x10,1,Integer?,READ,,(unset)
0x10900088,277872776,0x10900088,0x10,1,Integer?,READ,,(unset)
0x109000B8,277872824,0x109000B8,0x10,2,Long?,READ,4,CHARGING
0x10900118,277872920,0x10900118,0x10,1,Integer?,READ,,(unset)
0x1090011C,277872924,0x1090011C,0x10,1,Integer?,READ,4,CHARGING
0x10900127,277872935,0x10900127,0x10,1,Integer?,READ,4,CHARGING
0x10900132,277872946,0x10900132,0x10,2,Long?,READ,,(unset)
0x1090013C,277872956,0x1090013C,0x10,2,Long?,READ,,(unset)
0x10900148,277872968,0x10900148,0x10,2,Long?,READ,,(unset)
0x1090014F,277872975,0x1090014F,0x10,2,Long?,READ,,(unset)
0x10900156,277872982,0x10900156,0x10,2,Long?,READ,,(unset)
0x1090015D,277872989,0x1090015D,0x10,2,Long?,READ,,(unset)
0x10900164,277872996,0x10900164,0x10,2,Long?,READ,,(unset)
0x10900168,277873000,0x10900168,0x10,2,Long?,READ,,(unset)
0x1090016C,277873004,0x1090016C,0x10,2,Long?,READ,,(unset)
0x10900170,277873008,0x10900170,0x10,2,Long?,READ,,(unset)
0x10900174,277873012,0x10900174,0x10,2,Long?,READ,,(unset)
0x10C00474,281019508,0x10C00474,0x10,10,?,READ,,(unset)
0x10C00475,281019509,0x10C00475,0x10,10,?,READ,,(unset)
0x10C00476,281019510,0x10C00476,0x10,10,?,READ,,(unset)
0x10C00477,281019511,0x10C00477,0x10,10,?,READ,,(unset)
0x10D00008,282066952,0x10D00008,0x10,6,?,READ,,(unset)
0x10D00030,282066992,0x10D00030,0x10,8,?,READ,4,CHARGING
0x10D00038,282067000,0x10D00038,0x10,6,?,READ,,(unset)
0x10E00008,283115528,0x10E00008,0x10,6,?,READ,4,CHARGING
0x10E00028,283115560,0x10E00028,0x10,6,?,READ,4,CHARGING
0x11011008,285282312,0x11011008,0x11,2,Long?,READ,1,SETTING
0x11021008,285347848,0x11021008,0x11,2,Long?,READ,1,SETTING
0x11031008,285413384,0x11031008,0x11,2,Long?,READ,1,SETTING
0x11041008,285478920,0x11041008,0x11,2,Long?,READ,1,SETTING
0x11051008,285544456,0x11051008,0x11,2,Long?,READ,1,SETTING
0x11061008,285609992,0x11061008,0x11,2,Long?,READ,1,SETTING
0x11200400,287310848,0x11200400,0x11,2,Long?,READ,,(unset)
0x11200428,287310888,0x11200428,0x11,1,Integer?,READ,4,CHARGING
0x11E0000C,299892748,0x11E0000C,0x11,12,?12,READ,,(unset)
0x11E00014,299892756,0x11E00014,0x11,12,?12,READ,,(unset)
0x11F00008,300941320,0x11F00008,0x11,2,Long?,READ,4,CHARGING
0x11F00018,300941336,0x11F00018,0x11,2,Long?,READ,,(unset)
0x11F00020,300941344,0x11F00020,0x11,2,Long?,READ,,(unset)
0x11F00021,300941345,0x11F00021,0x11,2,Long?,READ,,(unset)
0x12000036,301989942,0x12000036,0x12,4,Double?,READ,4,CHARGING
0x12100000,303038464,0x12100000,0x12,2,Long?,READ,,(unset)
0x12100008,303038472,0x12100008,0x12,8,?,READ,4,CHARGING
0x12100017,303038487,0x12100017,0x12,8,?,READ,,(unset)
0x12100026,303038502,0x12100026,0x12,12,?12,READ,,(unset)
0x12200000,304087040,0x12200000,0x12,2,Long?,READ,,(unset)
0x12200008,304087048,0x12200008,0x12,10,?,READ,4,CHARGING
0x12200018,304087064,0x12200018,0x12,10,?,READ,4,CHARGING
0x12200024,304087076,0x12200024,0x12,12,?12,READ,,(unset)
0x12200025,304087077,0x12200025,0x12,12,?12,READ,,(unset)
0x12200026,304087078,0x12200026,0x12,12,?12,READ,,(unset)
0x12200028,304087080,0x12200028,0x12,10,?,READ,4,CHARGING
0x12200036,304087094,0x12200036,0x12,12,?12,READ,,(unset)
0x12200038,304087096,0x12200038,0x12,10,?,READ,4,CHARGING
0x12200044,304087108,0x12200044,0x12,12,?12,READ,,(unset)
0x12200046,304087110,0x12200046,0x12,12,?12,READ,,(unset)
0x12300000,305135616,0x12300000,0x12,12,?12,READ,,(unset)
0x1230000D,305135629,0x1230000D,0x12,12,?12,READ,,(unset)
0x12300030,305135664,0x12300030,0x12,12,?12,READ,,(unset)
0x12300031,305135665,0x12300031,0x12,12,?12,READ,,(unset)
0x1230003C,305135676,0x1230003C,0x12,12,?12,READ,,(unset)
0x1230003D,305135677,0x1230003D,0x12,12,?12,READ,,(unset)
0x12400010,306184208,0x12400010,0x12,31,?,READ,,(unset)
0x126DB656,309179990,0x126DB656,0x12,1,Integer?,READ,,(unset)
0x12B0000B,313524235,0x12B0000B,0x12,12,?12,READ,,(unset)
0x12B00012,313524242,0x12B00012,0x12,12,?12,READ,,(unset)
0x12D00000,315621376,0x12D00000,0x12,2,Long?,READ,,(unset)
0x12D0000E,315621390,0x12D0000E,0x12,18,?,READ,,(unset)
0x12D0000F,315621391,0x12D0000F,0x12,7,?,READ,,(unset)
0x12D00012,315621394,0x12D00012,0x12,18,?,READ,,(unset)
0x12D00014,315621396,0x12D00014,0x12,11,?,READ,,(unset)
0x12D0001C,315621404,0x12D0001C,0x12,4,Double?,READ,,(unset)
0x12D0001F,315621407,0x12D0001F,0x12,16,?,READ,,(unset)
0x12D00020,315621408,0x12D00020,0x12,1,Integer?,READ,,(unset)
0x12D00026,315621414,0x12D00026,0x12,16,?,READ,,(unset)
0x12D00028,315621416,0x12D00028,0x12,3,Float?,READ,,(unset)
0x12D0002A,315621418,0x12D0002A,0x12,2,Long?,READ,,(unset)
0x12D0002D,315621421,0x12D0002D,0x12,2,Long?,READ,,(unset)
0x12D00038,315621432,0x12D00038,0x12,17,?17,READ,,(unset)
0x12D0003C,315621436,0x12D0003C,0x12,3,Float?,READ,,(unset)
0x12D0003D,315621437,0x12D0003D,0x12,,?,READ,,(unset)
0x12D0003F,315621439,0x12D0003F,0x12,7,?,READ,,(unset)
0x12F00000,317718528,0x12F00000,0x12,2,Long?,READ,,(unset)
0x12F00034,317718580,0x12F00034,0x12,19,?,READ,,(unset)
0x13200000,320864256,0x13200000,0x13,2,Long?,READ,,(unset)
0x13200088,320864392,0x13200088,0x13,1,Integer?,READ,4,CHARGING
0x13200094,320864404,0x13200094,0x13,1,Integer?,READ,,(unset)
0x13200095,320864405,0x13200095,0x13,1,Integer?,READ,,(unset)
0x13200096,320864406,0x13200096,0x13,1,Integer?,READ,,(unset)
0x1320009A,320864410,0x1320009A,0x13,1,Integer?,READ,,(unset)
0x132000A0,320864416,0x132000A0,0x13,1,Integer?,READ,4,CHARGING
0x132000C6,320864454,0x132000C6,0x13,1,Integer?,READ,,(unset)
0x13200104,320864516,0x13200104,0x13,1,Integer?,READ,,(unset)
0x13200108,320864520,0x13200108,0x13,31,?,READ,,(unset)
0x13200109,320864521,0x13200109,0x13,31,?,READ,,(unset)
0x1320010A,320864522,0x1320010A,0x13,31,?,READ,,(unset)
0x1320010B,320864523,0x1320010B,0x13,31,?,READ,,(unset)
0x1320010C,320864524,0x1320010C,0x13,31,?,READ,,(unset)
0x1320010D,320864525,0x1320010D,0x13,31,?,READ,,(unset)
0x1320010E,320864526,0x1320010E,0x13,31,?,READ,,(unset)
0x1320010F,320864527,0x1320010F,0x13,31,?,READ,,(unset)
0x13200110,320864528,0x13200110,0x13,31,?,READ,,(unset)
0x13200114,320864532,0x13200114,0x13,31,?,READ,,(unset)
0x13200118,320864536,0x13200118,0x13,1,Integer?,READ,,(unset)
0x1320011C,320864540,0x1320011C,0x13,1,Integer?,READ,,(unset)
0x13200120,320864544,0x13200120,0x13,1,Integer?,READ,,(unset)
0x13200128,320864552,0x13200128,0x13,1,Integer?,READ,,(unset)
0x13200130,320864560,0x13200130,0x13,1,Integer?,READ,,(unset)
0x13200134,320864564,0x13200134,0x13,1,Integer?,READ,,(unset)
0x13200138,320864568,0x13200138,0x13,1,Integer?,READ,,(unset)
0x1320013C,320864572,0x1320013C,0x13,1,Integer?,READ,,(unset)
0x13200140,320864576,0x13200140,0x13,1,Integer?,READ,,(unset)
0x13200144,320864580,0x13200144,0x13,1,Integer?,READ,,(unset)
0x13200148,320864584,0x13200148,0x13,1,Integer?,READ,,(unset)
0x13300000,321912832,0x13300000,0x13,2,Long?,READ,,(unset)
0x13300008,321912840,0x13300008,0x13,17,?17,READ,,(unset)
0x1330000C,321912844,0x1330000C,0x13,17,?17,READ,,(unset)
0x1330000D,321912845,0x1330000D,0x13,17,?17,READ,,(unset)
0x1330000E,321912846,0x1330000E,0x13,17,?17,READ,,(unset)
0x1330000F,321912847,0x1330000F,0x13,17,?17,READ,,(unset)
0x13300010,321912848,0x13300010,0x13,20,?,READ,,(unset)
0x13300017,321912855,0x13300017,0x13,2,Long?,READ,,(unset)
0x1330001E,321912862,0x1330001E,0x13,1,Integer?,READ,,(unset)
0x13300020,321912864,0x13300020,0x13,20,?,READ,,(unset)
0x13300023,321912867,0x13300023,0x13,17,?17,READ,,(unset)
0x13300026,321912870,0x13300026,0x13,17,?17,READ,,(unset)
0x1330002C,321912876,0x1330002C,0x13,17,?17,READ,,(unset)
0x13300030,321912880,0x13300030,0x13,17,?17,READ,,(unset)
0x1330003C,321912892,0x1330003C,0x13,20,?,READ,,(unset)
0x1330003F,321912895,0x1330003F,0x13,2,Long?,READ,,(unset)
0x13400000,322961408,0x13400000,0x13,2,Long?,READ,,(unset)
0x13400008,322961416,0x13400008,0x13,14,?,READ,,(unset)
0x1340003A,322961466,0x1340003A,0x13,12,?12,READ,,(unset)
0x13800000,327155712,0x13800000,0x13,2,Long?,READ,,(unset)
0x13800008,327155720,0x13800008,0x13,12,?12,READ,,(unset)
0x1380000A,327155722,0x1380000A,0x13,12,?12,READ,,(unset)
0x1380000B,327155723,0x1380000B,0x13,12,?12,READ,4,CHARGING
0x13800018,327155736,0x13800018,0x13,12,?12,READ,,(unset)
0x13800020,327155744,0x13800020,0x13,12,?12,READ,4,CHARGING
0x1380002C,327155756,0x1380002C,0x13,12,?12,READ,,(unset)
0x13800030,327155760,0x13800030,0x13,12,?12,READ,,(unset)
0x13800036,327155766,0x13800036,0x13,12,?12,READ,,(unset)
0x13800038,327155768,0x13800038,0x13,12,?12,READ,,(unset)
0x13900000,328204288,0x13900000,0x13,2,Long?,READ,,(unset)
0x13900118,328204568,0x13900118,0x13,12,?12,READ,,(unset)
0x13900120,328204576,0x13900120,0x13,12,?12,READ,,(unset)
0x13900583,328205699,0x13900583,0x13,12,?12,READ,,(unset)
0x13900593,328205715,0x13900593,0x13,12,?12,READ,,(unset)
0x13900598,328205720,0x13900598,0x13,12,?12,READ,,(unset)
0x139005A0,328205728,0x139005A0,0x13,12,?12,READ,,(unset)
0x139005A8,328205736,0x139005A8,0x13,12,?12,READ,,(unset)
0x139005C9,328205769,0x139005C9,0x13,12,?12,READ,,(unset)
0x13B00026,330301478,0x13B00026,0x13,1,Integer?,READ,,(unset)
0x13F00000,334495744,0x13F00000,0x13,2,Long?,READ,,(unset)
0x14200008,337641480,0x14200008,0x14,1,Integer?,READ,,(unset)
0x14200020,337641504,0x14200020,0x14,1,Integer?,READ,,(unset)
0x14200021,337641505,0x14200021,0x14,1,Integer?,READ,,(unset)
0x142F0FAC,338628524,0x142F0FAC,0x14,12,?12,READ,,(unset)
0x14300000,338690048,0x14300000,0x14,2,Long?,READ,,(unset)
0x1430000F,338690063,0x1430000F,0x14,1,Integer?,READ,,(unset)
0x14300023,338690083,0x14300023,0x14,1,Integer?,READ,,(unset)
0x14400000,339738624,0x14400000,0x14,2,Long?,READ,,(unset)
0x14400008,339738632,0x14400008,0x14,22,?22,READ,,(unset)
0x14400010,339738640,0x14400010,0x14,3,Float?,READ,,(unset)
0x14400012,339738642,0x14400012,0x14,6,?,READ,,(unset)
0x1440001F,339738655,0x1440001F,0x14,6,?,READ,,(unset)
0x14400020,339738656,0x14400020,0x14,6,?,READ,,(unset)
0x1440002C,339738668,0x1440002C,0x14,3,Float?,READ,,(unset)
0x1440002E,339738670,0x1440002E,0x14,3,Float?,READ,,(unset)
0x14500000,340787200,0x14500000,0x14,2,Long?,READ,,(unset)
0x1450000B,340787211,0x1450000B,0x14,8,?,READ,,(unset)
0x1450000E,340787214,0x1450000E,0x14,8,?,READ,,(unset)
0x14600000,341835776,0x14600000,0x14,2,Long?,READ,,(unset)
0x14600008,341835784,0x14600008,0x14,2,Long?,READ,,(unset)
0x14600010,341835792,0x14600010,0x14,2,Long?,READ,,(unset)
0x14600015,341835797,0x14600015,0x14,2,Long?,READ,,(unset)
0x1460001B,341835803,0x1460001B,0x14,2,Long?,READ,,(unset)
0x1460001C,341835804,0x1460001C,0x14,2,Long?,READ,,(unset)
0x1460001D,341835805,0x1460001D,0x14,2,Long?,READ,,(unset)
0x1460001E,341835806,0x1460001E,0x14,2,Long?,READ,,(unset)
0x1460001F,341835807,0x1460001F,0x14,2,Long?,READ,,(unset)
0x14600020,341835808,0x14600020,0x14,2,Long?,READ,,(unset)
0x14600021,341835809,0x14600021,0x14,2,Long?,READ,,(unset)
0x14600022,341835810,0x14600022,0x14,2,Long?,READ,,(unset)
0x14600023,341835811,0x14600023,0x14,2,Long?,READ,,(unset)
0x14600024,341835812,0x14600024,0x14,2,Long?,READ,,(unset)
0x14600025,341835813,0x14600025,0x14,2,Long?,READ,,(unset)
0x14600026,341835814,0x14600026,0x14,2,Long?,READ,,(unset)
0x14600027,341835815,0x14600027,0x14,2,Long?,READ,,(unset)
0x14600028,341835816,0x14600028,0x14,2,Long?,READ,,(unset)
0x14600029,341835817,0x14600029,0x14,2,Long?,READ,,(unset)
0x1460002A,341835818,0x1460002A,0x14,2,Long?,READ,,(unset)
0x1460002B,341835819,0x1460002B,0x14,2,Long?,READ,,(unset)
0x1460002C,341835820,0x1460002C,0x14,2,Long?,READ,,(unset)
0x1460002D,341835821,0x1460002D,0x14,2,Long?,READ,,(unset)
0x1460002E,341835822,0x1460002E,0x14,17,?17,READ,,(unset)
0x14600030,341835824,0x14600030,0x14,33,?,READ,,(unset)
0x14600031,341835825,0x14600031,0x14,2,Long?,READ,,(unset)
0x14600032,341835826,0x14600032,0x14,2,Long?,READ,,(unset)
0x14600033,341835827,0x14600033,0x14,2,Long?,READ,,(unset)
0x14600034,341835828,0x14600034,0x14,2,Long?,READ,,(unset)
0x14600036,341835830,0x14600036,0x14,2,Long?,READ,,(unset)
0x14600037,341835831,0x14600037,0x14,2,Long?,READ,,(unset)
0x1460003C,341835836,0x1460003C,0x14,2,Long?,READ,,(unset)
0x14700000,342884352,0x14700000,0x14,2,Long?,READ,,(unset)
0x14700008,342884360,0x14700008,0x14,1,Integer?,READ,,(unset)
0x14700009,342884361,0x14700009,0x14,1,Integer?,READ,,(unset)
0x1470000D,342884365,0x1470000D,0x14,1,Integer?,READ,,(unset)
0x14700018,342884376,0x14700018,0x14,1,Integer?,READ,,(unset)
0x14700019,342884377,0x14700019,0x14,1,Integer?,READ,,(unset)
0x1470001B,342884379,0x1470001B,0x14,1,Integer?,READ,,(unset)
0x1470001F,342884383,0x1470001F,0x14,1,Integer?,READ,,(unset)
0x14700029,342884393,0x14700029,0x14,2,Long?,READ,,(unset)
0x1470003C,342884412,0x1470003C,0x14,1,Integer?,READ,,(unset)
0x15100000,353370112,0x15100000,0x15,2,Long?,READ,,(unset)
0x15100008,353370120,0x15100008,0x15,1,Integer?,READ,,(unset)
0x15100010,353370128,0x15100010,0x15,3,Float?,READ,,(unset)
0x15100012,353370130,0x15100012,0x15,3,Float?,READ,4,CHARGING
0x1510001B,353370139,0x1510001B,0x15,1,Integer?,READ,,(unset)
0x1510001D,353370141,0x1510001D,0x15,1,Integer?,READ,,(unset)
0x1510001E,353370142,0x1510001E,0x15,1,Integer?,READ,,(unset)
0x1510001F,353370143,0x1510001F,0x15,1,Integer?,READ,,(unset)
0x1510002C,353370156,0x1510002C,0x15,1,Integer?,READ,,(unset)
0x15100038,353370168,0x15100038,0x15,1,Integer?,READ,,(unset)
0x15500000,357564416,0x15500000,0x15,2,Long?,READ,,(unset)
0x15500008,357564424,0x15500008,0x15,1,Integer?,READ,,(unset)
0x15A00000,362807296,0x15A00000,0x15,2,Long?,READ,,(unset)
0x15A01010,362811408,0x15A01010,0x15,14,?,READ,1,SETTING
0x15A02010,362815504,0x15A02010,0x15,14,?,READ,1,SETTING
0x15A03010,362819600,0x15A03010,0x15,14,?,READ,1,SETTING
0x15A04010,362823696,0x15A04010,0x15,14,?,READ,1,SETTING
0x15B00000,363855872,0x15B00000,0x15,2,Long?,READ,,(unset)
0x15B00008,363855880,0x15B00008,0x15,2,Long?,READ,,(unset)
0x15B00010,363855888,0x15B00010,0x15,2,Long?,READ,,(unset)
0x15B00018,363855896,0x15B00018,0x15,2,Long?,READ,,(unset)
0x15B00028,363855912,0x15B00028,0x15,2,Long?,READ,,(unset)
0x15B00030,363855920,0x15B00030,0x15,2,Long?,READ,,(unset)
0x15B00038,363855928,0x15B00038,0x15,2,Long?,READ,,(unset)
0x15C00000,364904448,0x15C00000,0x15,2,Long?,READ,,(unset)
0x15C0000E,364904462,0x15C0000E,0x15,1,Integer?,READ,,(unset)
0x15C00010,364904464,0x15C00010,0x15,1,Integer?,READ,,(unset)
0x15C0002B,364904491,0x15C0002B,0x15,2,Long?,READ,,(unset)
0x15D00014,365953044,0x15D00014,0x15,2,Long?,READ,,(unset)
0x15D00018,365953048,0x15D00018,0x15,2,Long?,READ,,(unset)
0x15D00024,365953060,0x15D00024,0x15,2,Long?,READ,,(unset)
0x15D0002A,365953066,0x15D0002A,0x15,2,Long?,READ,,(unset)
0x15D0002B,365953067,0x15D0002B,0x15,2,Long?,READ,,(unset)
0x15D0002D,365953069,0x15D0002D,0x15,2,Long?,READ,,(unset)
0x16100000,370147328,0x16100000,0x16,2,Long?,READ,,(unset)
0x16100008,370147336,0x16100008,0x16,22,?22,READ,4,CHARGING
0x16100011,370147345,0x16100011,0x16,22,?22,READ,,(unset)
0x1610001A,370147354,0x1610001A,0x16,1,Integer?,READ,,(unset)
0x16501000,374345728,0x16501000,0x16,2,Long?,READ,,(unset)
0x16501010,374345744,0x16501010,0x16,2,Long?,READ,,(unset)
0x16501016,374345750,0x16501016,0x16,2,Long?,READ,,(unset)
0x16501018,374345752,0x16501018,0x16,1,Integer?,READ,,(unset)
0x1650101B,374345755,0x1650101B,0x16,1,Integer?,READ,,(unset)
0x16501020,374345760,0x16501020,0x16,2,Long?,READ,,(unset)
0x16501023,374345763,0x16501023,0x16,2,Long?,READ,,(unset)
0x1650102C,374345772,0x1650102C,0x16,2,Long?,READ,,(unset)
0x16501030,374345776,0x16501030,0x16,2,Long?,READ,,(unset)
0x16501034,374345780,0x16501034,0x16,2,Long?,READ,,(unset)
0x16501040,374345792,0x16501040,0x16,2,Long?,READ,,(unset)
0x16501044,374345796,0x16501044,0x16,2,Long?,READ,,(unset)
0x16501068,374345832,0x16501068,0x16,1,Integer?,READ,1,SETTING
0x165010A8,374345896,0x165010A8,0x16,1,Integer?,READ,,(unset)
0x165010E8,374345960,0x165010E8,0x16,2,Long?,READ,,(unset)
0x165010F4,374345972,0x165010F4,0x16,2,Long?,READ,,(unset)
0x16501100,374345984,0x16501100,0x16,2,Long?,READ,,(unset)
0x1650110C,374345996,0x1650110C,0x16,2,Long?,READ,,(unset)
0x16501118,374346008,0x16501118,0x16,2,Long?,READ,,(unset)
0x16501130,374346032,0x16501130,0x16,2,Long?,READ,,(unset)
0x16501138,374346040,0x16501138,0x16,1,Integer?,READ,,(unset)
0x1650113B,374346043,0x1650113B,0x16,1,Integer?,READ,,(unset)
0x16501149,374346057,0x16501149,0x16,1,Integer?,READ,,(unset)
0x1650114B,374346059,0x1650114B,0x16,2,Long?,READ,,(unset)
0x16501150,374346064,0x16501150,0x16,2,Long?,READ,,(unset)
0x16501153,374346067,0x16501153,0x16,2,Long?,READ,,(unset)
0x1650115A,374346074,0x1650115A,0x16,2,Long?,READ,,(unset)
0x16501161,374346081,0x16501161,0x16,2,Long?,READ,,(unset)
0x16501188,374346120,0x16501188,0x16,1,Integer?,READ,,(unset)
0x1650118A,374346122,0x1650118A,0x16,1,Integer?,READ,,(unset)
0x1650118E,374346126,0x1650118E,0x16,1,Integer?,READ,,(unset)
0x16501190,374346128,0x16501190,0x16,1,Integer?,READ,,(unset)
0x165011BA,374346170,0x165011BA,0x16,1,Integer?,READ,,(unset)
0x165011C0,374346176,0x165011C0,0x16,2,Long?,READ,,(unset)
0x165011C8,374346184,0x165011C8,0x16,2,Long?,READ,,(unset)
0x165011D0,374346192,0x165011D0,0x16,2,Long?,READ,,(unset)
0x165011D8,374346200,0x165011D8,0x16,2,Long?,READ,,(unset)
0x165011E0,374346208,0x165011E0,0x16,1,Integer?,READ,,(unset)
0x165011E2,374346210,0x165011E2,0x16,1,Integer?,READ,,(unset)
0x165011E4,374346212,0x165011E4,0x16,1,Integer?,READ,4,CHARGING
0x16503010,374353936,0x16503010,0x16,1,Integer?,READ,,(unset)
0x1650301E,374353950,0x1650301E,0x16,1,Integer?,READ,,(unset)
0x1650302C,374353964,0x1650302C,0x16,1,Integer?,READ,,(unset)
0x16503038,374353976,0x16503038,0x16,1,Integer?,READ,,(unset)
0x16503044,374353988,0x16503044,0x16,1,Integer?,READ,,(unset)
0x16700000,376438784,0x16700000,0x16,2,Long?,READ,,(unset)
0x16700008,376438792,0x16700008,0x16,1,Integer?,READ,,(unset)
0x16700011,376438801,0x16700011,0x16,1,Integer?,READ,,(unset)
0x16700017,376438807,0x16700017,0x16,1,Integer?,READ,,(unset)
0x16700018,376438808,0x16700018,0x16,1,Integer?,READ,,(unset)
0x16700022,376438818,0x16700022,0x16,1,Integer?,READ,,(unset)
0x16700026,376438822,0x16700026,0x16,1,Integer?,READ,,(unset)
0x1670002C,376438828,0x1670002C,0x16,1,Integer?,READ,,(unset)
0x16801018,377491480,0x16801018,0x16,2,Long?,READ,,(unset)
0x16802018,377495576,0x16802018,0x16,2,Long?,READ,,(unset)
0x1680201A,377495578,0x1680201A,0x16,2,Long?,READ,,(unset)
0x1680201C,377495580,0x1680201C,0x16,2,Long?,READ,,(unset)
0x17C00018,398458904,0x17C00018,0x17,1,Integer?,READ,,(unset)
0x17F00000,401604608,0x17F00000,0x17,2,Long?,READ,,(unset)
0x17F00008,401604616,0x17F00008,0x17,12,?12,READ,,(unset)
0x17F0000B,401604619,0x17F0000B,0x17,12,?12,READ,,(unset)
0x17F0000E,401604622,0x17F0000E,0x17,12,?12,READ,,(unset)
0x17F00010,401604624,0x17F00010,0x17,12,?12,READ,,(unset)
0x18000008,402653192,0x18000008,0x18,2,Long?,READ,,(unset)
0x18000009,402653193,0x18000009,0x18,2,Long?,READ,,(unset)
0x18000010,402653200,0x18000010,0x18,22,?22,READ,,(unset)
0x18500000,407896064,0x18500000,0x18,2,Long?,READ,,(unset)
0x18500800,407898112,0x18500800,0x18,2,Long?,READ,,(unset)
0x18500808,407898120,0x18500808,0x18,4,Double?,READ,,(unset)
0x1850080F,407898127,0x1850080F,0x18,4,Double?,READ,,(unset)
0x18500810,407898128,0x18500810,0x18,4,Double?,READ,,(unset)
0x18500813,407898131,0x18500813,0x18,1,Integer?,READ,,(unset)
0x18500814,407898132,0x18500814,0x18,1,Integer?,READ,,(unset)
0x18500843,407898179,0x18500843,0x18,4,Double?,READ,,(unset)
0x18500843,407898179,0x18500843,0x18,1,Integer?,READ,,(unset)
0x18500845,407898181,0x18500845,0x18,4,Double?,READ,,(unset)
0x18500845,407898181,0x18500845,0x18,1,Integer?,READ,,(unset)
0x18A00000,413138944,0x18A00000,0x18,2,Long?,READ,,(unset)
0x18A00008,413138952,0x18A00008,0x18,2,Long?,READ,,(unset)
0x18A0000A,413138954,0x18A0000A,0x18,2,Long?,READ,,(unset)
0x19302038,422584376,0x19302038,0x19,24,?24,READ,,(unset)
0x1930203A,422584378,0x1930203A,0x19,24,?24,READ,,(unset)
0x1930203C,422584380,0x1930203C,0x19,24,?24,READ,,(unset)
0x19302040,422584384,0x19302040,0x19,24,?24,READ,,(unset)
0x19302042,422584386,0x19302042,0x19,24,?24,READ,,(unset)
0x19302044,422584388,0x19302044,0x19,24,?24,READ,,(unset)
0x19302046,422584390,0x19302046,0x19,24,?24,READ,,(unset)
0x1930601A,422600730,0x1930601A,0x19,24,?24,READ,,(unset)
0x19310010,422641680,0x19310010,0x19,24,?24,READ,,(unset)
0x19311010,422645776,0x19311010,0x19,24,?24,READ,,(unset)
0x19500000,424673280,0x19500000,0x19,2,Long?,READ,,(unset)
0x19500008,424673288,0x19500008,0x19,1,Integer?,READ,,(unset)
0x19500014,424673300,0x19500014,0x19,1,Integer?,READ,,(unset)
0x19500020,424673312,0x19500020,0x19,1,Integer?,READ,,(unset)
0x1950002C,424673324,0x1950002C,0x19,1,Integer?,READ,,(unset)
0x19900000,428867584,0x19900000,0x19,2,Long?,READ,,(unset)
0x19C00020,432013344,0x19C00020,0x19,2,Long?,READ,,(unset)
0x19C33020,432222240,0x19C33020,0x19,2,Long?,READ,,(unset)
0x19C33028,432222248,0x19C33028,0x19,2,Long?,READ,,(unset)
0x19C33030,432222256,0x19C33030,0x19,2,Long?,READ,,(unset)
0x19C3B020,432255008,0x19C3B020,0x19,2,Long?,READ,,(unset)
0x19C3B030,432255024,0x19C3B030,0x19,2,Long?,READ,,(unset)
0x19C3C010,432259088,0x19C3C010,0x19,2,Long?,READ,1,SETTING
0x19C3D010,432263184,0x19C3D010,0x19,2,Long?,READ,,(unset)
0x19C50010,432341008,0x19C50010,0x19,3,Float?,READ,,(unset)
0x19C50012,432341010,0x19C50012,0x19,3,Float?,READ,,(unset)
0x19C50015,432341013,0x19C50015,0x19,3,Float?,READ,,(unset)
0x19C5001A,432341018,0x19C5001A,0x19,2,Long?,READ,,(unset)
0x19C5001D,432341021,0x19C5001D,0x19,3,Float?,READ,,(unset)
0x19C50020,432341024,0x19C50020,0x19,3,Float?,READ,,(unset)
0x19C50022,432341026,0x19C50022,0x19,3,Float?,READ,,(unset)
0x19C50026,432341030,0x19C50026,0x19,3,Float?,READ,,(unset)
0x19D00000,433061888,0x19D00000,0x19,2,Long?,READ,,(unset)
0x19D00028,433061928,0x19D00028,0x19,1,Integer?,READ,,(unset)
0x19D00808,433063944,0x19D00808,0x19,16,?,READ,,(unset)
0x19E00000,434110464,0x19E00000,0x19,2,Long?,READ,,(unset)
0x19E00008,434110472,0x19E00008,0x19,17,?17,READ,4,CHARGING
0x19F00000,435159040,0x19F00000,0x19,2,Long?,READ,,(unset)
0x19F00008,435159048,0x19F00008,0x19,2,Long?,READ,,(unset)
0x19F0000A,435159050,0x19F0000A,0x19,2,Long?,READ,,(unset)
0x1A100000,437256192,0x1A100000,0x1A,2,Long?,READ,,(unset)
0x1A10009A,437256346,0x1A10009A,0x1A,25,?,READ,,(unset)
0x1A400000,440401920,0x1A400000,0x1A,2,Long?,READ,,(unset)
0x1A40000C,440401932,0x1A40000C,0x1A,12,?12,READ,,(unset)
0x1A400016,440401942,0x1A400016,0x1A,12,?12,READ,,(unset)
0x1A6FE010,443539472,0x1A6FE010,0x1A,1,Integer?,READ,,(unset)
0x1A6FE018,443539480,0x1A6FE018,0x1A,1,Integer?,READ,,(unset)
0x1A6FE020,443539488,0x1A6FE020,0x1A,1,Integer?,READ,,(unset)
0x1A6FE028,443539496,0x1A6FE028,0x1A,1,Integer?,READ,,(unset)
0x1A6FE030,443539504,0x1A6FE030,0x1A,1,Integer?,READ,1,SETTING
0x1A700000,443547648,0x1A700000,0x1A,2,Long?,READ,,(unset)
0x1A70000A,443547658,0x1A70000A,0x1A,1,Integer?,READ,,(unset)
0x1A70001A,443547674,0x1A70001A,0x1A,1,Integer?,READ,,(unset)
0x1A700027,443547687,0x1A700027,0x1A,1,Integer?,READ,,(unset)
0x1AA01000,446697472,0x1AA01000,0x1A,2,Long?,READ,,(unset)
0x1AA02000,446701568,0x1AA02000,0x1A,2,Long?,READ,,(unset)
0x1AA02010,446701584,0x1AA02010,0x1A,1,Integer?,READ,,(unset)
0x1AA02011,446701585,0x1AA02011,0x1A,1,Integer?,READ,,(unset)
0x1AA02012,446701586,0x1AA02012,0x1A,1,Integer?,READ,,(unset)
0x1AA02013,446701587,0x1AA02013,0x1A,1,Integer?,READ,,(unset)
0x1AA02014,446701588,0x1AA02014,0x1A,1,Integer?,READ,,(unset)
0x1AA02015,446701589,0x1AA02015,0x1A,1,Integer?,READ,,(unset)
0x1AA02016,446701590,0x1AA02016,0x1A,1,Integer?,READ,,(unset)
0x1AA0201C,446701596,0x1AA0201C,0x1A,1,Integer?,READ,,(unset)
0x1AA02027,446701607,0x1AA02027,0x1A,1,Integer?,READ,,(unset)
0x1AA02040,446701632,0x1AA02040,0x1A,1,Integer?,READ,,(unset)
0x1AA03000,446705664,0x1AA03000,0x1A,2,Long?,READ,,(unset)
0x1AA03020,446705696,0x1AA03020,0x1A,1,Integer?,READ,,(unset)
0x1AA03023,446705699,0x1AA03023,0x1A,1,Integer?,READ,,(unset)
0x1AA03026,446705702,0x1AA03026,0x1A,1,Integer?,READ,,(unset)
0x1AA03028,446705704,0x1AA03028,0x1A,1,Integer?,READ,,(unset)
0x1AA0302B,446705707,0x1AA0302B,0x1A,1,Integer?,READ,,(unset)
0x1AA03046,446705734,0x1AA03046,0x1A,1,Integer?,READ,,(unset)
0x1AA0403E,446709822,0x1AA0403E,0x1A,2,Long?,READ,,(unset)
0x1AA04040,446709824,0x1AA04040,0x1A,1,Integer?,READ,,(unset)
0x1AA04042,446709826,0x1AA04042,0x1A,2,Long?,READ,,(unset)
0x1AE00823,450889763,0x1AE00823,0x1A,1,Integer?,READ,,(unset)
0x1AE00824,450889764,0x1AE00824,0x1A,1,Integer?,READ,,(unset)
0x1AE00825,450889765,0x1AE00825,0x1A,1,Integer?,READ,,(unset)
0x1AE00826,450889766,0x1AE00826,0x1A,1,Integer?,READ,,(unset)
0x1AE00827,450889767,0x1AE00827,0x1A,1,Integer?,READ,,(unset)
0x1AE00828,450889768,0x1AE00828,0x1A,1,Integer?,READ,,(unset)
0x1AE0082B,450889771,0x1AE0082B,0x1A,1,Integer?,READ,,(unset)
0x1AE00832,450889778,0x1AE00832,0x1A,1,Integer?,READ,,(unset)
0x1AE00842,450889794,0x1AE00842,0x1A,1,Integer?,READ,,(unset)
0x1AF00000,451936256,0x1AF00000,0x1A,2,Long?,READ,,(unset)
0x1B21B2CB,455193291,0x1B21B2CB,0x1B,12,?12,READ,,(unset)
0x1B300020,456130592,0x1B300020,0x1B,1,Integer?,READ,,(unset)
0x1B708000,460357632,0x1B708000,0x1B,2,Long?,READ,,(unset)
0x1B70801B,460357659,0x1B70801B,0x1B,23,?23,READ,,(unset)
0x1B708021,460357665,0x1B708021,0x1B,23,?23,READ,,(unset)
0x1B708023,460357667,0x1B708023,0x1B,23,?23,READ,,(unset)
0x1B70802A,460357674,0x1B70802A,0x1B,23,?23,READ,,(unset)
0x1B70802C,460357676,0x1B70802C,0x1B,23,?23,READ,,(unset)
0x1B708030,460357680,0x1B708030,0x1B,23,?23,READ,,(unset)
0x1B70A020,460365856,0x1B70A020,0x1B,44,?44,READ,,(unset)
0x1BA00000,463470592,0x1BA00000,0x1B,2,Long?,READ,,(unset)
0x1BA20000,463601664,0x1BA20000,0x1B,2,Long?,READ,,(unset)
0x1BA20010,463601680,0x1BA20010,0x1B,1,Integer?,READ,,(unset)
0x1BA20011,463601681,0x1BA20011,0x1B,1,Integer?,READ,,(unset)
0x1BA20012,463601682,0x1BA20012,0x1B,1,Integer?,READ,,(unset)
0x1BA20013,463601683,0x1BA20013,0x1B,1,Integer?,READ,,(unset)
0x1BA20018,463601688,0x1BA20018,0x1B,1,Integer?,READ,,(unset)
0x1BA2001F,463601695,0x1BA2001F,0x1B,1,Integer?,READ,,(unset)
0x1BA20020,463601696,0x1BA20020,0x1B,1,Integer?,READ,,(unset)
0x1BA20021,463601697,0x1BA20021,0x1B,1,Integer?,READ,,(unset)
0x1BA20022,463601698,0x1BA20022,0x1B,1,Integer?,READ,,(unset)
0x1BA20026,463601702,0x1BA20026,0x1B,1,Integer?,READ,,(unset)
0x1BA20028,463601704,0x1BA20028,0x1B,1,Integer?,READ,,(unset)
0x1BA2002A,463601706,0x1BA2002A,0x1B,1,Integer?,READ,,(unset)
0x1BA20030,463601712,0x1BA20030,0x1B,1,Integer?,READ,,(unset)
0x1BA20036,463601718,0x1BA20036,0x1B,1,Integer?,READ,,(unset)
0x1BA2003A,463601722,0x1BA2003A,0x1B,1,Integer?,READ,,(unset)
0x1BA2003B,463601723,0x1BA2003B,0x1B,1,Integer?,READ,,(unset)
0x1BA21014,463605780,0x1BA21014,0x1B,1,Integer?,READ,,(unset)
0x1BA21019,463605785,0x1BA21019,0x1B,1,Integer?,READ,,(unset)
0x1BA21021,463605793,0x1BA21021,0x1B,1,Integer?,READ,,(unset)
0x1BA21022,463605794,0x1BA21022,0x1B,1,Integer?,READ,,(unset)
0x1BA21023,463605795,0x1BA21023,0x1B,1,Integer?,READ,,(unset)
0x1BA21026,463605798,0x1BA21026,0x1B,1,Integer?,READ,,(unset)
0x1BA21028,463605800,0x1BA21028,0x1B,1,Integer?,READ,,(unset)
0x1BA21033,463605811,0x1BA21033,0x1B,1,Integer?,READ,,(unset)
0x1BA22038,463609912,0x1BA22038,0x1B,1,Integer?,READ,,(unset)
0x1BA22039,463609913,0x1BA22039,0x1B,1,Integer?,READ,,(unset)
0x1BA24000,463618048,0x1BA24000,0x1B,2,Long?,READ,,(unset)
0x1BA24010,463618064,0x1BA24010,0x1B,1,Integer?,READ,,(unset)
0x1BA24015,463618069,0x1BA24015,0x1B,1,Integer?,READ,,(unset)
0x1BA24019,463618073,0x1BA24019,0x1B,1,Integer?,READ,,(unset)
0x1BA24024,463618084,0x1BA24024,0x1B,1,Integer?,READ,,(unset)
0x1BA24025,463618085,0x1BA24025,0x1B,1,Integer?,READ,,(unset)
0x1BA24027,463618087,0x1BA24027,0x1B,1,Integer?,READ,,(unset)
0x1BA24029,463618089,0x1BA24029,0x1B,1,Integer?,READ,,(unset)
0x1BA2402B,463618091,0x1BA2402B,0x1B,1,Integer?,READ,,(unset)
0x1BA2402D,463618093,0x1BA2402D,0x1B,12,?12,READ,,(unset)
0x1BA24035,463618101,0x1BA24035,0x1B,1,Integer?,READ,,(unset)
0x1BA24037,463618103,0x1BA24037,0x1B,1,Integer?,READ,,(unset)
0x1BA2403A,463618106,0x1BA2403A,0x1B,1,Integer?,READ,,(unset)
0x1C000000,469762048,0x1C000000,0x1C,2,Long?,READ,,(unset)
0x1C000020,469762080,0x1C000020,0x1C,3,Float?,READ,,(unset)
0x1C200000,471859200,0x1C200000,0x1C,2,Long?,READ,,(unset)
0x1C20002E,471859246,0x1C20002E,0x1C,1,Integer?,READ,,(unset)
0x1C20003A,471859258,0x1C20003A,0x1C,1,Integer?,READ,,(unset)
0x1CB00000,481296384,0x1CB00000,0x1C,2,Long?,READ,,(unset)
0x1CB0001D,481296413,0x1CB0001D,0x1C,17,?17,READ,,(unset)
0x1CB00020,481296416,0x1CB00020,0x1C,12,?12,READ,,(unset)
0x1CB00042,481296450,0x1CB00042,0x1C,12,?12,READ,,(unset)
0x1CB000B0,481296560,0x1CB000B0,0x1C,1,Integer?,READ,,(unset)
0x1CB0011C,481296668,0x1CB0011C,0x1C,12,?12,READ,,(unset)
0x1CB0011E,481296670,0x1CB0011E,0x1C,12,?12,READ,,(unset)
0x1CB00120,481296672,0x1CB00120,0x1C,12,?12,READ,,(unset)
0x1CB00126,481296678,0x1CB00126,0x1C,12,?12,READ,,(unset)
0x1CB0012C,481296684,0x1CB0012C,0x1C,12,?12,READ,,(unset)
0x1CB00132,481296690,0x1CB00132,0x1C,12,?12,READ,,(unset)
0x1CB0013C,481296700,0x1CB0013C,0x1C,12,?12,READ,,(unset)
0x1CB0013E,481296702,0x1CB0013E,0x1C,12,?12,READ,,(unset)
0x1CB00140,481296704,0x1CB00140,0x1C,12,?12,READ,,(unset)
0x1CB00143,481296707,0x1CB00143,0x1C,12,?12,READ,,(unset)
0x1CB00145,481296709,0x1CB00145,0x1C,12,?12,READ,,(unset)
0x1CB00148,481296712,0x1CB00148,0x1C,12,?12,READ,,(unset)
0x1CB0014D,481296717,0x1CB0014D,0x1C,12,?12,READ,,(unset)
0x1CB00154,481296724,0x1CB00154,0x1C,12,?12,READ,,(unset)
0x1CB00162,481296738,0x1CB00162,0x1C,12,?12,READ,,(unset)
0x1CB00168,481296744,0x1CB00168,0x1C,12,?12,READ,,(unset)
0x1CB0016C,481296748,0x1CB0016C,0x1C,12,?12,READ,,(unset)
0x1CB00170,481296752,0x1CB00170,0x1C,12,?12,READ,,(unset)
0x1CB00174,481296756,0x1CB00174,0x1C,12,?12,READ,,(unset)
0x1CB00178,481296760,0x1CB00178,0x1C,12,?12,READ,,(unset)
0x1CB0017C,481296764,0x1CB0017C,0x1C,12,?12,READ,,(unset)
0x1CF709B6,485951926,0x1CF709B6,0x1C,1,Integer?,READ,,(unset)
0x1D100000,487587840,0x1D100000,0x1D,2,Long?,READ,,(unset)
0x1D100008,487587848,0x1D100008,0x1D,12,?12,READ,,(unset)
0x1D10000C,487587852,0x1D10000C,0x1D,12,?12,READ,,(unset)
0x1D100010,487587856,0x1D100010,0x1D,12,?12,READ,,(unset)
0x1D100013,487587859,0x1D100013,0x1D,12,?12,READ,,(unset)
0x1D10001C,487587868,0x1D10001C,0x1D,12,?12,READ,,(unset)
0x1D10001E,487587870,0x1D10001E,0x1D,12,?12,READ,,(unset)
0x1D100020,487587872,0x1D100020,0x1D,12,?12,READ,,(unset)
0x1D100026,487587878,0x1D100026,0x1D,12,?12,READ,,(unset)
0x1D100034,487587892,0x1D100034,0x1D,12,?12,READ,,(unset)
0x1D100036,487587894,0x1D100036,0x1D,12,?12,READ,,(unset)
0x1D100038,487587896,0x1D100038,0x1D,12,?12,READ,,(unset)
0x1D10003A,487587898,0x1D10003A,0x1D,12,?12,READ,,(unset)
0x1D301000,489689088,0x1D301000,0x1D,2,Long?,READ,,(unset)
0x1D301010,489689104,0x1D301010,0x1D,2,Long?,READ,,(unset)
0x1D301012,489689106,0x1D301012,0x1D,2,Long?,READ,,(unset)
0x1D301014,489689108,0x1D301014,0x1D,2,Long?,READ,,(unset)
0x1D301015,489689109,0x1D301015,0x1D,2,Long?,READ,,(unset)
0x1D301016,489689110,0x1D301016,0x1D,2,Long?,READ,,(unset)
0x1D301017,489689111,0x1D301017,0x1D,2,Long?,READ,,(unset)
0x1D301018,489689112,0x1D301018,0x1D,2,Long?,READ,,(unset)
0x1D301019,489689113,0x1D301019,0x1D,2,Long?,READ,,(unset)
0x1D30101A,489689114,0x1D30101A,0x1D,2,Long?,READ,,(unset)
0x1D30101B,489689115,0x1D30101B,0x1D,2,Long?,READ,,(unset)
0x1D30101C,489689116,0x1D30101C,0x1D,2,Long?,READ,,(unset)
0x1D30101D,489689117,0x1D30101D,0x1D,2,Long?,READ,,(unset)
0x1D30101E,489689118,0x1D30101E,0x1D,2,Long?,READ,,(unset)
0x1D301020,489689120,0x1D301020,0x1D,2,Long?,READ,,(unset)
0x1D301022,489689122,0x1D301022,0x1D,2,Long?,READ,,(unset)
0x1D301023,489689123,0x1D301023,0x1D,2,Long?,READ,,(unset)
0x1D301024,489689124,0x1D301024,0x1D,2,Long?,READ,,(unset)
0x1D301025,489689125,0x1D301025,0x1D,2,Long?,READ,,(unset)
0x1D301026,489689126,0x1D301026,0x1D,2,Long?,READ,,(unset)
0x1D301027,489689127,0x1D301027,0x1D,2,Long?,READ,,(unset)
0x1D301028,489689128,0x1D301028,0x1D,2,Long?,READ,,(unset)
0x1D301029,489689129,0x1D301029,0x1D,2,Long?,READ,,(unset)
0x1D30102A,489689130,0x1D30102A,0x1D,2,Long?,READ,,(unset)
0x1D30102B,489689131,0x1D30102B,0x1D,2,Long?,READ,,(unset)
0x1D30102C,489689132,0x1D30102C,0x1D,2,Long?,READ,,(unset)
0x1D30102D,489689133,0x1D30102D,0x1D,2,Long?,READ,,(unset)
0x1D30102E,489689134,0x1D30102E,0x1D,2,Long?,READ,,(unset)
0x1D30102F,489689135,0x1D30102F,0x1D,2,Long?,READ,,(unset)
0x1D301030,489689136,0x1D301030,0x1D,2,Long?,READ,,(unset)
0x1D301031,489689137,0x1D301031,0x1D,2,Long?,READ,,(unset)
0x1D301032,489689138,0x1D301032,0x1D,2,Long?,READ,,(unset)
0x1D301033,489689139,0x1D301033,0x1D,2,Long?,READ,,(unset)
0x1D301034,489689140,0x1D301034,0x1D,2,Long?,READ,,(unset)
0x1D301035,489689141,0x1D301035,0x1D,2,Long?,READ,,(unset)
0x1D301037,489689143,0x1D301037,0x1D,2,Long?,READ,,(unset)
0x1D301038,489689144,0x1D301038,0x1D,2,Long?,READ,,(unset)
0x1D303000,489697280,0x1D303000,0x1D,2,Long?,READ,,(unset)
0x1D303010,489697296,0x1D303010,0x1D,2,Long?,READ,,(unset)
0x1D303012,489697298,0x1D303012,0x1D,2,Long?,READ,,(unset)
0x1D303014,489697300,0x1D303014,0x1D,2,Long?,READ,,(unset)
0x1D303016,489697302,0x1D303016,0x1D,2,Long?,READ,,(unset)
0x1D303018,489697304,0x1D303018,0x1D,2,Long?,READ,,(unset)
0x1D30301C,489697308,0x1D30301C,0x1D,2,Long?,READ,,(unset)
0x1D303020,489697312,0x1D303020,0x1D,2,Long?,READ,,(unset)
0x1D303024,489697316,0x1D303024,0x1D,2,Long?,READ,,(unset)
0x1D303028,489697320,0x1D303028,0x1D,2,Long?,READ,,(unset)
0x1D30302C,489697324,0x1D30302C,0x1D,2,Long?,READ,,(unset)
0x1D303030,489697328,0x1D303030,0x1D,2,Long?,READ,,(unset)
0x1D303034,489697332,0x1D303034,0x1D,2,Long?,READ,,(unset)
0x1D303038,489697336,0x1D303038,0x1D,2,Long?,READ,,(unset)
0x1D30303A,489697338,0x1D30303A,0x1D,2,Long?,READ,,(unset)
0x1D30303C,489697340,0x1D30303C,0x1D,2,Long?,READ,,(unset)
0x1D30303D,489697341,0x1D30303D,0x1D,2,Long?,READ,,(unset)
0x1D30303E,489697342,0x1D30303E,0x1D,2,Long?,READ,,(unset)
0x1D303040,489697344,0x1D303040,0x1D,2,Long?,READ,,(unset)
0x1D303044,489697348,0x1D303044,0x1D,2,Long?,READ,,(unset)
0x1D303046,489697350,0x1D303046,0x1D,2,Long?,READ,,(unset)
0x1D304000,489701376,0x1D304000,0x1D,2,Long?,READ,,(unset)
0x1D304010,489701392,0x1D304010,0x1D,2,Long?,READ,,(unset)
0x1D304012,489701394,0x1D304012,0x1D,2,Long?,READ,,(unset)
0x1D304014,489701396,0x1D304014,0x1D,2,Long?,READ,,(unset)
0x1D304016,489701398,0x1D304016,0x1D,2,Long?,READ,,(unset)
0x1D304018,489701400,0x1D304018,0x1D,2,Long?,READ,,(unset)
0x1D30401A,489701402,0x1D30401A,0x1D,2,Long?,READ,,(unset)
0x1D30401B,489701403,0x1D30401B,0x1D,2,Long?,READ,,(unset)
0x1D30401C,489701404,0x1D30401C,0x1D,2,Long?,READ,,(unset)
0x1D30401D,489701405,0x1D30401D,0x1D,2,Long?,READ,,(unset)
0x1D30401E,489701406,0x1D30401E,0x1D,2,Long?,READ,,(unset)
0x1D30401F,489701407,0x1D30401F,0x1D,2,Long?,READ,,(unset)
0x1D304020,489701408,0x1D304020,0x1D,2,Long?,READ,,(unset)
0x1D304022,489701410,0x1D304022,0x1D,2,Long?,READ,,(unset)
0x1D304028,489701416,0x1D304028,0x1D,2,Long?,READ,,(unset)
0x1D30402C,489701420,0x1D30402C,0x1D,2,Long?,READ,,(unset)
0x1D304030,489701424,0x1D304030,0x1D,2,Long?,READ,,(unset)
0x1D304034,489701428,0x1D304034,0x1D,2,Long?,READ,,(unset)
0x1D304038,489701432,0x1D304038,0x1D,2,Long?,READ,,(unset)
0x1D304039,489701433,0x1D304039,0x1D,2,Long?,READ,,(unset)
0x1D304043,489701443,0x1D304043,0x1D,2,Long?,READ,,(unset)
0x1D304044,489701444,0x1D304044,0x1D,2,Long?,READ,,(unset)
0x1D304045,489701445,0x1D304045,0x1D,2,Long?,READ,,(unset)
0x1D305000,489705472,0x1D305000,0x1D,2,Long?,READ,,(unset)
0x1D305012,489705490,0x1D305012,0x1D,2,Long?,READ,,(unset)
0x1D305013,489705491,0x1D305013,0x1D,2,Long?,READ,,(unset)
0x1D305014,489705492,0x1D305014,0x1D,2,Long?,READ,,(unset)
0x1D305019,489705497,0x1D305019,0x1D,2,Long?,READ,,(unset)
0x1D30501A,489705498,0x1D30501A,0x1D,2,Long?,READ,,(unset)
0x1D30501B,489705499,0x1D30501B,0x1D,2,Long?,READ,,(unset)
0x1D30502D,489705517,0x1D30502D,0x1D,2,Long?,READ,,(unset)
0x1D30502E,489705518,0x1D30502E,0x1D,2,Long?,READ,,(unset)
0x1D305038,489705528,0x1D305038,0x1D,2,Long?,READ,,(unset)
0x1D30503A,489705530,0x1D30503A,0x1D,2,Long?,READ,,(unset)
0x1D30503B,489705531,0x1D30503B,0x1D,13,?13,READ,,(unset)
0x1D30503C,489705532,0x1D30503C,0x1D,2,Long?,READ,,(unset)
0x1D30503E,489705534,0x1D30503E,0x1D,2,Long?,READ,,(unset)
0x1D305040,489705536,0x1D305040,0x1D,2,Long?,READ,,(unset)
0x1D305044,489705540,0x1D305044,0x1D,2,Long?,READ,,(unset)
0x1D306010,489709584,0x1D306010,0x1D,2,Long?,READ,,(unset)
0x1D306014,489709588,0x1D306014,0x1D,2,Long?,READ,,(unset)
0x1D306018,489709592,0x1D306018,0x1D,13,?13,READ,,(unset)
0x1D306019,489709593,0x1D306019,0x1D,13,?13,READ,,(unset)
0x1D700808,493881352,0x1D700808,0x1D,29,?,READ,,(unset)
0x1D700816,493881366,0x1D700816,0x1D,29,?,READ,,(unset)
0x1D700820,493881376,0x1D700820,0x1D,29,?,READ,,(unset)
0x1D700821,493881377,0x1D700821,0x1D,29,?,READ,,(unset)
0x1D700822,493881378,0x1D700822,0x1D,29,?,READ,,(unset)
0x1E000000,503316480,0x1E000000,0x1E,2,Long?,READ,,(unset)
0x1E90001B,512753691,0x1E90001B,0x1E,1,Integer?,READ,,(unset)
0x1E900020,512753696,0x1E900020,0x1E,1,Integer?,READ,,(unset)
0x1E900023,512753699,0x1E900023,0x1E,1,Integer?,READ,,(unset)
0x1EA01400,513807360,0x1EA01400,0x1E,2,Long?,READ,,(unset)
0x1EA01410,513807376,0x1EA01410,0x1E,1,Integer?,READ,,(unset)
0x1EA01413,513807379,0x1EA01413,0x1E,1,Integer?,READ,,(unset)
0x1EA01414,513807380,0x1EA01414,0x1E,1,Integer?,READ,,(unset)
0x1EA01416,513807382,0x1EA01416,0x1E,1,Integer?,READ,,(unset)
0x1EA01418,513807384,0x1EA01418,0x1E,1,Integer?,READ,,(unset)
0x1EA01421,513807393,0x1EA01421,0x1E,1,Integer?,READ,,(unset)
0x1EA01422,513807394,0x1EA01422,0x1E,1,Integer?,READ,,(unset)
0x1EA01423,513807395,0x1EA01423,0x1E,1,Integer?,READ,,(unset)
0x1EA01425,513807397,0x1EA01425,0x1E,1,Integer?,READ,,(unset)
0x1EA01428,513807400,0x1EA01428,0x1E,12,?12,READ,,(unset)
0x1EA01431,513807409,0x1EA01431,0x1E,1,Integer?,READ,,(unset)
0x1EA01432,513807410,0x1EA01432,0x1E,1,Integer?,READ,,(unset)
0x1EA01433,513807411,0x1EA01433,0x1E,1,Integer?,READ,,(unset)
0x1EA01434,513807412,0x1EA01434,0x1E,1,Integer?,READ,,(unset)
0x1EA01435,513807413,0x1EA01435,0x1E,1,Integer?,READ,,(unset)
0x1EA01436,513807414,0x1EA01436,0x1E,1,Integer?,READ,,(unset)
0x1EA01437,513807415,0x1EA01437,0x1E,12,?12,READ,,(unset)
0x1EA01438,513807416,0x1EA01438,0x1E,1,Integer?,READ,,(unset)
0x1EA0143C,513807420,0x1EA0143C,0x1E,12,?12,READ,,(unset)
0x1EA0143D,513807421,0x1EA0143D,0x1E,12,?12,READ,,(unset)
0x1EA0143E,513807422,0x1EA0143E,0x1E,1,Integer?,READ,,(unset)
0x1EA01440,513807424,0x1EA01440,0x1E,12,?12,READ,,(unset)
0x1EA01441,513807425,0x1EA01441,0x1E,1,Integer?,READ,,(unset)
0x1EA01443,513807427,0x1EA01443,0x1E,1,Integer?,READ,,(unset)
0x1EA0144D,513807437,0x1EA0144D,0x1E,1,Integer?,READ,,(unset)
0x1EA01450,513807440,0x1EA01450,0x1E,2,Long?,READ,,(unset)
0x1EA01458,513807448,0x1EA01458,0x1E,1,Integer?,READ,,(unset)
0x1EA0145A,513807450,0x1EA0145A,0x1E,1,Integer?,READ,,(unset)
0x1EA014CB,513807563,0x1EA014CB,0x1E,1,Integer?,READ,,(unset)
0x1EA014D4,513807572,0x1EA014D4,0x1E,1,Integer?,READ,,(unset)
0x1EA014D6,513807574,0x1EA014D6,0x1E,1,Integer?,READ,,(unset)
0x1EA014D8,513807576,0x1EA014D8,0x1E,2,Long?,READ,4,CHARGING
0x1EA014DF,513807583,0x1EA014DF,0x1E,1,Integer?,READ,,(unset)
0x1EA014E0,513807584,0x1EA014E0,0x1E,2,Long?,READ,4,CHARGING
0x1EA014E7,513807591,0x1EA014E7,0x1E,1,Integer?,READ,,(unset)
0x1EA014E8,513807592,0x1EA014E8,0x1E,2,Long?,READ,4,CHARGING
0x1EA014EF,513807599,0x1EA014EF,0x1E,1,Integer?,READ,,(unset)
0x1EA014F0,513807600,0x1EA014F0,0x1E,1,Integer?,READ,,(unset)
0x1EA014F2,513807602,0x1EA014F2,0x1E,1,Integer?,READ,,(unset)
0x1EA014F3,513807603,0x1EA014F3,0x1E,1,Integer?,READ,,(unset)
0x1EA014F4,513807604,0x1EA014F4,0x1E,1,Integer?,READ,,(unset)
0x1EA014F5,513807605,0x1EA014F5,0x1E,1,Integer?,READ,,(unset)
0x1EA014F6,513807606,0x1EA014F6,0x1E,1,Integer?,READ,,(unset)
0x1EA014F7,513807607,0x1EA014F7,0x1E,1,Integer?,READ,,(unset)
0x1EA014F8,513807608,0x1EA014F8,0x1E,1,Integer?,READ,,(unset)
0x1EA014F9,513807609,0x1EA014F9,0x1E,1,Integer?,READ,,(unset)
0x1EA014FA,513807610,0x1EA014FA,0x1E,1,Integer?,READ,,(unset)
0x1EA014FB,513807611,0x1EA014FB,0x1E,1,Integer?,READ,,(unset)
0x1EA014FC,513807612,0x1EA014FC,0x1E,1,Integer?,READ,,(unset)
0x1EA014FF,513807615,0x1EA014FF,0x1E,1,Integer?,READ,,(unset)
0x1EA01500,513807616,0x1EA01500,0x1E,1,Integer?,READ,,(unset)
0x1EA01501,513807617,0x1EA01501,0x1E,1,Integer?,READ,,(unset)
0x1EA01504,513807620,0x1EA01504,0x1E,1,Integer?,READ,,(unset)
0x1EA01507,513807623,0x1EA01507,0x1E,1,Integer?,READ,,(unset)
0x1EA01508,513807624,0x1EA01508,0x1E,1,Integer?,READ,,(unset)
0x1EA0150B,513807627,0x1EA0150B,0x1E,1,Integer?,READ,,(unset)
0x1EA0150E,513807630,0x1EA0150E,0x1E,1,Integer?,READ,,(unset)
0x1EA0150F,513807631,0x1EA0150F,0x1E,1,Integer?,READ,,(unset)
0x1EA01510,513807632,0x1EA01510,0x1E,1,Integer?,READ,,(unset)
0x1EA01513,513807635,0x1EA01513,0x1E,1,Integer?,READ,,(unset)
0x1EA01516,513807638,0x1EA01516,0x1E,12,?12,READ,,(unset)
0x1EA01518,513807640,0x1EA01518,0x1E,1,Integer?,READ,,(unset)
0x1EA0151B,513807643,0x1EA0151B,0x1E,1,Integer?,READ,,(unset)
0x1EA01520,513807648,0x1EA01520,0x1E,1,Integer?,READ,,(unset)
0x1EA01523,513807651,0x1EA01523,0x1E,1,Integer?,READ,,(unset)
0x1EA01526,513807654,0x1EA01526,0x1E,1,Integer?,READ,,(unset)
0x1EA01528,513807656,0x1EA01528,0x1E,1,Integer?,READ,,(unset)
0x1EA0152B,513807659,0x1EA0152B,0x1E,1,Integer?,READ,,(unset)
0x1EA0153F,513807679,0x1EA0153F,0x1E,12,?12,READ,,(unset)
0x1EA01546,513807686,0x1EA01546,0x1E,12,?12,READ,,(unset)
0x1EA01548,513807688,0x1EA01548,0x1E,12,?12,READ,,(unset)
0x1EA0154E,513807694,0x1EA0154E,0x1E,12,?12,READ,,(unset)
0x1EA0154F,513807695,0x1EA0154F,0x1E,12,?12,READ,,(unset)
0x1EA01558,513807704,0x1EA01558,0x1E,12,?12,READ,,(unset)
0x1EA01559,513807705,0x1EA01559,0x1E,12,?12,READ,,(unset)
0x1EA0155A,513807706,0x1EA0155A,0x1E,12,?12,READ,,(unset)
0x1EA0155C,513807708,0x1EA0155C,0x1E,1,Integer?,READ,,(unset)
0x1EA0155D,513807709,0x1EA0155D,0x1E,1,Integer?,READ,,(unset)
0x1EA01562,513807714,0x1EA01562,0x1E,1,Integer?,READ,,(unset)
0x1EA01564,513807716,0x1EA01564,0x1E,1,Integer?,READ,,(unset)
0x1EA01566,513807718,0x1EA01566,0x1E,1,Integer?,READ,,(unset)
0x1EA01568,513807720,0x1EA01568,0x1E,1,Integer?,READ,,(unset)
0x1EA0156F,513807727,0x1EA0156F,0x1E,1,Integer?,READ,,(unset)
0x1EA01570,513807728,0x1EA01570,0x1E,1,Integer?,READ,,(unset)
0x1EA01578,513807736,0x1EA01578,0x1E,1,Integer?,READ,,(unset)
0x1EA01580,513807744,0x1EA01580,0x1E,1,Integer?,READ,,(unset)
0x1EA01588,513807752,0x1EA01588,0x1E,1,Integer?,READ,,(unset)
0x1EA01590,513807760,0x1EA01590,0x1E,1,Integer?,READ,,(unset)
0x1EA01597,513807767,0x1EA01597,0x1E,12,?12,READ,,(unset)
0x1EA01598,513807768,0x1EA01598,0x1E,1,Integer?,READ,,(unset)
0x1EA0159F,513807775,0x1EA0159F,0x1E,1,Integer?,READ,,(unset)
0x1EA015A0,513807776,0x1EA015A0,0x1E,1,Integer?,READ,,(unset)
0x1EA015A2,513807778,0x1EA015A2,0x1E,1,Integer?,READ,,(unset)
0x1EA015A4,513807780,0x1EA015A4,0x1E,1,Integer?,READ,,(unset)
0x1EA015A5,513807781,0x1EA015A5,0x1E,1,Integer?,READ,,(unset)
0x1EA015A6,513807782,0x1EA015A6,0x1E,1,Integer?,READ,,(unset)
0x1EA015B4,513807796,0x1EA015B4,0x1E,1,Integer?,READ,,(unset)
0x1EA015C4,513807812,0x1EA015C4,0x1E,1,Integer?,READ,,(unset)
0x1EA015CF,513807823,0x1EA015CF,0x1E,1,Integer?,READ,,(unset)
0x1EA015D0,513807824,0x1EA015D0,0x1E,2,Long?,READ,,(unset)
0x1EA015DB,513807835,0x1EA015DB,0x1E,1,Integer?,READ,,(unset)
0x1EA015DD,513807837,0x1EA015DD,0x1E,1,Integer?,READ,,(unset)
0x1EA015E0,513807840,0x1EA015E0,0x1E,1,Integer?,READ,,(unset)
0x1EA015E9,513807849,0x1EA015E9,0x1E,1,Integer?,READ,,(unset)
0x1EA015EA,513807850,0x1EA015EA,0x1E,1,Integer?,READ,,(unset)
0x1EA015EB,513807851,0x1EA015EB,0x1E,1,Integer?,READ,,(unset)
0x1EA015EC,513807852,0x1EA015EC,0x1E,1,Integer?,READ,,(unset)
0x1EA015ED,513807853,0x1EA015ED,0x1E,1,Integer?,READ,,(unset)
0x1EA015EE,513807854,0x1EA015EE,0x1E,1,Integer?,READ,,(unset)
0x1EA015EF,513807855,0x1EA015EF,0x1E,1,Integer?,READ,,(unset)
0x1EA015F0,513807856,0x1EA015F0,0x1E,1,Integer?,READ,,(unset)
0x1EA015F3,513807859,0x1EA015F3,0x1E,1,Integer?,READ,,(unset)
0x1EA015F4,513807860,0x1EA015F4,0x1E,1,Integer?,READ,,(unset)
0x1EA015F5,513807861,0x1EA015F5,0x1E,1,Integer?,READ,,(unset)
0x1EA015F6,513807862,0x1EA015F6,0x1E,1,Integer?,READ,,(unset)
0x1EA015F7,513807863,0x1EA015F7,0x1E,1,Integer?,READ,,(unset)
0x1EA015F8,513807864,0x1EA015F8,0x1E,1,Integer?,READ,,(unset)
0x1EA015F9,513807865,0x1EA015F9,0x1E,1,Integer?,READ,,(unset)
0x1EA015FA,513807866,0x1EA015FA,0x1E,1,Integer?,READ,,(unset)
0x1EA015FB,513807867,0x1EA015FB,0x1E,1,Integer?,READ,,(unset)
0x1EA015FC,513807868,0x1EA015FC,0x1E,1,Integer?,READ,,(unset)
0x1EA015FD,513807869,0x1EA015FD,0x1E,1,Integer?,READ,,(unset)
0x1EA015FE,513807870,0x1EA015FE,0x1E,1,Integer?,READ,,(unset)
0x1EA015FF,513807871,0x1EA015FF,0x1E,1,Integer?,READ,,(unset)
0x1EA01600,513807872,0x1EA01600,0x1E,1,Integer?,READ,,(unset)
0x1EA01602,513807874,0x1EA01602,0x1E,1,Integer?,READ,,(unset)
0x1EA01604,513807876,0x1EA01604,0x1E,1,Integer?,READ,,(unset)
0x1EA02400,513811456,0x1EA02400,0x1E,2,Long?,READ,,(unset)
0x1EA02410,513811472,0x1EA02410,0x1E,1,Integer?,READ,,(unset)
0x1EA0241B,513811483,0x1EA0241B,0x1E,1,Integer?,READ,,(unset)
0x1EA0241D,513811485,0x1EA0241D,0x1E,1,Integer?,READ,,(unset)
0x1EA0241E,513811486,0x1EA0241E,0x1E,1,Integer?,READ,,(unset)
0x1EA0241F,513811487,0x1EA0241F,0x1E,1,Integer?,READ,,(unset)
0x1EA02420,513811488,0x1EA02420,0x1E,1,Integer?,READ,,(unset)
0x1EA02421,513811489,0x1EA02421,0x1E,1,Integer?,READ,,(unset)
0x1EA02422,513811490,0x1EA02422,0x1E,1,Integer?,READ,,(unset)
0x1EA02423,513811491,0x1EA02423,0x1E,1,Integer?,READ,,(unset)
0x1EA02424,513811492,0x1EA02424,0x1E,1,Integer?,READ,,(unset)
0x1EA02425,513811493,0x1EA02425,0x1E,1,Integer?,READ,,(unset)
0x1EA02426,513811494,0x1EA02426,0x1E,1,Integer?,READ,,(unset)
0x1EA02427,513811495,0x1EA02427,0x1E,1,Integer?,READ,,(unset)
0x1EA02428,513811496,0x1EA02428,0x1E,1,Integer?,READ,,(unset)
0x1EA02429,513811497,0x1EA02429,0x1E,1,Integer?,READ,,(unset)
0x1EA0242B,513811499,0x1EA0242B,0x1E,1,Integer?,READ,,(unset)
0x1EA0242C,513811500,0x1EA0242C,0x1E,1,Integer?,READ,,(unset)
0x1EA0242D,513811501,0x1EA0242D,0x1E,1,Integer?,READ,,(unset)
0x1EA0242E,513811502,0x1EA0242E,0x1E,1,Integer?,READ,,(unset)
0x1EA0242F,513811503,0x1EA0242F,0x1E,1,Integer?,READ,,(unset)
0x1EA02430,513811504,0x1EA02430,0x1E,1,Integer?,READ,,(unset)
0x1EA02431,513811505,0x1EA02431,0x1E,1,Integer?,READ,,(unset)
0x1EA02432,513811506,0x1EA02432,0x1E,1,Integer?,READ,,(unset)
0x1EA02433,513811507,0x1EA02433,0x1E,1,Integer?,READ,,(unset)
0x1EA02434,513811508,0x1EA02434,0x1E,1,Integer?,READ,,(unset)
0x1EA02435,513811509,0x1EA02435,0x1E,1,Integer?,READ,,(unset)
0x1EA02436,513811510,0x1EA02436,0x1E,1,Integer?,READ,,(unset)
0x1EA02437,513811511,0x1EA02437,0x1E,1,Integer?,READ,,(unset)
0x1EA02438,513811512,0x1EA02438,0x1E,1,Integer?,READ,,(unset)
0x1EA02443,513811523,0x1EA02443,0x1E,1,Integer?,READ,,(unset)
0x1EA02444,513811524,0x1EA02444,0x1E,1,Integer?,READ,,(unset)
0x1EA02447,513811527,0x1EA02447,0x1E,1,Integer?,READ,,(unset)
0x1EA02448,513811528,0x1EA02448,0x1E,1,Integer?,READ,,(unset)
0x1EA02454,513811540,0x1EA02454,0x1E,1,Integer?,READ,,(unset)
0x1EA02456,513811542,0x1EA02456,0x1E,1,Integer?,READ,,(unset)
0x1EA02457,513811543,0x1EA02457,0x1E,1,Integer?,READ,,(unset)
0x1EA02458,513811544,0x1EA02458,0x1E,1,Integer?,READ,,(unset)
0x1EA02468,513811560,0x1EA02468,0x1E,1,Integer?,READ,,(unset)
0x1EA02470,513811568,0x1EA02470,0x1E,1,Integer?,READ,,(unset)
0x1EA02478,513811576,0x1EA02478,0x1E,1,Integer?,READ,,(unset)
0x1EA02484,513811588,0x1EA02484,0x1E,1,Integer?,READ,,(unset)
0x1EA02485,513811589,0x1EA02485,0x1E,1,Integer?,READ,,(unset)
0x1EA02486,513811590,0x1EA02486,0x1E,1,Integer?,READ,,(unset)
0x1EA02487,513811591,0x1EA02487,0x1E,1,Integer?,READ,,(unset)
0x1EA02488,513811592,0x1EA02488,0x1E,1,Integer?,READ,,(unset)
0x1EA02494,513811604,0x1EA02494,0x1E,1,Integer?,READ,,(unset)
0x1EA02495,513811605,0x1EA02495,0x1E,1,Integer?,READ,,(unset)
0x1EA02497,513811607,0x1EA02497,0x1E,1,Integer?,READ,,(unset)
0x1EA02498,513811608,0x1EA02498,0x1E,1,Integer?,READ,,(unset)
0x1EA02499,513811609,0x1EA02499,0x1E,1,Integer?,READ,,(unset)
0x1EA0249A,513811610,0x1EA0249A,0x1E,1,Integer?,READ,,(unset)
0x1EA0249B,513811611,0x1EA0249B,0x1E,1,Integer?,READ,,(unset)
0x1EA0249D,513811613,0x1EA0249D,0x1E,1,Integer?,READ,,(unset)
0x1EA0249E,513811614,0x1EA0249E,0x1E,1,Integer?,READ,,(unset)
0x1EA024A0,513811616,0x1EA024A0,0x1E,1,Integer?,READ,,(unset)
0x1EA024A6,513811622,0x1EA024A6,0x1E,1,Integer?,READ,,(unset)
0x1EA024AF,513811631,0x1EA024AF,0x1E,1,Integer?,READ,,(unset)
0x1EA024B0,513811632,0x1EA024B0,0x1E,1,Integer?,READ,,(unset)
0x1EA024B3,513811635,0x1EA024B3,0x1E,1,Integer?,READ,,(unset)
0x1EA024B5,513811637,0x1EA024B5,0x1E,1,Integer?,READ,,(unset)
0x1EA024B8,513811640,0x1EA024B8,0x1E,1,Integer?,READ,,(unset)
0x1EA024BC,513811644,0x1EA024BC,0x1E,1,Integer?,READ,,(unset)
0x1EA024BE,513811646,0x1EA024BE,0x1E,1,Integer?,READ,,(unset)
0x1EA024C3,513811651,0x1EA024C3,0x1E,1,Integer?,READ,,(unset)
0x1EA024C8,513811656,0x1EA024C8,0x1E,1,Integer?,READ,,(unset)
0x1EA024CC,513811660,0x1EA024CC,0x1E,31,?,READ,,(unset)
0x1EA024CD,513811661,0x1EA024CD,0x1E,31,?,READ,,(unset)
0x1EA024CE,513811662,0x1EA024CE,0x1E,31,?,READ,,(unset)
0x1EA024D0,513811664,0x1EA024D0,0x1E,1,Integer?,READ,,(unset)
0x1EA024D2,513811666,0x1EA024D2,0x1E,1,Integer?,READ,,(unset)
0x1EA024D4,513811668,0x1EA024D4,0x1E,1,Integer?,READ,,(unset)
0x1EA024D6,513811670,0x1EA024D6,0x1E,12,?12,READ,,(unset)
0x1EA024E0,513811680,0x1EA024E0,0x1E,1,Integer?,READ,,(unset)
0x1EA024E8,513811688,0x1EA024E8,0x1E,1,Integer?,READ,,(unset)
0x1EA024E9,513811689,0x1EA024E9,0x1E,25,?,READ,,(unset)
0x1EA024EB,513811691,0x1EA024EB,0x1E,1,Integer?,READ,,(unset)
0x1EA024EC,513811692,0x1EA024EC,0x1E,1,Integer?,READ,,(unset)
0x1EA024ED,513811693,0x1EA024ED,0x1E,1,Integer?,READ,,(unset)
0x1EA024EE,513811694,0x1EA024EE,0x1E,1,Integer?,READ,,(unset)
0x1EA024EF,513811695,0x1EA024EF,0x1E,12,?12,READ,,(unset)
0x1EA024FB,513811707,0x1EA024FB,0x1E,12,?12,READ,,(unset)
0x1EA024FD,513811709,0x1EA024FD,0x1E,1,Integer?,READ,,(unset)
0x1EA024FE,513811710,0x1EA024FE,0x1E,1,Integer?,READ,,(unset)
0x1EA024FF,513811711,0x1EA024FF,0x1E,1,Integer?,READ,,(unset)
0x1EA02500,513811712,0x1EA02500,0x1E,1,Integer?,READ,,(unset)
0x1EA02508,513811720,0x1EA02508,0x1E,1,Integer?,READ,4,CHARGING
0x1EA0250F,513811727,0x1EA0250F,0x1E,1,Integer?,READ,,(unset)
0x1EA02510,513811728,0x1EA02510,0x1E,1,Integer?,READ,,(unset)
0x1EA02518,513811736,0x1EA02518,0x1E,1,Integer?,READ,4,CHARGING
0x1EA0251F,513811743,0x1EA0251F,0x1E,1,Integer?,READ,,(unset)
0x1EA02520,513811744,0x1EA02520,0x1E,1,Integer?,READ,,(unset)
0x1EA02528,513811752,0x1EA02528,0x1E,1,Integer?,READ,4,CHARGING
0x1EA0252D,513811757,0x1EA0252D,0x1E,1,Integer?,READ,,(unset)
0x1EA0252E,513811758,0x1EA0252E,0x1E,1,Integer?,READ,,(unset)
0x1EA0252F,513811759,0x1EA0252F,0x1E,1,Integer?,READ,,(unset)
0x1EA02530,513811760,0x1EA02530,0x1E,1,Integer?,READ,4,CHARGING
0x1EA02535,513811765,0x1EA02535,0x1E,1,Integer?,READ,,(unset)
0x1EA02536,513811766,0x1EA02536,0x1E,1,Integer?,READ,,(unset)
0x1EA02538,513811768,0x1EA02538,0x1E,1,Integer?,READ,,(unset)
0x1EA02539,513811769,0x1EA02539,0x1E,1,Integer?,READ,,(unset)
0x1EA0253A,513811770,0x1EA0253A,0x1E,1,Integer?,READ,,(unset)
0x1EA0253B,513811771,0x1EA0253B,0x1E,1,Integer?,READ,,(unset)
0x1EA02540,513811776,0x1EA02540,0x1E,1,Integer?,READ,,(unset)
0x1EA02541,513811777,0x1EA02541,0x1E,1,Integer?,READ,,(unset)
0x1EA02542,513811778,0x1EA02542,0x1E,1,Integer?,READ,,(unset)
0x1EA02543,513811779,0x1EA02543,0x1E,12,?12,READ,,(unset)
0x1EA02558,513811800,0x1EA02558,0x1E,1,Integer?,READ,,(unset)
0x1EA02559,513811801,0x1EA02559,0x1E,1,Integer?,READ,,(unset)
0x1EA0255A,513811802,0x1EA0255A,0x1E,1,Integer?,READ,,(unset)
0x1EA0255B,513811803,0x1EA0255B,0x1E,1,Integer?,READ,,(unset)
0x1EA0255C,513811804,0x1EA0255C,0x1E,1,Integer?,READ,,(unset)
0x1EA0255D,513811805,0x1EA0255D,0x1E,1,Integer?,READ,,(unset)
0x1EA0255E,513811806,0x1EA0255E,0x1E,1,Integer?,READ,,(unset)
0x1EA0255F,513811807,0x1EA0255F,0x1E,1,Integer?,READ,,(unset)
0x1EA02560,513811808,0x1EA02560,0x1E,1,Integer?,READ,,(unset)
0x1EA02561,513811809,0x1EA02561,0x1E,1,Integer?,READ,,(unset)
0x1EA02562,513811810,0x1EA02562,0x1E,1,Integer?,READ,,(unset)
0x1EA02563,513811811,0x1EA02563,0x1E,1,Integer?,READ,,(unset)
0x1EA0256C,513811820,0x1EA0256C,0x1E,12,?12,READ,,(unset)
0x1EA0256E,513811822,0x1EA0256E,0x1E,12,?12,READ,,(unset)
0x1EA0256F,513811823,0x1EA0256F,0x1E,1,Integer?,READ,,(unset)
0x1EA02578,513811832,0x1EA02578,0x1E,1,Integer?,READ,,(unset)
0x1EA0258B,513811851,0x1EA0258B,0x1E,1,Integer?,READ,,(unset)
0x1EB01000,514854912,0x1EB01000,0x1E,2,Long?,READ,,(unset)
0x1EB02000,514859008,0x1EB02000,0x1E,2,Long?,READ,,(unset)
0x1EB02010,514859024,0x1EB02010,0x1E,1,Integer?,READ,,(unset)
0x1EB02011,514859025,0x1EB02011,0x1E,1,Integer?,READ,,(unset)
0x1EB02012,514859026,0x1EB02012,0x1E,1,Integer?,READ,,(unset)
0x1EB02013,514859027,0x1EB02013,0x1E,1,Integer?,READ,,(unset)
0x1EB02014,514859028,0x1EB02014,0x1E,1,Integer?,READ,,(unset)
0x1EB02015,514859029,0x1EB02015,0x1E,1,Integer?,READ,,(unset)
0x1EB02016,514859030,0x1EB02016,0x1E,1,Integer?,READ,,(unset)
0x1EB0201C,514859036,0x1EB0201C,0x1E,1,Integer?,READ,,(unset)
0x1EB02027,514859047,0x1EB02027,0x1E,1,Integer?,READ,,(unset)
0x1EB02040,514859072,0x1EB02040,0x1E,1,Integer?,READ,,(unset)
0x1EB03000,514863104,0x1EB03000,0x1E,2,Long?,READ,,(unset)
0x1EB03016,514863126,0x1EB03016,0x1E,1,Integer?,READ,,(unset)
0x1EB03020,514863136,0x1EB03020,0x1E,1,Integer?,READ,,(unset)
0x1EB03023,514863139,0x1EB03023,0x1E,1,Integer?,READ,,(unset)
0x1EB03028,514863144,0x1EB03028,0x1E,1,Integer?,READ,,(unset)
0x1EB0302B,514863147,0x1EB0302B,0x1E,1,Integer?,READ,,(unset)
0x1EB03046,514863174,0x1EB03046,0x1E,1,Integer?,READ,,(unset)
0x1EB04040,514867264,0x1EB04040,0x1E,1,Integer?,READ,,(unset)
0x1EC00000,515899392,0x1EC00000,0x1E,2,Long?,READ,,(unset)
0x1EC00008,515899400,0x1EC00008,0x1E,12,?12,READ,,(unset)
0x1EC00010,515899408,0x1EC00010,0x1E,12,?12,READ,,(unset)
0x1EC00018,515899416,0x1EC00018,0x1E,12,?12,READ,,(unset)
0x1EC00020,515899424,0x1EC00020,0x1E,12,?12,READ,,(unset)
0x1EC00028,515899432,0x1EC00028,0x1E,12,?12,READ,,(unset)
0x1EC00030,515899440,0x1EC00030,0x1E,12,?12,READ,,(unset)
0x1EC00038,515899448,0x1EC00038,0x1E,12,?12,READ,,(unset)
0x1EC00040,515899456,0x1EC00040,0x1E,12,?12,READ,,(unset)
0x1EC00048,515899464,0x1EC00048,0x1E,12,?12,READ,,(unset)
0x1EC00050,515899472,0x1EC00050,0x1E,12,?12,READ,,(unset)
0x1EC00058,515899480,0x1EC00058,0x1E,12,?12,READ,,(unset)
0x1EC00060,515899488,0x1EC00060,0x1E,12,?12,READ,,(unset)
0x1EC00068,515899496,0x1EC00068,0x1E,12,?12,READ,,(unset)
0x1EC00070,515899504,0x1EC00070,0x1E,12,?12,READ,,(unset)
0x1EC00078,515899512,0x1EC00078,0x1E,12,?12,READ,,(unset)
0x1EC00080,515899520,0x1EC00080,0x1E,12,?12,READ,,(unset)
0x1EC00088,515899528,0x1EC00088,0x1E,12,?12,READ,,(unset)
0x1EC0008B,515899531,0x1EC0008B,0x1E,12,?12,READ,,(unset)
0x1EC0008E,515899534,0x1EC0008E,0x1E,12,?12,READ,,(unset)
0x1EC00091,515899537,0x1EC00091,0x1E,12,?12,READ,,(unset)
0x1EC00094,515899540,0x1EC00094,0x1E,12,?12,READ,,(unset)
0x1EC00097,515899543,0x1EC00097,0x1E,12,?12,READ,,(unset)
0x1EC0009A,515899546,0x1EC0009A,0x1E,12,?12,READ,,(unset)
0x1EC0009D,515899549,0x1EC0009D,0x1E,12,?12,READ,,(unset)
0x1EC000A0,515899552,0x1EC000A0,0x1E,12,?12,READ,,(unset)
0x1EC000A3,515899555,0x1EC000A3,0x1E,12,?12,READ,,(unset)
0x1EC000A6,515899558,0x1EC000A6,0x1E,12,?12,READ,,(unset)
0x1EC000A9,515899561,0x1EC000A9,0x1E,12,?12,READ,,(unset)
0x1EC000AC,515899564,0x1EC000AC,0x1E,12,?12,READ,,(unset)
0x1EC000AF,515899567,0x1EC000AF,0x1E,12,?12,READ,,(unset)
0x1EC000B2,515899570,0x1EC000B2,0x1E,12,?12,READ,,(unset)
0x1EC000B5,515899573,0x1EC000B5,0x1E,12,?12,READ,,(unset)
0x1ED0000B,516947979,0x1ED0000B,0x1E,12,?12,READ,,(unset)
0x1ED00018,516947992,0x1ED00018,0x1E,12,?12,READ,,(unset)
0x1ED0001A,516947994,0x1ED0001A,0x1E,12,?12,READ,,(unset)
0x1F100158,521142616,0x1F100158,0x1F,17,?17,READ,,(unset)
0x1F100160,521142624,0x1F100160,0x1F,17,?17,READ,,(unset)
0x1F100168,521142632,0x1F100168,0x1F,17,?17,READ,,(unset)
0x1F100170,521142640,0x1F100170,0x1F,17,?17,READ,,(unset)
0x1F100178,521142648,0x1F100178,0x1F,17,?17,READ,,(unset)
0x1F100180,521142656,0x1F100180,0x1F,17,?17,READ,,(unset)
0x1F100188,521142664,0x1F100188,0x1F,17,?17,READ,,(unset)
0x1F100190,521142672,0x1F100190,0x1F,17,?17,READ,,(unset)
0x1F100198,521142680,0x1F100198,0x1F,17,?17,READ,,(unset)
0x1F1001A0,521142688,0x1F1001A0,0x1F,17,?17,READ,,(unset)
0x1F1001A8,521142696,0x1F1001A8,0x1F,17,?17,READ,,(unset)
0x1F1001B0,521142704,0x1F1001B0,0x1F,17,?17,READ,,(unset)
0x1FC00008,532676616,0x1FC00008,0x1F,12,?12,READ,,(unset)
0x1FC0000B,532676619,0x1FC0000B,0x1F,12,?12,READ,,(unset)
0x1FC0000C,532676620,0x1FC0000C,0x1F,12,?12,READ,4,CHARGING
0x1FC00018,532676632,0x1FC00018,0x1F,12,?12,READ,4,CHARGING
0x1FC00028,532676648,0x1FC00028,0x1F,12,?12,READ,4,CHARGING
0x1FC00035,532676661,0x1FC00035,0x1F,12,?12,READ,,(unset)
0x1FC00036,532676662,0x1FC00036,0x1F,12,?12,READ,,(unset)
0x1FC00037,532676663,0x1FC00037,0x1F,12,?12,READ,,(unset)
0x1FC00038,532676664,0x1FC00038,0x1F,12,?12,READ,,(unset)
0x1FD00000,533725184,0x1FD00000,0x1F,2,Long?,READ,,(unset)
0x1FD00012,533725202,0x1FD00012,0x1F,1,Integer?,READ,,(unset)
0x1FD00028,533725224,0x1FD00028,0x1F,1,Integer?,READ,,(unset)
0x1FD0002B,533725227,0x1FD0002B,0x1F,1,Integer?,READ,,(unset)
0x1FD0002C,533725228,0x1FD0002C,0x1F,1,Integer?,READ,,(unset)
0x1FF01000,535826432,0x1FF01000,0x1F,2,Long?,READ,,(unset)
0x1FF01010,535826448,0x1FF01010,0x1F,12,?12,READ,,(unset)
0x1FF01012,535826450,0x1FF01012,0x1F,12,?12,READ,,(unset)
0x1FF01014,535826452,0x1FF01014,0x1F,12,?12,READ,,(unset)
0x1FF01016,535826454,0x1FF01016,0x1F,12,?12,READ,,(unset)
0x1FF01018,535826456,0x1FF01018,0x1F,12,?12,READ,,(unset)
0x1FF0101A,535826458,0x1FF0101A,0x1F,12,?12,READ,,(unset)
0x1FF0101C,535826460,0x1FF0101C,0x1F,12,?12,READ,,(unset)
0x1FF0101E,535826462,0x1FF0101E,0x1F,12,?12,READ,,(unset)
0x1FF01020,535826464,0x1FF01020,0x1F,12,?12,READ,,(unset)
0x1FF01022,535826466,0x1FF01022,0x1F,12,?12,READ,,(unset)
0x1FF01024,535826468,0x1FF01024,0x1F,12,?12,READ,,(unset)
0x1FF01026,535826470,0x1FF01026,0x1F,12,?12,READ,,(unset)
0x1FF01028,535826472,0x1FF01028,0x1F,12,?12,READ,,(unset)
0x1FF0102A,535826474,0x1FF0102A,0x1F,12,?12,READ,,(unset)
0x1FF0102C,535826476,0x1FF0102C,0x1F,12,?12,READ,,(unset)
0x1FF0102E,535826478,0x1FF0102E,0x1F,12,?12,READ,,(unset)
0x1FF01030,535826480,0x1FF01030,0x1F,12,?12,READ,,(unset)
0x1FF01032,535826482,0x1FF01032,0x1F,12,?12,READ,,(unset)
0x1FF01034,535826484,0x1FF01034,0x1F,12,?12,READ,,(unset)
0x1FF01036,535826486,0x1FF01036,0x1F,12,?12,READ,,(unset)
0x1FF0103C,535826492,0x1FF0103C,0x1F,12,?12,READ,,(unset)
0x1FF01040,535826496,0x1FF01040,0x1F,12,?12,READ,,(unset)
0x1FF01046,535826502,0x1FF01046,0x1F,12,?12,READ,,(unset)
0x1FF02000,535830528,0x1FF02000,0x1F,2,Long?,READ,,(unset)
0x1FF02010,535830544,0x1FF02010,0x1F,12,?12,READ,,(unset)
0x1FF02012,535830546,0x1FF02012,0x1F,12,?12,READ,,(unset)
0x1FF02018,535830552,0x1FF02018,0x1F,12,?12,READ,,(unset)
0x1FF0201C,535830556,0x1FF0201C,0x1F,12,?12,READ,,(unset)
0x1FF02022,535830562,0x1FF02022,0x1F,31,?,READ,,(unset)
0x1FF02028,535830568,0x1FF02028,0x1F,12,?12,READ,,(unset)
0x1FF02030,535830576,0x1FF02030,0x1F,12,?12,READ,,(unset)
0x1FF02038,535830584,0x1FF02038,0x1F,12,?12,READ,,(unset)
0x1FF02040,535830592,0x1FF02040,0x1F,12,?12,READ,,(unset)
0x1FF02042,535830594,0x1FF02042,0x1F,12,?12,READ,,(unset)
0x1FF03028,535834664,0x1FF03028,0x1F,12,?12,READ,,(unset)
0x1FF0302A,535834666,0x1FF0302A,0x1F,12,?12,READ,,(unset)
0x1FF0302C,535834668,0x1FF0302C,0x1F,12,?12,READ,,(unset)
0x1FF0302E,535834670,0x1FF0302E,0x1F,12,?12,READ,,(unset)
0x1FF03039,535834681,0x1FF03039,0x1F,12,?12,READ,,(unset)
0x1FF0303B,535834683,0x1FF0303B,0x1F,12,?12,READ,,(unset)
0x1FF0303E,535834686,0x1FF0303E,0x1F,17,?17,READ,,(unset)
0x1FF03040,535834688,0x1FF03040,0x1F,12,?12,READ,,(unset)
0x1FF03042,535834690,0x1FF03042,0x1F,12,?12,READ,,(unset)
0x1FF03045,535834693,0x1FF03045,0x1F,12,?12,READ,,(unset)
0x1FF04000,535838720,0x1FF04000,0x1F,2,Long?,READ,,(unset)
0x1FF04012,535838738,0x1FF04012,0x1F,12,?12,READ,,(unset)
0x1FF04017,535838743,0x1FF04017,0x1F,12,?12,READ,,(unset)
0x1FF0401C,535838748,0x1FF0401C,0x1F,31,?,READ,,(unset)
0x1FF0401E,535838750,0x1FF0401E,0x1F,12,?12,READ,,(unset)
0x1FF04020,535838752,0x1FF04020,0x1F,12,?12,READ,,(unset)
0x1FF04024,535838756,0x1FF04024,0x1F,12,?12,READ,,(unset)
0x1FF0402B,535838763,0x1FF0402B,0x1F,12,?12,READ,,(unset)
0x1FF0402D,535838765,0x1FF0402D,0x1F,12,?12,READ,,(unset)
0x1FF04034,535838772,0x1FF04034,0x1F,31,?,READ,,(unset)
0x1FF04043,535838787,0x1FF04043,0x1F,3,Float?,READ,,(unset)
0x1FF04045,535838789,0x1FF04045,0x1F,12,?12,READ,,(unset)
0x1FF05010,535842832,0x1FF05010,0x1F,12,?12,READ,,(unset)
0x1FF05012,535842834,0x1FF05012,0x1F,12,?12,READ,,(unset)
0x1FF0501A,535842842,0x1FF0501A,0x1F,12,?12,READ,,(unset)
0x1FF0501C,535842844,0x1FF0501C,0x1F,12,?12,READ,,(unset)
0x1FF05020,535842848,0x1FF05020,0x1F,12,?12,READ,,(unset)
0x1FF05023,535842851,0x1FF05023,0x1F,12,?12,READ,,(unset)
0x1FF05024,535842852,0x1FF05024,0x1F,12,?12,READ,,(unset)
0x1FF05025,535842853,0x1FF05025,0x1F,12,?12,READ,,(unset)
0x1FF05026,535842854,0x1FF05026,0x1F,12,?12,READ,,(unset)
0x1FF05027,535842855,0x1FF05027,0x1F,12,?12,READ,,(unset)
0x1FF05028,535842856,0x1FF05028,0x1F,12,?12,READ,,(unset)
0x1FF0502A,535842858,0x1FF0502A,0x1F,12,?12,READ,,(unset)
0x1FF0502C,535842860,0x1FF0502C,0x1F,12,?12,READ,,(unset)
0x1FF0502E,535842862,0x1FF0502E,0x1F,12,?12,READ,,(unset)
0x1FF05030,535842864,0x1FF05030,0x1F,12,?12,READ,,(unset)
0x1FF05032,535842866,0x1FF05032,0x1F,12,?12,READ,,(unset)
0x1FF05034,535842868,0x1FF05034,0x1F,12,?12,READ,,(unset)
0x1FF05036,535842870,0x1FF05036,0x1F,12,?12,READ,,(unset)
0x1FF05038,535842872,0x1FF05038,0x1F,12,?12,READ,,(unset)
0x1FF0503A,535842874,0x1FF0503A,0x1F,12,?12,READ,,(unset)
0x1FF0503C,535842876,0x1FF0503C,0x1F,12,?12,READ,,(unset)
0x1FF0503E,535842878,0x1FF0503E,0x1F,12,?12,READ,,(unset)
0x1FF05040,535842880,0x1FF05040,0x1F,12,?12,READ,,(unset)
0x1FF05042,535842882,0x1FF05042,0x1F,12,?12,READ,,(unset)
0x20203010,538980368,0x20203010,0x20,6,?,READ,,(unset)
0x20401000,541069312,0x20401000,0x20,2,Long?,READ,,(unset)
0x20401014,541069332,0x20401014,0x20,1,Integer?,READ,,(unset)
0x20401016,541069334,0x20401016,0x20,1,Integer?,READ,,(unset)
0x20500000,542113792,0x20500000,0x20,2,Long?,READ,,(unset)
0x20500008,542113800,0x20500008,0x20,1,Integer?,READ,4,CHARGING
0x20500010,542113808,0x20500010,0x20,1,Integer?,READ,4,CHARGING
0x20500018,542113816,0x20500018,0x20,1,Integer?,READ,,(unset)
0x2050001B,542113819,0x2050001B,0x20,22,?22,READ,,(unset)
0x2050001C,542113820,0x2050001C,0x20,3,Float?,READ,,(unset)
0x2050001D,542113821,0x2050001D,0x20,3,Float?,READ,4,CHARGING
0x20500028,542113832,0x20500028,0x20,3,Float?,READ,,(unset)
0x20500029,542113833,0x20500029,0x20,3,Float?,READ,,(unset)
0x2050002A,542113834,0x2050002A,0x20,3,Float?,READ,,(unset)
0x2050002B,542113835,0x2050002B,0x20,1,Integer?,READ,,(unset)
0x2050002C,542113836,0x2050002C,0x20,1,Integer?,READ,4,CHARGING
0x20500031,542113841,0x20500031,0x20,1,Integer?,READ,4,CHARGING
0x20500036,542113846,0x20500036,0x20,1,Integer?,READ,4,CHARGING
0x20500040,542113856,0x20500040,0x20,1,Integer?,READ,4,CHARGING
0x2050081A,542115866,0x2050081A,0x20,1,Integer?,READ,,(unset)
0x20700000,544210944,0x20700000,0x20,2,Long?,READ,,(unset)
0x20700012,544210962,0x20700012,0x20,12,?12,READ,,(unset)
0x20700016,544210966,0x20700016,0x20,25,?,READ,,(unset)
0x20800008,545259528,0x20800008,0x20,1,Integer?,READ,,(unset)
0x2080000B,545259531,0x2080000B,0x20,1,Integer?,READ,,(unset)
0x2080000E,545259534,0x2080000E,0x20,1,Integer?,READ,,(unset)
0x20800010,545259536,0x20800010,0x20,1,Integer?,READ,,(unset)
0x20800012,545259538,0x20800012,0x20,1,Integer?,READ,,(unset)
0x20800016,545259542,0x20800016,0x20,1,Integer?,READ,,(unset)
0x20800018,545259544,0x20800018,0x20,1,Integer?,READ,,(unset)
0x2080001C,545259548,0x2080001C,0x20,1,Integer?,READ,,(unset)
0x2080001E,545259550,0x2080001E,0x20,1,Integer?,READ,,(unset)
0x20800020,545259552,0x20800020,0x20,1,Integer?,READ,,(unset)
0x20800025,545259557,0x20800025,0x20,1,Integer?,READ,,(unset)
0x20800028,545259560,0x20800028,0x20,1,Integer?,READ,,(unset)
0x2080002E,545259566,0x2080002E,0x20,1,Integer?,READ,,(unset)
0x20800030,545259568,0x20800030,0x20,1,Integer?,READ,,(unset)
0x20800032,545259570,0x20800032,0x20,1,Integer?,READ,,(unset)
0x20800034,545259572,0x20800034,0x20,1,Integer?,READ,,(unset)
0x20800036,545259574,0x20800036,0x20,1,Integer?,READ,,(unset)
0x2080003C,545259580,0x2080003C,0x20,1,Integer?,READ,,(unset)
0x20800040,545259584,0x20800040,0x20,1,Integer?,READ,,(unset)
0x20A00812,547358738,0x20A00812,0x20,4,Double?,READ,,(unset)
0x20D00000,550502400,0x20D00000,0x20,2,Long?,READ,,(unset)
0x20D00008,550502408,0x20D00008,0x20,6,?,READ,,(unset)
0x20D00028,550502440,0x20D00028,0x20,6,?,READ,,(unset)
0x2120000E,555745294,0x2120000E,0x21,18,?,READ,,(unset)
0x21200038,555745336,0x21200038,0x21,5,?,READ,,(unset)
0x21301010,556797968,0x21301010,0x21,2,Long?,READ,,(unset)
0x21301021,556797985,0x21301021,0x21,2,Long?,READ,,(unset)
0x2130102E,556797998,0x2130102E,0x21,2,Long?,READ,,(unset)
0x21301061,556798049,0x21301061,0x21,2,Long?,READ,,(unset)
0x21502000,558899200,0x21502000,0x21,2,Long?,READ,,(unset)
0x21502020,558899232,0x21502020,0x21,4,Double?,READ,,(unset)
0x21505010,558911504,0x21505010,0x21,1,Integer?,READ,,(unset)
0x21505011,558911505,0x21505011,0x21,1,Integer?,READ,,(unset)
0x2150B000,558936064,0x2150B000,0x21,2,Long?,READ,,(unset)
0x2150B010,558936080,0x2150B010,0x21,4,Double?,READ,,(unset)
0x2150B018,558936088,0x2150B018,0x21,4,Double?,READ,,(unset)
0x2150B020,558936096,0x2150B020,0x21,4,Double?,READ,,(unset)
0x2150B028,558936104,0x2150B028,0x21,4,Double?,READ,,(unset)
0x21800000,562036736,0x21800000,0x21,1,Integer?,READ,,(unset)
0x21800011,562036753,0x21800011,0x21,5,?,READ,,(unset)
0x2180001D,562036765,0x2180001D,0x21,1,Integer?,READ,,(unset)
0x2180001F,562036767,0x2180001F,0x21,1,Integer?,READ,,(unset)
0x2180003E,562036798,0x2180003E,0x21,1,Integer?,READ,,(unset)
0x21900020,563085344,0x21900020,0x21,1,Integer?,READ,,(unset)
0x21C8A636,566797878,0x21C8A636,0x21,1,Integer?,READ,,(unset)
0x21D01000,567283712,0x21D01000,0x21,2,Long?,READ,,(unset)
0x21D01030,567283760,0x21D01030,0x21,2,Long?,READ,,(unset)
0x21E00000,568328192,0x21E00000,0x21,2,Long?,READ,,(unset)
0x21E00008,568328200,0x21E00008,0x21,12,?12,READ,,(unset)
0x21E00009,568328201,0x21E00009,0x21,12,?12,READ,,(unset)
0x21E00015,568328213,0x21E00015,0x21,12,?12,READ,,(unset)
0x21E00018,568328216,0x21E00018,0x21,12,?12,READ,,(unset)
0x22000008,570425352,0x22000008,0x22,10,?,READ,,(unset)
0x2200000A,570425354,0x2200000A,0x22,10,?,READ,,(unset)
0x2200000C,570425356,0x2200000C,0x22,10,?,READ,,(unset)
0x2200000E,570425358,0x2200000E,0x22,10,?,READ,,(unset)
0x2200081A,570427418,0x2200081A,0x22,10,?,READ,,(unset)
0x22200008,572522504,0x22200008,0x22,11,?,READ,4,CHARGING
0x22200027,572522535,0x22200027,0x22,11,?,READ,,(unset)
0x22200414,572523540,0x22200414,0x22,11,?,READ,4,CHARGING
0x2220042E,572523566,0x2220042E,0x22,1,Integer?,READ,,(unset)
0x22200434,572523572,0x22200434,0x22,1,Integer?,READ,,(unset)
0x22200436,572523574,0x22200436,0x22,1,Integer?,READ,,(unset)
0x2220043E,572523582,0x2220043E,0x22,1,Integer?,READ,,(unset)
0x22300008,573571080,0x22300008,0x22,11,?,READ,,(unset)
0x22300014,573571092,0x22300014,0x22,11,?,READ,,(unset)
0x22300020,573571104,0x22300020,0x22,11,?,READ,4,CHARGING
0x2230002C,573571116,0x2230002C,0x22,11,?,READ,,(unset)
0x2230003E,573571134,0x2230003E,0x22,11,?,READ,,(unset)
0x2230003F,573571135,0x2230003F,0x22,11,?,READ,,(unset)
0x2260081A,576718874,0x2260081A,0x22,1,Integer?,READ,,(unset)
0x22A00000,580911104,0x22A00000,0x22,2,Long?,READ,,(unset)
0x22A00008,580911112,0x22A00008,0x22,12,?12,READ,,(unset)
0x22A00009,580911113,0x22A00009,0x22,12,?12,READ,,(unset)
0x22A00016,580911126,0x22A00016,0x22,12,?12,READ,,(unset)
0x22A0001C,580911132,0x22A0001C,0x22,12,?12,READ,,(unset)
0x22C00000,583008256,0x22C00000,0x22,2,Long?,READ,,(unset)
0x22C000F2,583008498,0x22C000F2,0x22,25,?,READ,,(unset)
0x22D01800,584062976,0x22D01800,0x22,2,Long?,READ,,(unset)
0x22D01818,584063000,0x22D01818,0x22,4,Double?,READ,,(unset)
0x22D01820,584063008,0x22D01820,0x22,4,Double?,READ,,(unset)
0x22D01828,584063016,0x22D01828,0x22,4,Double?,READ,,(unset)
0x22D01830,584063024,0x22D01830,0x22,4,Double?,READ,,(unset)
0x22D01838,584063032,0x22D01838,0x22,4,Double?,READ,,(unset)
0x22D02800,584067072,0x22D02800,0x22,2,Long?,READ,,(unset)
0x22D02810,584067088,0x22D02810,0x22,4,Double?,READ,,(unset)
0x22D02811,584067089,0x22D02811,0x22,4,Double?,READ,,(unset)
0x22D02812,584067090,0x22D02812,0x22,4,Double?,READ,,(unset)
0x22D02813,584067091,0x22D02813,0x22,4,Double?,READ,,(unset)
0x22D02814,584067092,0x22D02814,0x22,4,Double?,READ,,(unset)
0x22D02818,584067096,0x22D02818,0x22,4,Double?,READ,,(unset)
0x22D02820,584067104,0x22D02820,0x22,4,Double?,READ,,(unset)
0x22D02828,584067112,0x22D02828,0x22,4,Double?,READ,,(unset)
0x22D02830,584067120,0x22D02830,0x22,4,Double?,READ,,(unset)
0x22D02835,584067125,0x22D02835,0x22,4,Double?,READ,,(unset)
0x22D02837,584067127,0x22D02837,0x22,4,Double?,READ,,(unset)
0x22D02838,584067128,0x22D02838,0x22,4,Double?,READ,,(unset)
0x22D0283A,584067130,0x22D0283A,0x22,4,Double?,READ,,(unset)
0x22D0283B,584067131,0x22D0283B,0x22,4,Double?,READ,4,CHARGING
0x22D05810,584079376,0x22D05810,0x22,4,Double?,READ,,(unset)
0x22F00046,586154054,0x22F00046,0x22,2,Long?,READ,,(unset)
0x23000038,587202616,0x23000038,0x23,31,?,READ,,(unset)
0x23000800,587204608,0x23000800,0x23,2,Long?,READ,,(unset)
0x23000828,587204648,0x23000828,0x23,4,Double?,READ,,(unset)
0x23000838,587204664,0x23000838,0x23,4,Double?,READ,,(unset)
0x2300083A,587204666,0x2300083A,0x23,4,Double?,READ,,(unset)
0x2300083C,587204668,0x2300083C,0x23,4,Double?,READ,,(unset)
0x23200022,589299746,0x23200022,0x23,31,?,READ,,(unset)
0x2320002A,589299754,0x2320002A,0x23,31,?,READ,,(unset)
0x23202018,589307928,0x23202018,0x23,23,?23,READ,,(unset)
0x23300000,590348288,0x23300000,0x23,2,Long?,READ,,(unset)
0x23300008,590348296,0x23300008,0x23,4,Double?,READ,,(unset)
0x23300018,590348312,0x23300018,0x23,1,Integer?,READ,,(unset)
0x2330002A,590348330,0x2330002A,0x23,4,Double?,READ,,(unset)
0x2330002D,590348333,0x2330002D,0x23,6,?,READ,,(unset)
0x23300038,590348344,0x23300038,0x23,4,Double?,READ,,(unset)
0x2330003A,590348346,0x2330003A,0x23,1,Integer?,READ,,(unset)
0x23300040,590348352,0x23300040,0x23,1,Integer?,READ,,(unset)
0x23400800,591398912,0x23400800,0x23,2,Long?,READ,,(unset)
0x23400808,591398920,0x23400808,0x23,4,Double?,READ,,(unset)
0x23401000,591400960,0x23401000,0x23,2,Long?,READ,,(unset)
0x23401010,591400976,0x23401010,0x23,6,?,READ,,(unset)
0x23401018,591400984,0x23401018,0x23,1,Integer?,READ,,(unset)
0x2340101A,591400986,0x2340101A,0x23,2,Long?,READ,,(unset)
0x2340101C,591400988,0x2340101C,0x23,2,Long?,READ,,(unset)
0x2340101E,591400990,0x2340101E,0x23,1,Integer?,READ,,(unset)
0x23401020,591400992,0x23401020,0x23,1,Integer?,READ,,(unset)
0x23401023,591400995,0x23401023,0x23,1,Integer?,READ,,(unset)
0x23401025,591400997,0x23401025,0x23,1,Integer?,READ,,(unset)
0x2340102A,591401002,0x2340102A,0x23,1,Integer?,READ,,(unset)
0x2340102C,591401004,0x2340102C,0x23,1,Integer?,READ,,(unset)
0x23402000,591405056,0x23402000,0x23,2,Long?,READ,,(unset)
0x23402012,591405074,0x23402012,0x23,1,Integer?,READ,,(unset)
0x2340201A,591405082,0x2340201A,0x23,1,Integer?,READ,,(unset)
0x2340201C,591405084,0x2340201C,0x23,1,Integer?,READ,,(unset)
0x23402020,591405088,0x23402020,0x23,1,Integer?,READ,,(unset)
0x23402026,591405094,0x23402026,0x23,2,Long?,READ,,(unset)
0x23402030,591405104,0x23402030,0x23,1,Integer?,READ,,(unset)
0x23402033,591405107,0x23402033,0x23,1,Integer?,READ,,(unset)
0x23402038,591405112,0x23402038,0x23,1,Integer?,READ,,(unset)
0x2340203C,591405116,0x2340203C,0x23,1,Integer?,READ,,(unset)
0x23500000,592445440,0x23500000,0x23,2,Long?,READ,,(unset)
0x23500008,592445448,0x23500008,0x23,3,Float?,READ,,(unset)
0x2350000A,592445450,0x2350000A,0x23,3,Float?,READ,,(unset)
0x2350000D,592445453,0x2350000D,0x23,3,Float?,READ,,(unset)
0x23500010,592445456,0x23500010,0x23,3,Float?,READ,,(unset)
0x23500014,592445460,0x23500014,0x23,3,Float?,READ,,(unset)
0x23500018,592445464,0x23500018,0x23,3,Float?,READ,,(unset)
0x2350001C,592445468,0x2350001C,0x23,3,Float?,READ,,(unset)
0x23500020,592445472,0x23500020,0x23,3,Float?,READ,,(unset)
0x23500022,592445474,0x23500022,0x23,3,Float?,READ,,(unset)
0x23500030,592445488,0x23500030,0x23,1,Integer?,READ,,(unset)
0x23700000,594542592,0x23700000,0x23,2,Long?,READ,,(unset)
0x23700018,594542616,0x23700018,0x23,12,?12,READ,,(unset)
0x2370001A,594542618,0x2370001A,0x23,12,?12,READ,,(unset)
0x2370001C,594542620,0x2370001C,0x23,12,?12,READ,,(unset)
0x2370001E,594542622,0x2370001E,0x23,12,?12,READ,,(unset)
0x23700020,594542624,0x23700020,0x23,12,?12,READ,,(unset)
0x23700022,594542626,0x23700022,0x23,12,?12,READ,,(unset)
0x23700024,594542628,0x23700024,0x23,12,?12,READ,,(unset)
0x23700026,594542630,0x23700026,0x23,12,?12,READ,,(unset)
0x23700028,594542632,0x23700028,0x23,12,?12,READ,,(unset)
0x2370002A,594542634,0x2370002A,0x23,12,?12,READ,,(unset)
0x23700038,594542648,0x23700038,0x23,12,?12,READ,,(unset)
0x2370003A,594542650,0x2370003A,0x23,12,?12,READ,,(unset)
0x23700044,594542660,0x23700044,0x23,2,Long?,READ,,(unset)
0x23700046,594542662,0x23700046,0x23,1,Integer?,READ,,(unset)
0x23A00000,597688320,0x23A00000,0x23,2,Long?,READ,,(unset)
0x23A00008,597688328,0x23A00008,0x23,3,Float?,READ,,(unset)
0x23A00010,597688336,0x23A00010,0x23,3,Float?,READ,,(unset)
0x23A00018,597688344,0x23A00018,0x23,3,Float?,READ,,(unset)
0x23A0001B,597688347,0x23A0001B,0x23,3,Float?,READ,,(unset)
0x23A0001E,597688350,0x23A0001E,0x23,3,Float?,READ,,(unset)
0x23A00020,597688352,0x23A00020,0x23,3,Float?,READ,,(unset)
0x23A00023,597688355,0x23A00023,0x23,3,Float?,READ,,(unset)
0x23A00026,597688358,0x23A00026,0x23,3,Float?,READ,,(unset)
0x23A00028,597688360,0x23A00028,0x23,3,Float?,READ,4,CHARGING
0x23A00034,597688372,0x23A00034,0x23,3,Float?,READ,,(unset)
0x23D88385,601392005,0x23D88385,0x23,12,?12,READ,,(unset)
0x23F00000,602931200,0x23F00000,0x23,2,Long?,READ,,(unset)
0x23F00015,602931221,0x23F00015,0x23,2,Long?,READ,,(unset)
0x24000000,603979776,0x24000000,0x24,2,Long?,READ,,(unset)
0x24000008,603979784,0x24000008,0x24,15,?,READ,,(unset)
0x2400000A,603979786,0x2400000A,0x24,15,?,READ,,(unset)
0x2400000C,603979788,0x2400000C,0x24,15,?,READ,,(unset)
0x2400000E,603979790,0x2400000E,0x24,15,?,READ,,(unset)
0x24000013,603979795,0x24000013,0x24,1,Integer?,READ,,(unset)
0x24000016,603979798,0x24000016,0x24,1,Integer?,READ,,(unset)
0x24000033,603979827,0x24000033,0x24,18,?,READ,,(unset)
0x2400003A,603979834,0x2400003A,0x24,4,Double?,READ,,(unset)
0x24100400,605029376,0x24100400,0x24,2,Long?,READ,,(unset)
0x24100408,605029384,0x24100408,0x24,12,?12,READ,,(unset)
0x24200000,606076928,0x24200000,0x24,2,Long?,READ,,(unset)
0x24200020,606076960,0x24200020,0x24,8,?,READ,,(unset)
0x2420002D,606076973,0x2420002D,0x24,1,Integer?,READ,,(unset)
0x24200030,606076976,0x24200030,0x24,5,?,READ,,(unset)
0x24200034,606076980,0x24200034,0x24,5,?,READ,,(unset)
0x2440000C,608174092,0x2440000C,0x24,15,?,READ,,(unset)
0x2440000E,608174094,0x2440000E,0x24,15,?,READ,,(unset)
0x24400010,608174096,0x24400010,0x24,15,?,READ,,(unset)
0x24400012,608174098,0x24400012,0x24,15,?,READ,,(unset)
0x24400016,608174102,0x24400016,0x24,15,?,READ,,(unset)
0x24400018,608174104,0x24400018,0x24,15,?,READ,,(unset)
0x24400028,608174120,0x24400028,0x24,15,?,READ,,(unset)
0x2440003B,608174139,0x2440003B,0x24,15,?,READ,,(unset)
0x2440003E,608174142,0x2440003E,0x24,15,?,READ,,(unset)
0x2440083C,608176188,0x2440083C,0x24,15,?,READ,,(unset)
0x24500000,609222656,0x24500000,0x24,2,Long?,READ,,(unset)
0x24500036,609222710,0x24500036,0x24,18,?,READ,,(unset)
0x2450003A,609222714,0x2450003A,0x24,4,Double?,READ,,(unset)
0x2450003C,609222716,0x2450003C,0x24,22,?22,READ,,(unset)
0x2450003E,609222718,0x2450003E,0x24,22,?22,READ,,(unset)
0x24800000,612368384,0x24800000,0x24,2,Long?,READ,,(unset)
0x24800014,612368404,0x24800014,0x24,3,Float?,READ,,(unset)
0x24800017,612368407,0x24800017,0x24,3,Float?,READ,,(unset)
0x24A00000,614465536,0x24A00000,0x24,2,Long?,READ,,(unset)
0x24A00008,614465544,0x24A00008,0x24,15,?,READ,,(unset)
0x24A0000A,614465546,0x24A0000A,0x24,4,Double?,READ,,(unset)
0x24A00010,614465552,0x24A00010,0x24,15,?,READ,,(unset)
0x24A0001A,614465562,0x24A0001A,0x24,4,Double?,READ,,(unset)
0x24A00030,614465584,0x24A00030,0x24,4,Double?,READ,,(unset)
0x24A00031,614465585,0x24A00031,0x24,4,Double?,READ,,(unset)
0x24A00037,614465591,0x24A00037,0x24,4,Double?,READ,,(unset)
0x24A00039,614465593,0x24A00039,0x24,4,Double?,READ,,(unset)
0x24B00008,615514120,0x24B00008,0x24,15,?,READ,,(unset)
0x24C00000,616562688,0x24C00000,0x24,2,Long?,READ,,(unset)
0x24C00010,616562704,0x24C00010,0x24,1,Integer?,READ,,(unset)
0x24C00013,616562707,0x24C00013,0x24,1,Integer?,READ,,(unset)
0x24C00018,616562712,0x24C00018,0x24,1,Integer?,READ,,(unset)
0x24E1A96D,618768749,0x24E1A96D,0x24,12,?12,READ,,(unset)
0x25100008,621805576,0x25100008,0x25,6,?,READ,,(unset)
0x25100018,621805592,0x25100018,0x25,6,?,READ,,(unset)
0x25100AE1,621808353,0x25100AE1,0x25,12,?12,READ,,(unset)
0x25200028,622854184,0x25200028,0x25,15,?,READ,4,CHARGING
0x25500000,625999872,0x25500000,0x25,2,Long?,READ,,(unset)
0x25500033,625999923,0x25500033,0x25,3,Float?,READ,4,CHARGING
0x25600000,627048448,0x25600000,0x25,2,Long?,READ,,(unset)
0x25600008,627048456,0x25600008,0x25,1,Integer?,READ,,(unset)
0x25600010,627048464,0x25600010,0x25,1,Integer?,READ,,(unset)
0x25600018,627048472,0x25600018,0x25,1,Integer?,READ,,(unset)
0x25600020,627048480,0x25600020,0x25,1,Integer?,READ,,(unset)
0x25600028,627048488,0x25600028,0x25,1,Integer?,READ,,(unset)
0x25600030,627048496,0x25600030,0x25,1,Integer?,READ,,(unset)
0x25700000,628097024,0x25700000,0x25,2,Long?,READ,,(unset)
0x25700008,628097032,0x25700008,0x25,4,Double?,READ,,(unset)
0x25800000,629145600,0x25800000,0x25,2,Long?,READ,,(unset)
0x2580002C,629145644,0x2580002C,0x25,1,Integer?,READ,,(unset)
0x25800031,629145649,0x25800031,0x25,1,Integer?,READ,,(unset)
0x25800034,629145652,0x25800034,0x25,1,Integer?,READ,,(unset)
0x2580003C,629145660,0x2580003C,0x25,1,Integer?,READ,,(unset)
0x2580003F,629145663,0x2580003F,0x25,1,Integer?,READ,,(unset)
0x25800044,629145668,0x25800044,0x25,1,Integer?,READ,,(unset)
0x25800048,629145672,0x25800048,0x25,12,?12,READ,,(unset)
0x2580004A,629145674,0x2580004A,0x25,12,?12,READ,,(unset)
0x2580004F,629145679,0x2580004F,0x25,1,Integer?,READ,,(unset)
0x25800050,629145680,0x25800050,0x25,1,Integer?,READ,,(unset)
0x25800052,629145682,0x25800052,0x25,1,Integer?,READ,,(unset)
0x25800054,629145684,0x25800054,0x25,1,Integer?,READ,,(unset)
0x25800056,629145686,0x25800056,0x25,1,Integer?,READ,,(unset)
0x25800058,629145688,0x25800058,0x25,1,Integer?,READ,,(unset)
0x2580005C,629145692,0x2580005C,0x25,1,Integer?,READ,,(unset)
0x2580005E,629145694,0x2580005E,0x25,1,Integer?,READ,,(unset)
0x25800060,629145696,0x25800060,0x25,1,Integer?,READ,,(unset)
0x25800062,629145698,0x25800062,0x25,1,Integer?,READ,,(unset)
0x25800064,629145700,0x25800064,0x25,1,Integer?,READ,,(unset)
0x25800066,629145702,0x25800066,0x25,1,Integer?,READ,,(unset)
0x25800067,629145703,0x25800067,0x25,1,Integer?,READ,,(unset)
0x25800068,629145704,0x25800068,0x25,1,Integer?,READ,,(unset)
0x2580006F,629145711,0x2580006F,0x25,1,Integer?,READ,,(unset)
0x25800070,629145712,0x25800070,0x25,1,Integer?,READ,,(unset)
0x25800074,629145716,0x25800074,0x25,1,Integer?,READ,,(unset)
0x25800078,629145720,0x25800078,0x25,1,Integer?,READ,,(unset)
0x2580007C,629145724,0x2580007C,0x25,1,Integer?,READ,,(unset)
0x25800080,629145728,0x25800080,0x25,1,Integer?,READ,,(unset)
0x25800084,629145732,0x25800084,0x25,1,Integer?,READ,,(unset)
0x25800088,629145736,0x25800088,0x25,1,Integer?,READ,,(unset)
0x2580008C,629145740,0x2580008C,0x25,1,Integer?,READ,,(unset)
0x25800094,629145748,0x25800094,0x25,1,Integer?,READ,,(unset)
0x25800096,629145750,0x25800096,0x25,1,Integer?,READ,,(unset)
0x25800097,629145751,0x25800097,0x25,1,Integer?,READ,,(unset)
0x25800098,629145752,0x25800098,0x25,1,Integer?,READ,,(unset)
0x2580009A,629145754,0x2580009A,0x25,1,Integer?,READ,,(unset)
0x258000A0,629145760,0x258000A0,0x25,1,Integer?,READ,,(unset)
0x25800114,629145876,0x25800114,0x25,1,Integer?,READ,,(unset)
0x25800116,629145878,0x25800116,0x25,2,Long?,READ,,(unset)
0x25800118,629145880,0x25800118,0x25,2,Long?,READ,,(unset)
0x2580011A,629145882,0x2580011A,0x25,2,Long?,READ,,(unset)
0x2580011C,629145884,0x2580011C,0x25,2,Long?,READ,,(unset)
0x2580011E,629145886,0x2580011E,0x25,1,Integer?,READ,,(unset)
0x25800123,629145891,0x25800123,0x25,1,Integer?,READ,,(unset)
0x25800125,629145893,0x25800125,0x25,1,Integer?,READ,,(unset)
0x2580012A,629145898,0x2580012A,0x25,1,Integer?,READ,,(unset)
0x25800130,629145904,0x25800130,0x25,12,?12,READ,,(unset)
0x25A00000,631242752,0x25A00000,0x25,2,Long?,READ,,(unset)
0x25A00008,631242760,0x25A00008,0x25,17,?17,READ,,(unset)
0x25A00010,631242768,0x25A00010,0x25,17,?17,READ,,(unset)
0x25A00014,631242772,0x25A00014,0x25,17,?17,READ,,(unset)
0x25A00018,631242776,0x25A00018,0x25,17,?17,READ,,(unset)
0x25A0001C,631242780,0x25A0001C,0x25,17,?17,READ,,(unset)
0x25A00020,631242784,0x25A00020,0x25,17,?17,READ,,(unset)
0x25A00030,631242800,0x25A00030,0x25,17,?17,READ,,(unset)
0x25A00038,631242808,0x25A00038,0x25,17,?17,READ,,(unset)
0x25A00040,631242816,0x25A00040,0x25,17,?17,READ,,(unset)
0x25A00048,631242824,0x25A00048,0x25,17,?17,READ,,(unset)
0x25A00066,631242854,0x25A00066,0x25,17,?17,READ,,(unset)
0x25A00068,631242856,0x25A00068,0x25,17,?17,READ,,(unset)
0x25B01000,632295424,0x25B01000,0x25,2,Long?,READ,,(unset)
0x25B01010,632295440,0x25B01010,0x25,44,?44,READ,,(unset)
0x25B01012,632295442,0x25B01012,0x25,44,?44,READ,,(unset)
0x25B01014,632295444,0x25B01014,0x25,44,?44,READ,,(unset)
0x25B01016,632295446,0x25B01016,0x25,44,?44,READ,,(unset)
0x25B01018,632295448,0x25B01018,0x25,44,?44,READ,,(unset)
0x25C00000,633339904,0x25C00000,0x25,2,Long?,READ,,(unset)
0x25D00000,634388480,0x25D00000,0x25,2,Long?,READ,,(unset)
0x25D00030,634388528,0x25D00030,0x25,1,Integer?,READ,,(unset)
0x25F00000,636485632,0x25F00000,0x25,2,Long?,READ,,(unset)
0x25F00008,636485640,0x25F00008,0x25,2,Long?,READ,1,SETTING
0x26000000,637534208,0x26000000,0x26,2,Long?,READ,,(unset)
0x26100000,638582784,0x26100000,0x26,2,Long?,READ,,(unset)
0x26100008,638582792,0x26100008,0x26,3,Float?,READ,,(unset)
0x26100012,638582802,0x26100012,0x26,3,Float?,READ,,(unset)
0x26100014,638582804,0x26100014,0x26,3,Float?,READ,,(unset)
0x26100015,638582805,0x26100015,0x26,3,Float?,READ,,(unset)
0x26100016,638582806,0x26100016,0x26,3,Float?,READ,,(unset)
0x26100017,638582807,0x26100017,0x26,3,Float?,READ,,(unset)
0x26100018,638582808,0x26100018,0x26,3,Float?,READ,,(unset)
0x26100019,638582809,0x26100019,0x26,3,Float?,READ,,(unset)
0x2610001A,638582810,0x2610001A,0x26,3,Float?,READ,,(unset)
0x2610001B,638582811,0x2610001B,0x26,3,Float?,READ,,(unset)
0x2610001C,638582812,0x2610001C,0x26,3,Float?,READ,,(unset)
0x2610001D,638582813,0x2610001D,0x26,3,Float?,READ,,(unset)
0x2610001E,638582814,0x2610001E,0x26,3,Float?,READ,,(unset)
0x2610001F,638582815,0x2610001F,0x26,18,?,READ,,(unset)
0x26100026,638582822,0x26100026,0x26,3,Float?,READ,,(unset)
0x26100028,638582824,0x26100028,0x26,3,Float?,READ,,(unset)
0x2610002B,638582827,0x2610002B,0x26,3,Float?,READ,,(unset)
0x2610002E,638582830,0x2610002E,0x26,3,Float?,READ,,(unset)
0x26100031,638582833,0x26100031,0x26,2,Long?,READ,,(unset)
0x26100032,638582834,0x26100032,0x26,3,Float?,READ,,(unset)
0x26100032,638582834,0x26100032,0x26,2,Long?,READ,,(unset)
0x26100033,638582835,0x26100033,0x26,2,Long?,READ,,(unset)
0x26100035,638582837,0x26100035,0x26,3,Float?,READ,,(unset)
0x26100038,638582840,0x26100038,0x26,3,Float?,READ,,(unset)
0x26123154,638726484,0x26123154,0x26,24,?24,READ,,(unset)
0x26200008,639631368,0x26200008,0x26,15,?,READ,,(unset)
0x2620000A,639631370,0x2620000A,0x26,4,Double?,READ,,(unset)
0x26200010,639631376,0x26200010,0x26,15,?,READ,,(unset)
0x26601000,643829760,0x26601000,0x26,2,Long?,READ,,(unset)
0x26601030,643829808,0x26601030,0x26,12,?12,READ,,(unset)
0x26601038,643829816,0x26601038,0x26,12,?12,READ,,(unset)
0x2660103C,643829820,0x2660103C,0x26,12,?12,READ,,(unset)
0x2660103E,643829822,0x2660103E,0x26,12,?12,READ,,(unset)
0x26601042,643829826,0x26601042,0x26,12,?12,READ,4,CHARGING
0x2660104C,643829836,0x2660104C,0x26,12,?12,READ,4,CHARGING
0x26601058,643829848,0x26601058,0x26,12,?12,READ,4,CHARGING
0x26601063,643829859,0x26601063,0x26,12,?12,READ,4,CHARGING
0x2660106E,643829870,0x2660106E,0x26,12,?12,READ,4,CHARGING
0x26601076,643829878,0x26601076,0x26,12,?12,READ,4,CHARGING
0x2660107E,643829886,0x2660107E,0x26,12,?12,READ,4,CHARGING
0x2660108A,643829898,0x2660108A,0x26,12,?12,READ,4,CHARGING
0x26601093,643829907,0x26601093,0x26,12,?12,READ,4,CHARGING
0x2660109C,643829916,0x2660109C,0x26,12,?12,READ,4,CHARGING
0x266010A4,643829924,0x266010A4,0x26,12,?12,READ,,(unset)
0x266010A8,643829928,0x266010A8,0x26,12,?12,READ,,(unset)
0x266010AA,643829930,0x266010AA,0x26,12,?12,READ,,(unset)
0x266010AE,643829934,0x266010AE,0x26,12,?12,READ,4,CHARGING
0x266010B8,643829944,0x266010B8,0x26,12,?12,READ,4,CHARGING
0x266010C4,643829956,0x266010C4,0x26,12,?12,READ,4,CHARGING
0x266010CF,643829967,0x266010CF,0x26,12,?12,READ,4,CHARGING
0x266010DA,643829978,0x266010DA,0x26,12,?12,READ,4,CHARGING
0x266010E2,643829986,0x266010E2,0x26,12,?12,READ,4,CHARGING
0x266010EA,643829994,0x266010EA,0x26,12,?12,READ,4,CHARGING
0x266010F6,643830006,0x266010F6,0x26,12,?12,READ,4,CHARGING
0x266010FF,643830015,0x266010FF,0x26,12,?12,READ,4,CHARGING
0x26601108,643830024,0x26601108,0x26,12,?12,READ,4,CHARGING
0x26601110,643830032,0x26601110,0x26,12,?12,READ,,(unset)
0x26601114,643830036,0x26601114,0x26,12,?12,READ,,(unset)
0x26601116,643830038,0x26601116,0x26,12,?12,READ,,(unset)
0x2660111A,643830042,0x2660111A,0x26,12,?12,READ,4,CHARGING
0x26601124,643830052,0x26601124,0x26,12,?12,READ,4,CHARGING
0x26601130,643830064,0x26601130,0x26,12,?12,READ,4,CHARGING
0x2660113B,643830075,0x2660113B,0x26,12,?12,READ,4,CHARGING
0x26601146,643830086,0x26601146,0x26,12,?12,READ,4,CHARGING
0x2660114E,643830094,0x2660114E,0x26,12,?12,READ,4,CHARGING
0x26601156,643830102,0x26601156,0x26,12,?12,READ,4,CHARGING
0x26601162,643830114,0x26601162,0x26,12,?12,READ,4,CHARGING
0x2660116B,643830123,0x2660116B,0x26,12,?12,READ,4,CHARGING
0x26601174,643830132,0x26601174,0x26,12,?12,READ,4,CHARGING
0x2660117C,643830140,0x2660117C,0x26,12,?12,READ,,(unset)
0x26601180,643830144,0x26601180,0x26,12,?12,READ,,(unset)
0x26601182,643830146,0x26601182,0x26,12,?12,READ,,(unset)
0x26601186,643830150,0x26601186,0x26,12,?12,READ,4,CHARGING
0x26601190,643830160,0x26601190,0x26,12,?12,READ,4,CHARGING
0x2660119C,643830172,0x2660119C,0x26,12,?12,READ,4,CHARGING
0x266011A7,643830183,0x266011A7,0x26,12,?12,READ,4,CHARGING
0x266011B2,643830194,0x266011B2,0x26,12,?12,READ,4,CHARGING
0x266011BA,643830202,0x266011BA,0x26,12,?12,READ,4,CHARGING
0x266011C2,643830210,0x266011C2,0x26,12,?12,READ,4,CHARGING
0x266011CE,643830222,0x266011CE,0x26,12,?12,READ,4,CHARGING
0x266011D7,643830231,0x266011D7,0x26,12,?12,READ,4,CHARGING
0x266011E0,643830240,0x266011E0,0x26,12,?12,READ,4,CHARGING
0x266011E8,643830248,0x266011E8,0x26,12,?12,READ,,(unset)
0x26602000,643833856,0x26602000,0x26,2,Long?,READ,,(unset)
0x26602038,643833912,0x26602038,0x26,12,?12,READ,,(unset)
0x2660203C,643833916,0x2660203C,0x26,12,?12,READ,,(unset)
0x2660203E,643833918,0x2660203E,0x26,12,?12,READ,,(unset)
0x26602042,643833922,0x26602042,0x26,12,?12,READ,4,CHARGING
0x2660204C,643833932,0x2660204C,0x26,12,?12,READ,4,CHARGING
0x26602058,643833944,0x26602058,0x26,12,?12,READ,4,CHARGING
0x26602063,643833955,0x26602063,0x26,12,?12,READ,4,CHARGING
0x2660206E,643833966,0x2660206E,0x26,12,?12,READ,4,CHARGING
0x26602076,643833974,0x26602076,0x26,12,?12,READ,4,CHARGING
0x2660207E,643833982,0x2660207E,0x26,12,?12,READ,4,CHARGING
0x2660208A,643833994,0x2660208A,0x26,12,?12,READ,4,CHARGING
0x26602093,643834003,0x26602093,0x26,12,?12,READ,4,CHARGING
0x2660209C,643834012,0x2660209C,0x26,12,?12,READ,4,CHARGING
0x266020A4,643834020,0x266020A4,0x26,12,?12,READ,,(unset)
0x266020A8,643834024,0x266020A8,0x26,12,?12,READ,,(unset)
0x266020AA,643834026,0x266020AA,0x26,12,?12,READ,,(unset)
0x266020AE,643834030,0x266020AE,0x26,12,?12,READ,4,CHARGING
0x266020B8,643834040,0x266020B8,0x26,12,?12,READ,4,CHARGING
0x266020C4,643834052,0x266020C4,0x26,12,?12,READ,4,CHARGING
0x266020CF,643834063,0x266020CF,0x26,12,?12,READ,4,CHARGING
0x266020DA,643834074,0x266020DA,0x26,12,?12,READ,4,CHARGING
0x266020E2,643834082,0x266020E2,0x26,12,?12,READ,4,CHARGING
0x266020EA,643834090,0x266020EA,0x26,12,?12,READ,4,CHARGING
0x266020F6,643834102,0x266020F6,0x26,12,?12,READ,4,CHARGING
0x266020FF,643834111,0x266020FF,0x26,12,?12,READ,4,CHARGING
0x26602108,643834120,0x26602108,0x26,12,?12,READ,4,CHARGING
0x26602110,643834128,0x26602110,0x26,12,?12,READ,,(unset)
0x26602114,643834132,0x26602114,0x26,12,?12,READ,,(unset)
0x26602116,643834134,0x26602116,0x26,12,?12,READ,,(unset)
0x2660211A,643834138,0x2660211A,0x26,12,?12,READ,4,CHARGING
0x26602124,643834148,0x26602124,0x26,12,?12,READ,4,CHARGING
0x26602130,643834160,0x26602130,0x26,12,?12,READ,4,CHARGING
0x2660213B,643834171,0x2660213B,0x26,12,?12,READ,4,CHARGING
0x26602146,643834182,0x26602146,0x26,12,?12,READ,4,CHARGING
0x2660214E,643834190,0x2660214E,0x26,12,?12,READ,4,CHARGING
0x26602156,643834198,0x26602156,0x26,12,?12,READ,4,CHARGING
0x26602162,643834210,0x26602162,0x26,12,?12,READ,4,CHARGING
0x2660216B,643834219,0x2660216B,0x26,12,?12,READ,4,CHARGING
0x26602174,643834228,0x26602174,0x26,12,?12,READ,4,CHARGING
0x2660217C,643834236,0x2660217C,0x26,12,?12,READ,,(unset)
0x26602180,643834240,0x26602180,0x26,12,?12,READ,,(unset)
0x26602182,643834242,0x26602182,0x26,12,?12,READ,,(unset)
0x26602186,643834246,0x26602186,0x26,12,?12,READ,4,CHARGING
0x26602190,643834256,0x26602190,0x26,12,?12,READ,4,CHARGING
0x2660219C,643834268,0x2660219C,0x26,12,?12,READ,4,CHARGING
0x266021A7,643834279,0x266021A7,0x26,12,?12,READ,4,CHARGING
0x266021B2,643834290,0x266021B2,0x26,12,?12,READ,4,CHARGING
0x266021BA,643834298,0x266021BA,0x26,12,?12,READ,4,CHARGING
0x266021C2,643834306,0x266021C2,0x26,12,?12,READ,4,CHARGING
0x266021CE,643834318,0x266021CE,0x26,12,?12,READ,4,CHARGING
0x266021D7,643834327,0x266021D7,0x26,12,?12,READ,4,CHARGING
0x266021E0,643834336,0x266021E0,0x26,12,?12,READ,4,CHARGING
0x266021E8,643834344,0x266021E8,0x26,12,?12,READ,,(unset)
0x26603000,643837952,0x26603000,0x26,2,Long?,READ,,(unset)
0x26603038,643838008,0x26603038,0x26,12,?12,READ,,(unset)
0x2660303C,643838012,0x2660303C,0x26,12,?12,READ,,(unset)
0x2660303E,643838014,0x2660303E,0x26,12,?12,READ,,(unset)
0x26603042,643838018,0x26603042,0x26,12,?12,READ,4,CHARGING
0x2660304C,643838028,0x2660304C,0x26,12,?12,READ,4,CHARGING
0x26603058,643838040,0x26603058,0x26,12,?12,READ,4,CHARGING
0x26603063,643838051,0x26603063,0x26,12,?12,READ,4,CHARGING
0x2660306E,643838062,0x2660306E,0x26,12,?12,READ,4,CHARGING
0x26603076,643838070,0x26603076,0x26,12,?12,READ,4,CHARGING
0x2660307E,643838078,0x2660307E,0x26,12,?12,READ,4,CHARGING
0x2660308A,643838090,0x2660308A,0x26,12,?12,READ,4,CHARGING
0x26603093,643838099,0x26603093,0x26,12,?12,READ,4,CHARGING
0x2660309C,643838108,0x2660309C,0x26,12,?12,READ,4,CHARGING
0x266030A4,643838116,0x266030A4,0x26,12,?12,READ,,(unset)
0x266030A8,643838120,0x266030A8,0x26,12,?12,READ,,(unset)
0x266030AA,643838122,0x266030AA,0x26,12,?12,READ,,(unset)
0x266030AE,643838126,0x266030AE,0x26,12,?12,READ,4,CHARGING
0x266030B8,643838136,0x266030B8,0x26,12,?12,READ,4,CHARGING
0x266030C4,643838148,0x266030C4,0x26,12,?12,READ,4,CHARGING
0x266030CF,643838159,0x266030CF,0x26,12,?12,READ,4,CHARGING
0x266030DA,643838170,0x266030DA,0x26,12,?12,READ,4,CHARGING
0x266030E2,643838178,0x266030E2,0x26,12,?12,READ,4,CHARGING
0x266030EA,643838186,0x266030EA,0x26,12,?12,READ,4,CHARGING
0x266030F6,643838198,0x266030F6,0x26,12,?12,READ,4,CHARGING
0x266030FF,643838207,0x266030FF,0x26,12,?12,READ,4,CHARGING
0x26603108,643838216,0x26603108,0x26,12,?12,READ,4,CHARGING
0x26603110,643838224,0x26603110,0x26,12,?12,READ,,(unset)
0x26603114,643838228,0x26603114,0x26,12,?12,READ,,(unset)
0x26603116,643838230,0x26603116,0x26,12,?12,READ,,(unset)
0x2660311A,643838234,0x2660311A,0x26,12,?12,READ,4,CHARGING
0x26603124,643838244,0x26603124,0x26,12,?12,READ,4,CHARGING
0x26603130,643838256,0x26603130,0x26,12,?12,READ,4,CHARGING
0x2660313B,643838267,0x2660313B,0x26,12,?12,READ,4,CHARGING
0x26603146,643838278,0x26603146,0x26,12,?12,READ,4,CHARGING
0x2660314E,643838286,0x2660314E,0x26,12,?12,READ,4,CHARGING
0x26603156,643838294,0x26603156,0x26,12,?12,READ,4,CHARGING
0x26603162,643838306,0x26603162,0x26,12,?12,READ,4,CHARGING
0x2660316B,643838315,0x2660316B,0x26,12,?12,READ,4,CHARGING
0x26603174,643838324,0x26603174,0x26,12,?12,READ,4,CHARGING
0x2660317C,643838332,0x2660317C,0x26,12,?12,READ,,(unset)
0x26603180,643838336,0x26603180,0x26,12,?12,READ,,(unset)
0x26603182,643838338,0x26603182,0x26,12,?12,READ,,(unset)
0x26603186,643838342,0x26603186,0x26,12,?12,READ,4,CHARGING
0x26603190,643838352,0x26603190,0x26,12,?12,READ,4,CHARGING
0x2660319C,643838364,0x2660319C,0x26,12,?12,READ,4,CHARGING
0x266031A7,643838375,0x266031A7,0x26,12,?12,READ,4,CHARGING
0x266031B2,643838386,0x266031B2,0x26,12,?12,READ,4,CHARGING
0x266031BA,643838394,0x266031BA,0x26,12,?12,READ,4,CHARGING
0x266031C2,643838402,0x266031C2,0x26,12,?12,READ,4,CHARGING
0x266031CE,643838414,0x266031CE,0x26,12,?12,READ,4,CHARGING
0x266031D7,643838423,0x266031D7,0x26,12,?12,READ,4,CHARGING
0x266031E0,643838432,0x266031E0,0x26,12,?12,READ,4,CHARGING
0x266031E8,643838440,0x266031E8,0x26,12,?12,READ,,(unset)
0x26700038,644874296,0x26700038,0x26,25,?,READ,,(unset)
0x2670003B,644874299,0x2670003B,0x26,25,?,READ,,(unset)
0x26900000,646971392,0x26900000,0x26,2,Long?,READ,,(unset)
0x26900032,646971442,0x26900032,0x26,3,Float?,READ,,(unset)
0x26900035,646971445,0x26900035,0x26,3,Float?,READ,,(unset)
0x26900038,646971448,0x26900038,0x26,3,Float?,READ,,(unset)
0x26B00000,649068544,0x26B00000,0x26,2,Long?,READ,,(unset)
0x26B00034,649068596,0x26B00034,0x26,4,Double?,READ,,(unset)
0x26B0003A,649068602,0x26B0003A,0x26,4,Double?,READ,4,CHARGING
0x26C00000,650117120,0x26C00000,0x26,2,Long?,READ,,(unset)
0x26C00010,650117136,0x26C00010,0x26,15,?,READ,,(unset)
0x26C0001E,650117150,0x26C0001E,0x26,15,?,READ,,(unset)
0x26C00022,650117154,0x26C00022,0x26,15,?,READ,,(unset)
0x26C00030,650117168,0x26C00030,0x26,15,?,READ,,(unset)
0x26C00038,650117176,0x26C00038,0x26,15,?,READ,,(unset)
0x26F00000,653262848,0x26F00000,0x26,2,Long?,READ,,(unset)
0x26F00008,653262856,0x26F00008,0x26,3,Float?,READ,,(unset)
0x26F0000D,653262861,0x26F0000D,0x26,3,Float?,READ,,(unset)
0x26F00013,653262867,0x26F00013,0x26,3,Float?,READ,,(unset)
0x26F00018,653262872,0x26F00018,0x26,3,Float?,READ,,(unset)
0x26F00020,653262880,0x26F00020,0x26,3,Float?,READ,,(unset)
0x26F00025,653262885,0x26F00025,0x26,3,Float?,READ,,(unset)
0x26F0002E,653262894,0x26F0002E,0x26,2,Long?,READ,,(unset)
0x26F00031,653262897,0x26F00031,0x26,2,Long?,READ,,(unset)
0x26F00034,653262900,0x26F00034,0x26,2,Long?,READ,,(unset)
0x27000000,654311424,0x27000000,0x27,2,Long?,READ,,(unset)
0x2700000E,654311438,0x2700000E,0x27,2,Long?,READ,,(unset)
0x27000018,654311448,0x27000018,0x27,2,Long?,READ,,(unset)
0x2700001A,654311450,0x2700001A,0x27,2,Long?,READ,,(unset)
0x27000020,654311456,0x27000020,0x27,2,Long?,READ,,(unset)
0x27000027,654311463,0x27000027,0x27,2,Long?,READ,,(unset)
0x27000030,654311472,0x27000030,0x27,2,Long?,READ,,(unset)
0x27100000,655360000,0x27100000,0x27,2,Long?,READ,,(unset)
0x27100008,655360008,0x27100008,0x27,13,?13,READ,,(unset)
0x2710000A,655360010,0x2710000A,0x27,13,?13,READ,,(unset)
0x2710000C,655360012,0x2710000C,0x27,13,?13,READ,,(unset)
0x2710000E,655360014,0x2710000E,0x27,13,?13,READ,,(unset)
0x27100010,655360016,0x27100010,0x27,13,?13,READ,,(unset)
0x27100012,655360018,0x27100012,0x27,13,?13,READ,,(unset)
0x27100014,655360020,0x27100014,0x27,13,?13,READ,,(unset)
0x27100016,655360022,0x27100016,0x27,13,?13,READ,,(unset)
0x2710001E,655360030,0x2710001E,0x27,1,Integer?,READ,,(unset)
0x2710001F,655360031,0x2710001F,0x27,1,Integer?,READ,,(unset)
0x27100027,655360039,0x27100027,0x27,1,Integer?,READ,,(unset)
0x27100028,655360040,0x27100028,0x27,13,?13,READ,,(unset)
0x2710002C,655360044,0x2710002C,0x27,13,?13,READ,,(unset)
0x27100030,655360048,0x27100030,0x27,13,?13,READ,,(unset)
0x27100034,655360052,0x27100034,0x27,13,?13,READ,,(unset)
0x27100038,655360056,0x27100038,0x27,1,Integer?,READ,,(unset)
0x27100039,655360057,0x27100039,0x27,1,Integer?,READ,,(unset)
0x2710003A,655360058,0x2710003A,0x27,1,Integer?,READ,,(unset)
0x2710003B,655360059,0x2710003B,0x27,1,Integer?,READ,,(unset)
0x2710003C,655360060,0x2710003C,0x27,1,Integer?,READ,,(unset)
0x2710003D,655360061,0x2710003D,0x27,1,Integer?,READ,,(unset)
0x2710003E,655360062,0x2710003E,0x27,1,Integer?,READ,,(unset)
0x2710003F,655360063,0x2710003F,0x27,1,Integer?,READ,,(unset)
0x27100040,655360064,0x27100040,0x27,1,Integer?,READ,,(unset)
0x27100041,655360065,0x27100041,0x27,1,Integer?,READ,,(unset)
0x27100042,655360066,0x27100042,0x27,1,Integer?,READ,,(unset)
0x27100043,655360067,0x27100043,0x27,1,Integer?,READ,,(unset)
0x27100044,655360068,0x27100044,0x27,1,Integer?,READ,,(unset)
0x27100045,655360069,0x27100045,0x27,1,Integer?,READ,,(unset)
0x27100046,655360070,0x27100046,0x27,1,Integer?,READ,,(unset)
0x27200000,656408576,0x27200000,0x27,2,Long?,READ,,(unset)
0x27200019,656408601,0x27200019,0x27,1,Integer?,READ,,(unset)
0x2720001E,656408606,0x2720001E,0x27,1,Integer?,READ,,(unset)
0x2720001F,656408607,0x2720001F,0x27,1,Integer?,READ,,(unset)
0x27200020,656408608,0x27200020,0x27,1,Integer?,READ,,(unset)
0x27200024,656408612,0x27200024,0x27,1,Integer?,READ,,(unset)
0x27200025,656408613,0x27200025,0x27,1,Integer?,READ,,(unset)
0x27200026,656408614,0x27200026,0x27,1,Integer?,READ,,(unset)
0x27200027,656408615,0x27200027,0x27,1,Integer?,READ,,(unset)
0x27200028,656408616,0x27200028,0x27,1,Integer?,READ,,(unset)
0x27200029,656408617,0x27200029,0x27,1,Integer?,READ,,(unset)
0x2720002A,656408618,0x2720002A,0x27,1,Integer?,READ,,(unset)
0x2720002C,656408620,0x2720002C,0x27,1,Integer?,READ,,(unset)
0x2720002D,656408621,0x2720002D,0x27,1,Integer?,READ,,(unset)
0x2720002E,656408622,0x2720002E,0x27,1,Integer?,READ,,(unset)
0x2720002F,656408623,0x2720002F,0x27,1,Integer?,READ,,(unset)
0x27200033,656408627,0x27200033,0x27,1,Integer?,READ,,(unset)
0x27200036,656408630,0x27200036,0x27,31,?,READ,,(unset)
0x27200038,656408632,0x27200038,0x27,1,Integer?,READ,,(unset)
0x27300000,657457152,0x27300000,0x27,2,Long?,READ,,(unset)
0x27300008,657457160,0x27300008,0x27,17,?17,READ,,(unset)
0x2730000A,657457162,0x2730000A,0x27,17,?17,READ,,(unset)
0x2730000C,657457164,0x2730000C,0x27,17,?17,READ,,(unset)
0x27300010,657457168,0x27300010,0x27,17,?17,READ,,(unset)
0x27300017,657457175,0x27300017,0x27,17,?17,READ,,(unset)
0x2730001A,657457178,0x2730001A,0x27,17,?17,READ,,(unset)
0x2730001D,657457181,0x2730001D,0x27,1,Integer?,READ,,(unset)
0x27300020,657457184,0x27300020,0x27,44,?44,READ,,(unset)
0x27300021,657457185,0x27300021,0x27,44,?44,READ,,(unset)
0x27300024,657457188,0x27300024,0x27,44,?44,READ,,(unset)
0x27300027,657457191,0x27300027,0x27,44,?44,READ,,(unset)
0x27300028,657457192,0x27300028,0x27,44,?44,READ,,(unset)
0x27300030,657457200,0x27300030,0x27,17,?17,READ,,(unset)
0x27500000,659554304,0x27500000,0x27,2,Long?,READ,,(unset)
0x27500008,659554312,0x27500008,0x27,3,Float?,READ,,(unset)
0x2750000B,659554315,0x2750000B,0x27,3,Float?,READ,,(unset)
0x27500014,659554324,0x27500014,0x27,3,Float?,READ,,(unset)
0x27500017,659554327,0x27500017,0x27,3,Float?,READ,,(unset)
0x2750001A,659554330,0x2750001A,0x27,3,Float?,READ,,(unset)
0x2750001D,659554333,0x2750001D,0x27,3,Float?,READ,,(unset)
0x27500020,659554336,0x27500020,0x27,3,Float?,READ,,(unset)
0x27500023,659554339,0x27500023,0x27,3,Float?,READ,,(unset)
0x2750002C,659554348,0x2750002C,0x27,3,Float?,READ,,(unset)
0x2750002F,659554351,0x2750002F,0x27,3,Float?,READ,,(unset)
0x27500032,659554354,0x27500032,0x27,3,Float?,READ,,(unset)
0x27500035,659554357,0x27500035,0x27,3,Float?,READ,,(unset)
0x27800008,662700040,0x27800008,0x27,1,Integer?,READ,,(unset)
0x27800011,662700049,0x27800011,0x27,2,Long?,READ,,(unset)
0x27800018,662700056,0x27800018,0x27,1,Integer?,READ,,(unset)
0x27800027,662700071,0x27800027,0x27,2,Long?,READ,,(unset)
0x27A00800,664799232,0x27A00800,0x27,2,Long?,READ,,(unset)
0x27A00822,664799266,0x27A00822,0x27,4,Double?,READ,,(unset)
0x27A0083B,664799291,0x27A0083B,0x27,31,?,READ,,(unset)
0x27A0083E,664799294,0x27A0083E,0x27,31,?,READ,,(unset)
0x27A00840,664799296,0x27A00840,0x27,31,?,READ,,(unset)
0x27A00841,664799297,0x27A00841,0x27,31,?,READ,,(unset)
0x27C00008,666894344,0x27C00008,0x27,4,Double?,READ,,(unset)
0x27C0000A,666894346,0x27C0000A,0x27,4,Double?,READ,,(unset)
0x27C00018,666894360,0x27C00018,0x27,4,Double?,READ,4,CHARGING
0x28200000,673185792,0x28200000,0x28,2,Long?,READ,,(unset)
0x28200008,673185800,0x28200008,0x28,1,Integer?,READ,4,CHARGING
0x2820000E,673185806,0x2820000E,0x28,1,Integer?,READ,,(unset)
0x28200010,673185808,0x28200010,0x28,1,Integer?,READ,,(unset)
0x28200012,673185810,0x28200012,0x28,1,Integer?,READ,,(unset)
0x28200014,673185812,0x28200014,0x28,1,Integer?,READ,,(unset)
0x28200016,673185814,0x28200016,0x28,1,Integer?,READ,,(unset)
0x2820001A,673185818,0x2820001A,0x28,1,Integer?,READ,,(unset)
0x2820003B,673185851,0x2820003B,0x28,1,Integer?,READ,,(unset)
0x28400000,675282944,0x28400000,0x28,2,Long?,READ,,(unset)
0x2840000C,675282956,0x2840000C,0x28,3,Float?,READ,,(unset)
0x28400018,675282968,0x28400018,0x28,12,?12,READ,,(unset)
0x28400020,675282976,0x28400020,0x28,3,Float?,READ,,(unset)
0x28400022,675282978,0x28400022,0x28,3,Float?,READ,,(unset)
0x28400026,675282982,0x28400026,0x28,3,Float?,READ,,(unset)
0x28400028,675282984,0x28400028,0x28,3,Float?,READ,,(unset)
0x28400036,675282998,0x28400036,0x28,1,Integer?,READ,,(unset)
0x28400040,675283008,0x28400040,0x28,3,Float?,READ,,(unset)
0x2850000C,676331532,0x2850000C,0x28,15,?,READ,4,CHARGING
0x2850001C,676331548,0x2850001C,0x28,15,?,READ,4,CHARGING
0x2850002C,676331564,0x2850002C,0x28,15,?,READ,4,CHARGING
0x2850003C,676331580,0x2850003C,0x28,15,?,READ,4,CHARGING
0x28500116,676331798,0x28500116,0x28,2,Long?,READ,,(unset)
0x28500118,676331800,0x28500118,0x28,2,Long?,READ,,(unset)
0x28500120,676331808,0x28500120,0x28,2,Long?,READ,,(unset)
0x28500123,676331811,0x28500123,0x28,2,Long?,READ,,(unset)
0x28500124,676331812,0x28500124,0x28,1,Integer?,READ,,(unset)
0x28500125,676331813,0x28500125,0x28,2,Long?,READ,,(unset)
0x28500148,676331848,0x28500148,0x28,1,Integer?,READ,,(unset)
0x28500158,676331864,0x28500158,0x28,15,?,READ,4,CHARGING
0x28500168,676331880,0x28500168,0x28,15,?,READ,4,CHARGING
0x28500178,676331896,0x28500178,0x28,15,?,READ,4,CHARGING
0x28500188,676331912,0x28500188,0x28,15,?,READ,4,CHARGING
0x28500198,676331928,0x28500198,0x28,15,?,READ,,(unset)
0x285001A0,676331936,0x285001A0,0x28,15,?,READ,,(unset)
0x285001A8,676331944,0x285001A8,0x28,15,?,READ,,(unset)
0x285001B0,676331952,0x285001B0,0x28,15,?,READ,,(unset)
0x28600000,677380096,0x28600000,0x28,2,Long?,READ,,(unset)
0x28600009,677380105,0x28600009,0x28,1,Integer?,READ,,(unset)
0x28600012,677380114,0x28600012,0x28,4,Double?,READ,,(unset)
0x28600016,677380118,0x28600016,0x28,15,?,READ,,(unset)
0x28600018,677380120,0x28600018,0x28,15,?,READ,,(unset)
0x28700000,678428672,0x28700000,0x28,2,Long?,READ,,(unset)
0x2870000E,678428686,0x2870000E,0x28,3,Float?,READ,,(unset)
0x28700011,678428689,0x28700011,0x28,3,Float?,READ,,(unset)
0x28700014,678428692,0x28700014,0x28,3,Float?,READ,,(unset)
0x28700017,678428695,0x28700017,0x28,3,Float?,READ,,(unset)
0x2870001A,678428698,0x2870001A,0x28,3,Float?,READ,,(unset)
0x2870001D,678428701,0x2870001D,0x28,3,Float?,READ,,(unset)
0x28700020,678428704,0x28700020,0x28,3,Float?,READ,,(unset)
0x28700023,678428707,0x28700023,0x28,3,Float?,READ,,(unset)
0x28700026,678428710,0x28700026,0x28,3,Float?,READ,,(unset)
0x28700029,678428713,0x28700029,0x28,3,Float?,READ,,(unset)
0x2870002C,678428716,0x2870002C,0x28,3,Float?,READ,,(unset)
0x2870002F,678428719,0x2870002F,0x28,3,Float?,READ,,(unset)
0x28700032,678428722,0x28700032,0x28,3,Float?,READ,,(unset)
0x28700035,678428725,0x28700035,0x28,3,Float?,READ,,(unset)
0x28800000,679477248,0x28800000,0x28,2,Long?,READ,,(unset)
0x28800020,679477280,0x28800020,0x28,17,?17,READ,,(unset)
0x28800028,679477288,0x28800028,0x28,17,?17,READ,,(unset)
0x28800030,679477296,0x28800030,0x28,17,?17,READ,,(unset)
0x28800090,679477392,0x28800090,0x28,17,?17,READ,,(unset)
0x2880010D,679477517,0x2880010D,0x28,23,?23,READ,,(unset)
0x2880010D,679477517,0x2880010D,0x28,1,Integer?,READ,,(unset)
0x28800148,679477576,0x28800148,0x28,17,?17,READ,,(unset)
0x2880014A,679477578,0x2880014A,0x28,17,?17,READ,,(unset)
0x2880014C,679477580,0x2880014C,0x28,17,?17,READ,,(unset)
0x28800150,679477584,0x28800150,0x28,17,?17,READ,,(unset)
0x288001CE,679477710,0x288001CE,0x28,17,?17,READ,,(unset)
0x288001D0,679477712,0x288001D0,0x28,17,?17,READ,,(unset)
0x288001D2,679477714,0x288001D2,0x28,17,?17,READ,,(unset)
0x288001D4,679477716,0x288001D4,0x28,17,?17,READ,,(unset)
0x288001D6,679477718,0x288001D6,0x28,17,?17,READ,,(unset)
0x288001D8,679477720,0x288001D8,0x28,17,?17,READ,,(unset)
0x28900000,680525824,0x28900000,0x28,2,Long?,READ,,(unset)
0x289001C0,680526272,0x289001C0,0x28,13,?13,READ,,(unset)
0x289001D0,680526288,0x289001D0,0x28,13,?13,READ,,(unset)
0x289001E0,680526304,0x289001E0,0x28,13,?13,READ,,(unset)
0x289001E2,680526306,0x289001E2,0x28,13,?13,READ,,(unset)
0x289001E4,680526308,0x289001E4,0x28,13,?13,READ,,(unset)
0x289001E8,680526312,0x289001E8,0x28,13,?13,READ,,(unset)
0x28A00000,681574400,0x28A00000,0x28,2,Long?,READ,,(unset)
0x28A00008,681574408,0x28A00008,0x28,1,Integer?,READ,,(unset)
0x28A00009,681574409,0x28A00009,0x28,1,Integer?,READ,,(unset)
0x28A0000A,681574410,0x28A0000A,0x28,1,Integer?,READ,,(unset)
0x28A0000B,681574411,0x28A0000B,0x28,1,Integer?,READ,,(unset)
0x28A0000C,681574412,0x28A0000C,0x28,1,Integer?,READ,,(unset)
0x28A0000D,681574413,0x28A0000D,0x28,1,Integer?,READ,,(unset)
0x28A00015,681574421,0x28A00015,0x28,1,Integer?,READ,,(unset)
0x28A00016,681574422,0x28A00016,0x28,1,Integer?,READ,,(unset)
0x28A00017,681574423,0x28A00017,0x28,1,Integer?,READ,,(unset)
0x28A00018,681574424,0x28A00018,0x28,1,Integer?,READ,,(unset)
0x28A00025,681574437,0x28A00025,0x28,1,Integer?,READ,,(unset)
0x28A00026,681574438,0x28A00026,0x28,1,Integer?,READ,,(unset)
0x28A00027,681574439,0x28A00027,0x28,1,Integer?,READ,,(unset)
0x28A00028,681574440,0x28A00028,0x28,1,Integer?,READ,,(unset)
0x28A00029,681574441,0x28A00029,0x28,1,Integer?,READ,,(unset)
0x28A0002A,681574442,0x28A0002A,0x28,1,Integer?,READ,,(unset)
0x28A0002B,681574443,0x28A0002B,0x28,1,Integer?,READ,,(unset)
0x28A0002C,681574444,0x28A0002C,0x28,1,Integer?,READ,,(unset)
0x28A0002D,681574445,0x28A0002D,0x28,1,Integer?,READ,,(unset)
0x28A00036,681574454,0x28A00036,0x28,1,Integer?,READ,,(unset)
0x28A00037,681574455,0x28A00037,0x28,1,Integer?,READ,,(unset)
0x28A0003D,681574461,0x28A0003D,0x28,1,Integer?,READ,,(unset)
0x28A0003E,681574462,0x28A0003E,0x28,1,Integer?,READ,,(unset)
0x28A0003F,681574463,0x28A0003F,0x28,1,Integer?,READ,,(unset)
0x28A00040,681574464,0x28A00040,0x28,1,Integer?,READ,,(unset)
0x28A00042,681574466,0x28A00042,0x28,1,Integer?,READ,,(unset)
0x28A00043,681574467,0x28A00043,0x28,1,Integer?,READ,,(unset)
0x28A0004F,681574479,0x28A0004F,0x28,1,Integer?,READ,,(unset)
0x28A0005C,681574492,0x28A0005C,0x28,1,Integer?,READ,,(unset)
0x28A00068,681574504,0x28A00068,0x28,1,Integer?,READ,,(unset)
0x28A0007B,681574523,0x28A0007B,0x28,2,Long?,READ,,(unset)
0x28A00082,681574530,0x28A00082,0x28,1,Integer?,READ,,(unset)
0x28A00085,681574533,0x28A00085,0x28,1,Integer?,READ,,(unset)
0x28A00088,681574536,0x28A00088,0x28,1,Integer?,READ,,(unset)
0x28A00089,681574537,0x28A00089,0x28,1,Integer?,READ,,(unset)
0x28A0008D,681574541,0x28A0008D,0x28,1,Integer?,READ,,(unset)
0x28A0008E,681574542,0x28A0008E,0x28,1,Integer?,READ,,(unset)
0x28A00097,681574551,0x28A00097,0x28,6,?,READ,,(unset)
0x28A000A0,681574560,0x28A000A0,0x28,6,?,READ,,(unset)
0x28A000A8,681574568,0x28A000A8,0x28,6,?,READ,,(unset)
0x28A000B0,681574576,0x28A000B0,0x28,31,?,READ,,(unset)
0x28A000B1,681574577,0x28A000B1,0x28,31,?,READ,,(unset)
0x28A000B2,681574578,0x28A000B2,0x28,31,?,READ,,(unset)
0x28A000B3,681574579,0x28A000B3,0x28,31,?,READ,,(unset)
0x28A000B4,681574580,0x28A000B4,0x28,31,?,READ,,(unset)
0x28A000B5,681574581,0x28A000B5,0x28,31,?,READ,,(unset)
0x28A000C2,681574594,0x28A000C2,0x28,2,Long?,READ,,(unset)
0x28A000C7,681574599,0x28A000C7,0x28,2,Long?,READ,,(unset)
0x28A000C8,681574600,0x28A000C8,0x28,2,Long?,READ,,(unset)
0x28A000CB,681574603,0x28A000CB,0x28,2,Long?,READ,,(unset)
0x28A000CC,681574604,0x28A000CC,0x28,12,?12,READ,,(unset)
0x28A000CE,681574606,0x28A000CE,0x28,1,Integer?,READ,,(unset)
0x28A000D3,681574611,0x28A000D3,0x28,1,Integer?,READ,,(unset)
0x28A000D4,681574612,0x28A000D4,0x28,1,Integer?,READ,,(unset)
0x28A000D5,681574613,0x28A000D5,0x28,1,Integer?,READ,,(unset)
0x28A000D6,681574614,0x28A000D6,0x28,1,Integer?,READ,,(unset)
0x28A000D8,681574616,0x28A000D8,0x28,1,Integer?,READ,,(unset)
0x28A000DC,681574620,0x28A000DC,0x28,12,?12,READ,,(unset)
0x28A000E1,681574625,0x28A000E1,0x28,12,?12,READ,,(unset)
0x28A000E2,681574626,0x28A000E2,0x28,22,?22,READ,,(unset)
0x28A000E5,681574629,0x28A000E5,0x28,31,?,READ,,(unset)
0x28A000E7,681574631,0x28A000E7,0x28,31,?,READ,,(unset)
0x28A000EE,681574638,0x28A000EE,0x28,6,?,READ,,(unset)
0x28A000F0,681574640,0x28A000F0,0x28,6,?,READ,,(unset)
0x28A000F3,681574643,0x28A000F3,0x28,6,?,READ,,(unset)
0x28A000F6,681574646,0x28A000F6,0x28,6,?,READ,,(unset)
0x28A000FD,681574653,0x28A000FD,0x28,6,?,READ,,(unset)
0x28A00100,681574656,0x28A00100,0x28,6,?,READ,,(unset)
0x28A00103,681574659,0x28A00103,0x28,6,?,READ,,(unset)
0x28A00106,681574662,0x28A00106,0x28,6,?,READ,,(unset)
0x28A00107,681574663,0x28A00107,0x28,6,?,READ,,(unset)
0x28A00108,681574664,0x28A00108,0x28,6,?,READ,,(unset)
0x28A0010B,681574667,0x28A0010B,0x28,6,?,READ,,(unset)
0x28A0010E,681574670,0x28A0010E,0x28,6,?,READ,,(unset)
0x28A0010F,681574671,0x28A0010F,0x28,6,?,READ,,(unset)
0x28A00110,681574672,0x28A00110,0x28,6,?,READ,,(unset)
0x28A00113,681574675,0x28A00113,0x28,6,?,READ,,(unset)
0x28A00116,681574678,0x28A00116,0x28,6,?,READ,,(unset)
0x28A00117,681574679,0x28A00117,0x28,6,?,READ,,(unset)
0x28A00118,681574680,0x28A00118,0x28,6,?,READ,,(unset)
0x28A0011B,681574683,0x28A0011B,0x28,6,?,READ,,(unset)
0x28A0011F,681574687,0x28A0011F,0x28,6,?,READ,,(unset)
0x28A00120,681574688,0x28A00120,0x28,6,?,READ,4,CHARGING
0x28A00126,681574694,0x28A00126,0x28,6,?,READ,,(unset)
0x28A00128,681574696,0x28A00128,0x28,6,?,READ,4,CHARGING
0x28A0012F,681574703,0x28A0012F,0x28,6,?,READ,,(unset)
0x28A00130,681574704,0x28A00130,0x28,6,?,READ,,(unset)
0x28A00138,681574712,0x28A00138,0x28,6,?,READ,,(unset)
0x28A00140,681574720,0x28A00140,0x28,6,?,READ,,(unset)
0x28A00147,681574727,0x28A00147,0x28,6,?,READ,,(unset)
0x28A00148,681574728,0x28A00148,0x28,6,?,READ,,(unset)
0x28A0014C,681574732,0x28A0014C,0x28,6,?,READ,,(unset)
0x28A00150,681574736,0x28A00150,0x28,6,?,READ,,(unset)
0x28A0015C,681574748,0x28A0015C,0x28,6,?,READ,,(unset)
0x28A0016B,681574763,0x28A0016B,0x28,6,?,READ,,(unset)
0x28A00172,681574770,0x28A00172,0x28,6,?,READ,,(unset)
0x28A00178,681574776,0x28A00178,0x28,,?,READ,,(unset)
0x28A00185,681574789,0x28A00185,0x28,6,?,READ,,(unset)
0x28A00186,681574790,0x28A00186,0x28,6,?,READ,,(unset)
0x28A00188,681574792,0x28A00188,0x28,6,?,READ,,(unset)
0x28A0018D,681574797,0x28A0018D,0x28,6,?,READ,,(unset)
0x28A0018F,681574799,0x28A0018F,0x28,1,Integer?,READ,,(unset)
0x28A001CA,681574858,0x28A001CA,0x28,12,?12,READ,,(unset)
0x28A001CD,681574861,0x28A001CD,0x28,12,?12,READ,,(unset)
0x28A001D0,681574864,0x28A001D0,0x28,6,?,READ,,(unset)
0x28A001D2,681574866,0x28A001D2,0x28,11,?,READ,,(unset)
0x28A001D4,681574868,0x28A001D4,0x28,12,?12,READ,,(unset)
0x28A001D7,681574871,0x28A001D7,0x28,12,?12,READ,,(unset)
0x28A001D8,681574872,0x28A001D8,0x28,12,?12,READ,,(unset)
0x28A001DB,681574875,0x28A001DB,0x28,12,?12,READ,,(unset)
0x28A001DE,681574878,0x28A001DE,0x28,12,?12,READ,,(unset)
0x28A001DF,681574879,0x28A001DF,0x28,12,?12,READ,,(unset)
0x28A001E0,681574880,0x28A001E0,0x28,12,?12,READ,,(unset)
0x28A001E3,681574883,0x28A001E3,0x28,12,?12,READ,,(unset)
0x28A001E6,681574886,0x28A001E6,0x28,12,?12,READ,,(unset)
0x28A001E7,681574887,0x28A001E7,0x28,12,?12,READ,,(unset)
0x28A001E8,681574888,0x28A001E8,0x28,12,?12,READ,,(unset)
0x28A001ED,681574893,0x28A001ED,0x28,2,Long?,READ,,(unset)
0x28A001F0,681574896,0x28A001F0,0x28,2,Long?,READ,4,CHARGING
0x28A001F8,681574904,0x28A001F8,0x28,2,Long?,READ,4,CHARGING
0x28A00202,681574914,0x28A00202,0x28,2,Long?,READ,,(unset)
0x28A00207,681574919,0x28A00207,0x28,2,Long?,READ,,(unset)
0x28D00008,684720136,0x28D00008,0x28,1,Integer?,READ,,(unset)
0x28D00009,684720137,0x28D00009,0x28,1,Integer?,READ,,(unset)
0x28D0000C,684720140,0x28D0000C,0x28,1,Integer?,READ,,(unset)
0x28D00018,684720152,0x28D00018,0x28,1,Integer?,READ,,(unset)
0x28D00019,684720153,0x28D00019,0x28,1,Integer?,READ,,(unset)
0x28D0001A,684720154,0x28D0001A,0x28,1,Integer?,READ,,(unset)
0x28D0001B,684720155,0x28D0001B,0x28,1,Integer?,READ,,(unset)
0x28D0001C,684720156,0x28D0001C,0x28,1,Integer?,READ,,(unset)
0x28D0001D,684720157,0x28D0001D,0x28,1,Integer?,READ,,(unset)
0x28D0001E,684720158,0x28D0001E,0x28,1,Integer?,READ,,(unset)
0x28D0001F,684720159,0x28D0001F,0x28,1,Integer?,READ,,(unset)
0x28D00020,684720160,0x28D00020,0x28,1,Integer?,READ,,(unset)
0x28D00021,684720161,0x28D00021,0x28,1,Integer?,READ,,(unset)
0x28D00022,684720162,0x28D00022,0x28,1,Integer?,READ,,(unset)
0x28D00023,684720163,0x28D00023,0x28,1,Integer?,READ,,(unset)
0x28D00024,684720164,0x28D00024,0x28,1,Integer?,READ,,(unset)
0x28D00025,684720165,0x28D00025,0x28,1,Integer?,READ,,(unset)
0x28D00026,684720166,0x28D00026,0x28,1,Integer?,READ,,(unset)
0x28D00027,684720167,0x28D00027,0x28,1,Integer?,READ,,(unset)
0x28D00028,684720168,0x28D00028,0x28,1,Integer?,READ,,(unset)
0x28D00030,684720176,0x28D00030,0x28,1,Integer?,READ,,(unset)
0x28D00038,684720184,0x28D00038,0x28,1,Integer?,READ,,(unset)
0x28D00040,684720192,0x28D00040,0x28,1,Integer?,READ,,(unset)
0x28F00000,686817280,0x28F00000,0x28,2,Long?,READ,,(unset)
0x28F0000E,686817294,0x28F0000E,0x28,3,Float?,READ,,(unset)
0x28F00011,686817297,0x28F00011,0x28,3,Float?,READ,,(unset)
0x28F00014,686817300,0x28F00014,0x28,3,Float?,READ,,(unset)
0x28F00017,686817303,0x28F00017,0x28,3,Float?,READ,,(unset)
0x28F00026,686817318,0x28F00026,0x28,3,Float?,READ,,(unset)
0x28F00029,686817321,0x28F00029,0x28,3,Float?,READ,,(unset)
0x28F0002C,686817324,0x28F0002C,0x28,3,Float?,READ,,(unset)
0x29300000,691011584,0x29300000,0x29,2,Long?,READ,,(unset)
0x29300010,691011600,0x29300010,0x29,10,?,READ,,(unset)
0x29400000,692060160,0x29400000,0x29,2,Long?,READ,,(unset)
0x29400008,692060168,0x29400008,0x29,2,Long?,READ,,(unset)
0x2940000A,692060170,0x2940000A,0x29,2,Long?,READ,,(unset)
0x2940000C,692060172,0x2940000C,0x29,2,Long?,READ,,(unset)
0x2940000E,692060174,0x2940000E,0x29,2,Long?,READ,,(unset)
0x29400010,692060176,0x29400010,0x29,2,Long?,READ,,(unset)
0x29400011,692060177,0x29400011,0x29,2,Long?,READ,,(unset)
0x29400012,692060178,0x29400012,0x29,2,Long?,READ,,(unset)
0x29400013,692060179,0x29400013,0x29,2,Long?,READ,,(unset)
0x29400014,692060180,0x29400014,0x29,7,?,READ,,(unset)
0x29400015,692060181,0x29400015,0x29,2,Long?,READ,,(unset)
0x29400016,692060182,0x29400016,0x29,2,Long?,READ,,(unset)
0x29400017,692060183,0x29400017,0x29,2,Long?,READ,,(unset)
0x29400018,692060184,0x29400018,0x29,3,Float?,READ,,(unset)
0x2940001A,692060186,0x2940001A,0x29,2,Long?,READ,,(unset)
0x2940001C,692060188,0x2940001C,0x29,2,Long?,READ,,(unset)
0x2940001E,692060190,0x2940001E,0x29,2,Long?,READ,,(unset)
0x29400020,692060192,0x29400020,0x29,5,?,READ,,(unset)
0x29400022,692060194,0x29400022,0x29,5,?,READ,,(unset)
0x29400028,692060200,0x29400028,0x29,1,Integer?,READ,,(unset)
0x2940002A,692060202,0x2940002A,0x29,1,Integer?,READ,,(unset)
0x29501000,693112832,0x29501000,0x29,2,Long?,READ,,(unset)
0x29501010,693112848,0x29501010,0x29,12,?12,READ,4,CHARGING
0x29501018,693112856,0x29501018,0x29,12,?12,READ,,(unset)
0x2950101B,693112859,0x2950101B,0x29,12,?12,READ,,(unset)
0x2950101C,693112860,0x2950101C,0x29,12,?12,READ,,(unset)
0x29501020,693112864,0x29501020,0x29,12,?12,READ,,(unset)
0x29501028,693112872,0x29501028,0x29,12,?12,READ,,(unset)
0x29501030,693112880,0x29501030,0x29,12,?12,READ,4,CHARGING
0x29502000,693116928,0x29502000,0x29,2,Long?,READ,,(unset)
0x29502010,693116944,0x29502010,0x29,12,?12,READ,4,CHARGING
0x29502018,693116952,0x29502018,0x29,12,?12,READ,,(unset)
0x2950201B,693116955,0x2950201B,0x29,12,?12,READ,,(unset)
0x2950201C,693116956,0x2950201C,0x29,12,?12,READ,,(unset)
0x29502020,693116960,0x29502020,0x29,12,?12,READ,,(unset)
0x29502028,693116968,0x29502028,0x29,12,?12,READ,,(unset)
0x29502030,693116976,0x29502030,0x29,12,?12,READ,4,CHARGING
0x29503000,693121024,0x29503000,0x29,2,Long?,READ,,(unset)
0x29503010,693121040,0x29503010,0x29,12,?12,READ,4,CHARGING
0x29503018,693121048,0x29503018,0x29,12,?12,READ,,(unset)
0x2950301B,693121051,0x2950301B,0x29,12,?12,READ,,(unset)
0x2950301C,693121052,0x2950301C,0x29,12,?12,READ,,(unset)
0x29503020,693121056,0x29503020,0x29,12,?12,READ,,(unset)
0x29503028,693121064,0x29503028,0x29,12,?12,READ,,(unset)
0x29503030,693121072,0x29503030,0x29,12,?12,READ,4,CHARGING
0x29504000,693125120,0x29504000,0x29,2,Long?,READ,,(unset)
0x29504010,693125136,0x29504010,0x29,12,?12,READ,4,CHARGING
0x29504018,693125144,0x29504018,0x29,12,?12,READ,,(unset)
0x2950401B,693125147,0x2950401B,0x29,12,?12,READ,,(unset)
0x2950401C,693125148,0x2950401C,0x29,12,?12,READ,,(unset)
0x29504020,693125152,0x29504020,0x29,12,?12,READ,,(unset)
0x29504028,693125160,0x29504028,0x29,12,?12,READ,,(unset)
0x29504030,693125168,0x29504030,0x29,12,?12,READ,4,CHARGING
0x29600000,694157312,0x29600000,0x29,2,Long?,READ,,(unset)
0x29600008,694157320,0x29600008,0x29,3,Float?,READ,,(unset)
0x2960000B,694157323,0x2960000B,0x29,3,Float?,READ,,(unset)
0x2960000E,694157326,0x2960000E,0x29,3,Float?,READ,,(unset)
0x29600011,694157329,0x29600011,0x29,3,Float?,READ,,(unset)
0x29600026,694157350,0x29600026,0x29,3,Float?,READ,,(unset)
0x29600029,694157353,0x29600029,0x29,3,Float?,READ,,(unset)
0x29600032,694157362,0x29600032,0x29,3,Float?,READ,,(unset)
0x29600035,694157365,0x29600035,0x29,3,Float?,READ,,(unset)
0x29701000,695209984,0x29701000,0x29,2,Long?,READ,,(unset)
0x29701010,695210000,0x29701010,0x29,12,?12,READ,,(unset)
0x29701014,695210004,0x29701014,0x29,12,?12,READ,4,CHARGING
0x29701020,695210016,0x29701020,0x29,12,?12,READ,4,CHARGING
0x2970102C,695210028,0x2970102C,0x29,12,?12,READ,4,CHARGING
0x29702000,695214080,0x29702000,0x29,2,Long?,READ,,(unset)
0x29702010,695214096,0x29702010,0x29,12,?12,READ,,(unset)
0x29702014,695214100,0x29702014,0x29,12,?12,READ,4,CHARGING
0x29702020,695214112,0x29702020,0x29,12,?12,READ,4,CHARGING
0x2970202C,695214124,0x2970202C,0x29,12,?12,READ,4,CHARGING
0x29703000,695218176,0x29703000,0x29,2,Long?,READ,,(unset)
0x29703010,695218192,0x29703010,0x29,12,?12,READ,,(unset)
0x29703014,695218196,0x29703014,0x29,12,?12,READ,4,CHARGING
0x2970302C,695218220,0x2970302C,0x29,12,?12,READ,4,CHARGING
0x29704000,695222272,0x29704000,0x29,2,Long?,READ,,(unset)
0x29704010,695222288,0x29704010,0x29,12,?12,READ,,(unset)
0x29704014,695222292,0x29704014,0x29,12,?12,READ,4,CHARGING
0x2970402C,695222316,0x2970402C,0x29,12,?12,READ,4,CHARGING
0x29900016,697303062,0x29900016,0x29,2,Long?,READ,,(unset)
0x29C00000,700448768,0x29C00000,0x29,2,Long?,READ,,(unset)
0x29C00008,700448776,0x29C00008,0x29,12,?12,READ,,(unset)
0x29C0000C,700448780,0x29C0000C,0x29,12,?12,READ,,(unset)
0x29C00010,700448784,0x29C00010,0x29,12,?12,READ,,(unset)
0x29C00017,700448791,0x29C00017,0x29,12,?12,READ,,(unset)
0x29C00018,700448792,0x29C00018,0x29,12,?12,READ,,(unset)
0x29C0001D,700448797,0x29C0001D,0x29,12,?12,READ,,(unset)
0x29C00020,700448800,0x29C00020,0x29,12,?12,READ,,(unset)
0x29C00024,700448804,0x29C00024,0x29,12,?12,READ,,(unset)
0x29C0002C,700448812,0x29C0002C,0x29,12,?12,READ,,(unset)
0x29C00030,700448816,0x29C00030,0x29,12,?12,READ,,(unset)
0x29C00033,700448819,0x29C00033,0x29,12,?12,READ,,(unset)
0x29C00038,700448824,0x29C00038,0x29,12,?12,READ,,(unset)
0x29C0003A,700448826,0x29C0003A,0x29,12,?12,READ,,(unset)
0x29E00000,702545920,0x29E00000,0x29,2,Long?,READ,,(unset)
0x29E00008,702545928,0x29E00008,0x29,13,?13,READ,,(unset)
0x29E0000A,702545930,0x29E0000A,0x29,13,?13,READ,,(unset)
0x29E0000C,702545932,0x29E0000C,0x29,13,?13,READ,,(unset)
0x29E0000E,702545934,0x29E0000E,0x29,13,?13,READ,,(unset)
0x29E00018,702545944,0x29E00018,0x29,13,?13,READ,,(unset)
0x29E0001C,702545948,0x29E0001C,0x29,13,?13,READ,,(unset)
0x29E00020,702545952,0x29E00020,0x29,2,Long?,READ,,(unset)
0x29E00022,702545954,0x29E00022,0x29,2,Long?,READ,,(unset)
0x29E00024,702545956,0x29E00024,0x29,2,Long?,READ,,(unset)
0x2A10001B,705691675,0x2A10001B,0x2A,1,Integer?,READ,,(unset)
0x2A100028,705691688,0x2A100028,0x2A,2,Long?,READ,,(unset)
0x2A100029,705691689,0x2A100029,0x2A,1,Integer?,READ,,(unset)
0x2A10002B,705691691,0x2A10002B,0x2A,1,Integer?,READ,,(unset)
0x2A400800,708839424,0x2A400800,0x2A,2,Long?,READ,,(unset)
0x2A400818,708839448,0x2A400818,0x2A,4,Double?,READ,,(unset)
0x2A500000,709885952,0x2A500000,0x2A,2,Long?,READ,,(unset)
0x2A50009E,709886110,0x2A50009E,0x2A,2,Long?,READ,,(unset)
0x2A50009F,709886111,0x2A50009F,0x2A,2,Long?,READ,,(unset)
0x2A5000AA,709886122,0x2A5000AA,0x2A,2,Long?,READ,,(unset)
0x2A5000AE,709886126,0x2A5000AE,0x2A,2,Long?,READ,,(unset)
0x2A5000AF,709886127,0x2A5000AF,0x2A,2,Long?,READ,,(unset)
0x2A5000B0,709886128,0x2A5000B0,0x2A,2,Long?,READ,,(unset)
0x2A5000BB,709886139,0x2A5000BB,0x2A,2,Long?,READ,,(unset)
0x2A5000C5,709886149,0x2A5000C5,0x2A,2,Long?,READ,,(unset)
0x2A5000C9,709886153,0x2A5000C9,0x2A,2,Long?,READ,,(unset)
0x2A600000,710934528,0x2A600000,0x2A,2,Long?,READ,,(unset)
0x2A60000B,710934539,0x2A60000B,0x2A,3,Float?,READ,,(unset)
0x2A60000E,710934542,0x2A60000E,0x2A,3,Float?,READ,,(unset)
0x2A600014,710934548,0x2A600014,0x2A,3,Float?,READ,,(unset)
0x2A60001D,710934557,0x2A60001D,0x2A,3,Float?,READ,,(unset)
0x2A600026,710934566,0x2A600026,0x2A,3,Float?,READ,,(unset)
0x2A600029,710934569,0x2A600029,0x2A,3,Float?,READ,,(unset)
0x2A60002C,710934572,0x2A60002C,0x2A,3,Float?,READ,,(unset)
0x2A60002F,710934575,0x2A60002F,0x2A,3,Float?,READ,,(unset)
0x2A600035,710934581,0x2A600035,0x2A,3,Float?,READ,,(unset)
0x2A600038,710934584,0x2A600038,0x2A,3,Float?,READ,,(unset)
0x2A700000,711983104,0x2A700000,0x2A,2,Long?,READ,,(unset)
0x2A700008,711983112,0x2A700008,0x2A,13,?13,READ,,(unset)
0x2A70000A,711983114,0x2A70000A,0x2A,13,?13,READ,,(unset)
0x2A70000C,711983116,0x2A70000C,0x2A,13,?13,READ,,(unset)
0x2A70000E,711983118,0x2A70000E,0x2A,13,?13,READ,,(unset)
0x2A700018,711983128,0x2A700018,0x2A,13,?13,READ,,(unset)
0x2A70001C,711983132,0x2A70001C,0x2A,13,?13,READ,,(unset)
0x2A800008,713031688,0x2A800008,0x2A,1,Integer?,READ,,(unset)
0x2A800009,713031689,0x2A800009,0x2A,1,Integer?,READ,,(unset)
0x2A80000C,713031692,0x2A80000C,0x2A,1,Integer?,READ,,(unset)
0x2A80000D,713031693,0x2A80000D,0x2A,1,Integer?,READ,,(unset)
0x2A80000F,713031695,0x2A80000F,0x2A,1,Integer?,READ,,(unset)
0x2A800020,713031712,0x2A800020,0x2A,1,Integer?,READ,,(unset)
0x2A800022,713031714,0x2A800022,0x2A,1,Integer?,READ,,(unset)
0x2A800024,713031716,0x2A800024,0x2A,1,Integer?,READ,,(unset)
0x2A800028,713031720,0x2A800028,0x2A,1,Integer?,READ,,(unset)
0x2A80002A,713031722,0x2A80002A,0x2A,1,Integer?,READ,,(unset)
0x2A80002C,713031724,0x2A80002C,0x2A,1,Integer?,READ,,(unset)
0x2AA01010,715132944,0x2AA01010,0x2A,13,?13,READ,,(unset)
0x2AA01013,715132947,0x2AA01013,0x2A,13,?13,READ,,(unset)
0x2AA01018,715132952,0x2AA01018,0x2A,13,?13,READ,,(unset)
0x2AA0101B,715132955,0x2AA0101B,0x2A,13,?13,READ,,(unset)
0x2AA01020,715132960,0x2AA01020,0x2A,13,?13,READ,,(unset)
0x2AA01023,715132963,0x2AA01023,0x2A,13,?13,READ,,(unset)
0x2AA01028,715132968,0x2AA01028,0x2A,13,?13,READ,,(unset)
0x2AA0102B,715132971,0x2AA0102B,0x2A,13,?13,READ,,(unset)
0x2AA0102E,715132974,0x2AA0102E,0x2A,1,Integer?,READ,,(unset)
0x2AA01030,715132976,0x2AA01030,0x2A,2,Long?,READ,,(unset)
0x2AA02000,715137024,0x2AA02000,0x2A,2,Long?,READ,,(unset)
0x2AA02040,715137088,0x2AA02040,0x2A,1,Integer?,READ,,(unset)
0x2AA03000,715141120,0x2AA03000,0x2A,2,Long?,READ,,(unset)
0x2AA03010,715141136,0x2AA03010,0x2A,2,Long?,READ,,(unset)
0x2AA03013,715141139,0x2AA03013,0x2A,2,Long?,READ,,(unset)
0x2AA03016,715141142,0x2AA03016,0x2A,2,Long?,READ,,(unset)
0x2AA03018,715141144,0x2AA03018,0x2A,2,Long?,READ,,(unset)
0x2AA0301A,715141146,0x2AA0301A,0x2A,2,Long?,READ,,(unset)
0x2AA0301E,715141150,0x2AA0301E,0x2A,2,Long?,READ,,(unset)
0x2AA04010,715145232,0x2AA04010,0x2A,2,Long?,READ,,(unset)
0x2AA04018,715145240,0x2AA04018,0x2A,2,Long?,READ,,(unset)
0x2AD00000,718274560,0x2AD00000,0x2A,2,Long?,READ,,(unset)
0x2AD00012,718274578,0x2AD00012,0x2A,4,Double?,READ,,(unset)
0x2AD00018,718274584,0x2AD00018,0x2A,4,Double?,READ,,(unset)
0x2AD0001C,718274588,0x2AD0001C,0x2A,4,Double?,READ,,(unset)
0x2AD00020,718274592,0x2AD00020,0x2A,4,Double?,READ,,(unset)
0x2B000000,721420288,0x2B000000,0x2B,2,Long?,READ,,(unset)
0x2B000008,721420296,0x2B000008,0x2B,3,Float?,READ,,(unset)
0x2B00000B,721420299,0x2B00000B,0x2B,3,Float?,READ,,(unset)
0x2B00000E,721420302,0x2B00000E,0x2B,3,Float?,READ,,(unset)
0x2B000011,721420305,0x2B000011,0x2B,3,Float?,READ,,(unset)
0x2B000014,721420308,0x2B000014,0x2B,3,Float?,READ,,(unset)
0x2B000017,721420311,0x2B000017,0x2B,3,Float?,READ,,(unset)
0x2B00001A,721420314,0x2B00001A,0x2B,3,Float?,READ,,(unset)
0x2B00001D,721420317,0x2B00001D,0x2B,3,Float?,READ,,(unset)
0x2B000020,721420320,0x2B000020,0x2B,3,Float?,READ,,(unset)
0x2B000023,721420323,0x2B000023,0x2B,3,Float?,READ,,(unset)
0x2B000026,721420326,0x2B000026,0x2B,3,Float?,READ,,(unset)
0x2B000029,721420329,0x2B000029,0x2B,3,Float?,READ,,(unset)
0x2B00002C,721420332,0x2B00002C,0x2B,3,Float?,READ,,(unset)
0x2B00002F,721420335,0x2B00002F,0x2B,3,Float?,READ,,(unset)
0x2B000032,721420338,0x2B000032,0x2B,3,Float?,READ,,(unset)
0x2B000035,721420341,0x2B000035,0x2B,3,Float?,READ,,(unset)
0x2B200000,723517440,0x2B200000,0x2B,2,Long?,READ,,(unset)
0x2B200020,723517472,0x2B200020,0x2B,1,Integer?,READ,,(unset)
0x2B200022,723517474,0x2B200022,0x2B,1,Integer?,READ,,(unset)
0x2B200025,723517477,0x2B200025,0x2B,1,Integer?,READ,,(unset)
0x2B200030,723517488,0x2B200030,0x2B,1,Integer?,READ,,(unset)
0x2B400000,725614592,0x2B400000,0x2B,2,Long?,READ,,(unset)
0x2B400008,725614600,0x2B400008,0x2B,12,?12,READ,,(unset)
0x2B40000D,725614605,0x2B40000D,0x2B,12,?12,READ,,(unset)
0x2B400016,725614614,0x2B400016,0x2B,12,?12,READ,,(unset)
0x2B400018,725614616,0x2B400018,0x2B,12,?12,READ,,(unset)
0x2B40001C,725614620,0x2B40001C,0x2B,12,?12,READ,,(unset)
0x2B400020,725614624,0x2B400020,0x2B,12,?12,READ,,(unset)
0x2B400028,725614632,0x2B400028,0x2B,12,?12,READ,,(unset)
0x2B40002A,725614634,0x2B40002A,0x2B,12,?12,READ,,(unset)
0x2B40002D,725614637,0x2B40002D,0x2B,12,?12,READ,,(unset)
0x2B400030,725614640,0x2B400030,0x2B,12,?12,READ,,(unset)
0x2B400033,725614643,0x2B400033,0x2B,1,Integer?,READ,,(unset)
0x2B400034,725614644,0x2B400034,0x2B,1,Integer?,READ,,(unset)
0x2B400038,725614648,0x2B400038,0x2B,12,?12,READ,,(unset)
0x2B40003B,725614651,0x2B40003B,0x2B,12,?12,READ,,(unset)
0x2B400042,725614658,0x2B400042,0x2B,1,Integer?,READ,,(unset)
0x2B500000,726663168,0x2B500000,0x2B,2,Long?,READ,,(unset)
0x2B500008,726663176,0x2B500008,0x2B,12,?12,READ,,(unset)
0x2B500009,726663177,0x2B500009,0x2B,12,?12,READ,,(unset)
0x2B50000A,726663178,0x2B50000A,0x2B,12,?12,READ,,(unset)
0x2B50000B,726663179,0x2B50000B,0x2B,12,?12,READ,,(unset)
0x2B50000E,726663182,0x2B50000E,0x2B,12,?12,READ,,(unset)
0x2B50000F,726663183,0x2B50000F,0x2B,12,?12,READ,,(unset)
0x2B500012,726663186,0x2B500012,0x2B,1,Integer?,READ,,(unset)
0x2B500013,726663187,0x2B500013,0x2B,12,?12,READ,,(unset)
0x2B500017,726663191,0x2B500017,0x2B,12,?12,READ,,(unset)
0x2B500018,726663192,0x2B500018,0x2B,12,?12,READ,,(unset)
0x2B50001C,726663196,0x2B50001C,0x2B,12,?12,READ,,(unset)
0x2B500020,726663200,0x2B500020,0x2B,12,?12,READ,,(unset)
0x2B500023,726663203,0x2B500023,0x2B,12,?12,READ,,(unset)
0x2B500026,726663206,0x2B500026,0x2B,12,?12,READ,,(unset)
0x2B500028,726663208,0x2B500028,0x2B,12,?12,READ,,(unset)
0x2B50002B,726663211,0x2B50002B,0x2B,12,?12,READ,,(unset)
0x2B50002D,726663213,0x2B50002D,0x2B,12,?12,READ,,(unset)
0x2B50002F,726663215,0x2B50002F,0x2B,12,?12,READ,,(unset)
0x2B500036,726663222,0x2B500036,0x2B,1,Integer?,READ,,(unset)
0x2B600000,727711744,0x2B600000,0x2B,2,Long?,READ,,(unset)
0x2B800008,729808904,0x2B800008,0x2B,28,?,READ,1,SETTING
0x2BA00000,731906048,0x2BA00000,0x2B,2,Long?,READ,,(unset)
0x2BA00008,731906056,0x2BA00008,0x2B,4,Double?,READ,,(unset)
0x2BA00009,731906057,0x2BA00009,0x2B,4,Double?,READ,,(unset)
0x2BA0000A,731906058,0x2BA0000A,0x2B,4,Double?,READ,,(unset)
0x2BA0000B,731906059,0x2BA0000B,0x2B,4,Double?,READ,,(unset)
0x2BA0003B,731906107,0x2BA0003B,0x2B,4,Double?,READ,,(unset)
0x2BA0003C,731906108,0x2BA0003C,0x2B,4,Double?,READ,,(unset)
0x2BAFC830,732940336,0x2BAFC830,0x2B,17,?17,READ,,(unset)
0x2C000000,738197504,0x2C000000,0x2C,2,Long?,READ,,(unset)
0x2C000014,738197524,0x2C000014,0x2C,3,Float?,READ,,(unset)
0x2C000017,738197527,0x2C000017,0x2C,3,Float?,READ,,(unset)
0x2C00001A,738197530,0x2C00001A,0x2C,3,Float?,READ,,(unset)
0x2C00001D,738197533,0x2C00001D,0x2C,3,Float?,READ,,(unset)
0x2C000020,738197536,0x2C000020,0x2C,3,Float?,READ,,(unset)
0x2C000023,738197539,0x2C000023,0x2C,3,Float?,READ,,(unset)
0x2C000026,738197542,0x2C000026,0x2C,3,Float?,READ,,(unset)
0x2C000029,738197545,0x2C000029,0x2C,3,Float?,READ,,(unset)
0x2C00002C,738197548,0x2C00002C,0x2C,3,Float?,READ,,(unset)
0x2C00002F,738197551,0x2C00002F,0x2C,3,Float?,READ,,(unset)
0x2C000032,738197554,0x2C000032,0x2C,3,Float?,READ,,(unset)
0x2C000035,738197557,0x2C000035,0x2C,3,Float?,READ,,(unset)
0x2C000038,738197560,0x2C000038,0x2C,3,Float?,READ,,(unset)
0x2C328516,741508374,0x2C328516,0x2C,1,Integer?,READ,,(unset)
0x2C500000,743440384,0x2C500000,0x2C,2,Long?,READ,,(unset)
0x2C50007F,743440511,0x2C50007F,0x2C,1,Integer?,READ,,(unset)
0x2C500080,743440512,0x2C500080,0x2C,1,Integer?,READ,,(unset)
0x2CA00008,748683272,0x2CA00008,0x2C,12,?12,READ,,(unset)
0x2CA0000A,748683274,0x2CA0000A,0x2C,12,?12,READ,,(unset)
0x2CA0000C,748683276,0x2CA0000C,0x2C,12,?12,READ,,(unset)
0x2CA0000E,748683278,0x2CA0000E,0x2C,12,?12,READ,,(unset)
0x2CA00010,748683280,0x2CA00010,0x2C,12,?12,READ,,(unset)
0x2CA00012,748683282,0x2CA00012,0x2C,14,?,READ,,(unset)
0x2CA00013,748683283,0x2CA00013,0x2C,14,?,READ,,(unset)
0x2CA00020,748683296,0x2CA00020,0x2C,12,?12,READ,,(unset)
0x2CA00022,748683298,0x2CA00022,0x2C,12,?12,READ,,(unset)
0x2CA00024,748683300,0x2CA00024,0x2C,12,?12,READ,,(unset)
0x2CA00028,748683304,0x2CA00028,0x2C,12,?12,READ,,(unset)
0x2CA0002A,748683306,0x2CA0002A,0x2C,12,?12,READ,,(unset)
0x2CA0002C,748683308,0x2CA0002C,0x2C,12,?12,READ,,(unset)
0x2CA00030,748683312,0x2CA00030,0x2C,12,?12,READ,,(unset)
0x2CA00036,748683318,0x2CA00036,0x2C,12,?12,READ,,(unset)
0x2CA00038,748683320,0x2CA00038,0x2C,12,?12,READ,,(unset)
0x2CB00000,749731840,0x2CB00000,0x2C,2,Long?,READ,,(unset)
0x2CB00008,749731848,0x2CB00008,0x2C,12,?12,READ,,(unset)
0x2CB0000A,749731850,0x2CB0000A,0x2C,12,?12,READ,,(unset)
0x2CB0000C,749731852,0x2CB0000C,0x2C,12,?12,READ,,(unset)
0x2CB0000E,749731854,0x2CB0000E,0x2C,12,?12,READ,,(unset)
0x2CB00010,749731856,0x2CB00010,0x2C,12,?12,READ,,(unset)
0x2CB00012,749731858,0x2CB00012,0x2C,12,?12,READ,,(unset)
0x2CB00014,749731860,0x2CB00014,0x2C,12,?12,READ,,(unset)
0x2CB00016,749731862,0x2CB00016,0x2C,12,?12,READ,,(unset)
0x2CB0001C,749731868,0x2CB0001C,0x2C,12,?12,READ,,(unset)
0x2CB0001E,749731870,0x2CB0001E,0x2C,12,?12,READ,,(unset)
0x2CB00020,749731872,0x2CB00020,0x2C,12,?12,READ,,(unset)
0x2CB00026,749731878,0x2CB00026,0x2C,12,?12,READ,,(unset)
0x2CB00028,749731880,0x2CB00028,0x2C,12,?12,READ,,(unset)
0x2CB00032,749731890,0x2CB00032,0x2C,12,?12,READ,,(unset)
0x2CB00038,749731896,0x2CB00038,0x2C,12,?12,READ,,(unset)
0x2CB00042,749731906,0x2CB00042,0x2C,12,?12,READ,,(unset)
0x2CB00048,749731912,0x2CB00048,0x2C,12,?12,READ,,(unset)
0x2CB0004E,749731918,0x2CB0004E,0x2C,12,?12,READ,,(unset)
0x2CB00050,749731920,0x2CB00050,0x2C,12,?12,READ,,(unset)
0x2CB00058,749731928,0x2CB00058,0x2C,12,?12,READ,,(unset)
0x2CB0005A,749731930,0x2CB0005A,0x2C,12,?12,READ,,(unset)
0x2CB0005C,749731932,0x2CB0005C,0x2C,12,?12,READ,,(unset)
0x2CB000A8,749732008,0x2CB000A8,0x2C,12,?12,READ,,(unset)
0x2CB000AA,749732010,0x2CB000AA,0x2C,12,?12,READ,,(unset)
0x2CB000B0,749732016,0x2CB000B0,0x2C,12,?12,READ,,(unset)
0x2CB000B6,749732022,0x2CB000B6,0x2C,12,?12,READ,,(unset)
0x2CB000B8,749732024,0x2CB000B8,0x2C,12,?12,READ,,(unset)
0x2CB000BA,749732026,0x2CB000BA,0x2C,12,?12,READ,,(unset)
0x2CB000BD,749732029,0x2CB000BD,0x2C,12,?12,READ,,(unset)
0x2CB000C0,749732032,0x2CB000C0,0x2C,12,?12,READ,,(unset)
0x2CB000C8,749732040,0x2CB000C8,0x2C,12,?12,READ,,(unset)
0x2CB000CB,749732043,0x2CB000CB,0x2C,12,?12,READ,,(unset)
0x2CB000D7,749732055,0x2CB000D7,0x2C,12,?12,READ,,(unset)
0x2CB000DC,749732060,0x2CB000DC,0x2C,12,?12,READ,,(unset)
0x2CB000E0,749732064,0x2CB000E0,0x2C,12,?12,READ,,(unset)
0x2CB000E6,749732070,0x2CB000E6,0x2C,12,?12,READ,,(unset)
0x2CB000E8,749732072,0x2CB000E8,0x2C,12,?12,READ,,(unset)
0x2CB000EE,749732078,0x2CB000EE,0x2C,12,?12,READ,,(unset)
0x2CB000F0,749732080,0x2CB000F0,0x2C,12,?12,READ,,(unset)
0x2CB000F8,749732088,0x2CB000F8,0x2C,12,?12,READ,,(unset)
0x2CB000FD,749732093,0x2CB000FD,0x2C,12,?12,READ,,(unset)
0x2CB000FF,749732095,0x2CB000FF,0x2C,12,?12,READ,,(unset)
0x2CB00100,749732096,0x2CB00100,0x2C,12,?12,READ,,(unset)
0x2CB00104,749732100,0x2CB00104,0x2C,12,?12,READ,,(unset)
0x2CB00106,749732102,0x2CB00106,0x2C,12,?12,READ,,(unset)
0x2CB00108,749732104,0x2CB00108,0x2C,22,?22,READ,,(unset)
0x2CB0010D,749732109,0x2CB0010D,0x2C,12,?12,READ,,(unset)
0x2CB0010F,749732111,0x2CB0010F,0x2C,12,?12,READ,,(unset)
0x2CB00110,749732112,0x2CB00110,0x2C,12,?12,READ,,(unset)
0x2CB00116,749732118,0x2CB00116,0x2C,12,?12,READ,,(unset)
0x2CB00118,749732120,0x2CB00118,0x2C,12,?12,READ,,(unset)
0x2CB0011A,749732122,0x2CB0011A,0x2C,12,?12,READ,,(unset)
0x2CB0011C,749732124,0x2CB0011C,0x2C,12,?12,READ,,(unset)
0x2CB00120,749732128,0x2CB00120,0x2C,12,?12,READ,,(unset)
0x2CB00123,749732131,0x2CB00123,0x2C,12,?12,READ,,(unset)
0x2CB00125,749732133,0x2CB00125,0x2C,12,?12,READ,,(unset)
0x2CB00127,749732135,0x2CB00127,0x2C,12,?12,READ,,(unset)
0x2CB00128,749732136,0x2CB00128,0x2C,12,?12,READ,,(unset)
0x2CB0012E,749732142,0x2CB0012E,0x2C,12,?12,READ,,(unset)
0x2CB00130,749732144,0x2CB00130,0x2C,12,?12,READ,,(unset)
0x2CB00134,749732148,0x2CB00134,0x2C,12,?12,READ,,(unset)
0x2CB00136,749732150,0x2CB00136,0x2C,12,?12,READ,,(unset)
0x2CB00137,749732151,0x2CB00137,0x2C,12,?12,READ,,(unset)
0x2CB00138,749732152,0x2CB00138,0x2C,12,?12,READ,,(unset)
0x2CB00144,749732164,0x2CB00144,0x2C,12,?12,READ,,(unset)
0x2CB00146,749732166,0x2CB00146,0x2C,12,?12,READ,,(unset)
0x2CB00148,749732168,0x2CB00148,0x2C,12,?12,READ,,(unset)
0x2CB0014A,749732170,0x2CB0014A,0x2C,12,?12,READ,,(unset)
0x2CB0014C,749732172,0x2CB0014C,0x2C,12,?12,READ,,(unset)
0x2CB0014E,749732174,0x2CB0014E,0x2C,12,?12,READ,,(unset)
0x2CB00150,749732176,0x2CB00150,0x2C,12,?12,READ,,(unset)
0x2CB00152,749732178,0x2CB00152,0x2C,12,?12,READ,,(unset)
0x2CB00154,749732180,0x2CB00154,0x2C,12,?12,READ,,(unset)
0x2CB00156,749732182,0x2CB00156,0x2C,12,?12,READ,,(unset)
0x2CB00158,749732184,0x2CB00158,0x2C,12,?12,READ,,(unset)
0x2CB0015A,749732186,0x2CB0015A,0x2C,12,?12,READ,,(unset)
0x2CB0015C,749732188,0x2CB0015C,0x2C,12,?12,READ,,(unset)
0x2CB0015E,749732190,0x2CB0015E,0x2C,12,?12,READ,,(unset)
0x2CB00169,749732201,0x2CB00169,0x2C,12,?12,READ,,(unset)
0x2CB0016B,749732203,0x2CB0016B,0x2C,12,?12,READ,,(unset)
0x2CB00173,749732211,0x2CB00173,0x2C,12,?12,READ,,(unset)
0x2CB00177,749732215,0x2CB00177,0x2C,12,?12,READ,,(unset)
0x2CB0018D,749732237,0x2CB0018D,0x2C,12,?12,READ,,(unset)
0x2CB0018E,749732238,0x2CB0018E,0x2C,12,?12,READ,,(unset)
0x2CB001A0,749732256,0x2CB001A0,0x2C,12,?12,READ,,(unset)
0x2CE01012,752881682,0x2CE01012,0x2C,12,?12,READ,,(unset)
0x2CE01015,752881685,0x2CE01015,0x2C,12,?12,READ,,(unset)
0x2CE01019,752881689,0x2CE01019,0x2C,12,?12,READ,,(unset)
0x2CE0101C,752881692,0x2CE0101C,0x2C,12,?12,READ,,(unset)
0x2CE01026,752881702,0x2CE01026,0x2C,12,?12,READ,,(unset)
0x2CE0102D,752881709,0x2CE0102D,0x2C,12,?12,READ,,(unset)
0x2CE01038,752881720,0x2CE01038,0x2C,12,?12,READ,,(unset)
0x2CE01041,752881729,0x2CE01041,0x2C,12,?12,READ,,(unset)
0x2CE01045,752881733,0x2CE01045,0x2C,12,?12,READ,,(unset)
0x2CE01047,752881735,0x2CE01047,0x2C,12,?12,READ,,(unset)
0x2CE01051,752881745,0x2CE01051,0x2C,12,?12,READ,,(unset)
0x2CE01058,752881752,0x2CE01058,0x2C,12,?12,READ,,(unset)
0x2CE01063,752881763,0x2CE01063,0x2C,12,?12,READ,,(unset)
0x2CE0106C,752881772,0x2CE0106C,0x2C,12,?12,READ,,(unset)
0x2CE01070,752881776,0x2CE01070,0x2C,12,?12,READ,,(unset)
0x2CE01072,752881778,0x2CE01072,0x2C,12,?12,READ,,(unset)
0x2CE0107C,752881788,0x2CE0107C,0x2C,12,?12,READ,,(unset)
0x2CE01083,752881795,0x2CE01083,0x2C,12,?12,READ,,(unset)
0x2CE0108E,752881806,0x2CE0108E,0x2C,12,?12,READ,,(unset)
0x2CE04000,752893952,0x2CE04000,0x2C,2,Long?,READ,,(unset)
0x2CE04010,752893968,0x2CE04010,0x2C,12,?12,READ,,(unset)
0x2D000000,754974720,0x2D000000,0x2D,2,Long?,READ,,(unset)
0x2D000028,754974760,0x2D000028,0x2D,1,Integer?,READ,,(unset)
0x2D00002B,754974763,0x2D00002B,0x2D,1,Integer?,READ,,(unset)
0x2D00002D,754974765,0x2D00002D,0x2D,1,Integer?,READ,,(unset)
0x2D00002F,754974767,0x2D00002F,0x2D,1,Integer?,READ,,(unset)
0x2D000030,754974768,0x2D000030,0x2D,1,Integer?,READ,,(unset)
0x2D000031,754974769,0x2D000031,0x2D,1,Integer?,READ,,(unset)
0x2D00003C,754974780,0x2D00003C,0x2D,25,?,READ,,(unset)
0x2D00003F,754974783,0x2D00003F,0x2D,1,Integer?,READ,,(unset)
0x2D000048,754974792,0x2D000048,0x2D,25,?,READ,,(unset)
0x2D00004B,754974795,0x2D00004B,0x2D,25,?,READ,,(unset)
0x2D00004E,754974798,0x2D00004E,0x2D,25,?,READ,,(unset)
0x2D000051,754974801,0x2D000051,0x2D,25,?,READ,,(unset)
0x2D000054,754974804,0x2D000054,0x2D,25,?,READ,,(unset)
0x2D000057,754974807,0x2D000057,0x2D,25,?,READ,,(unset)
0x2D00005A,754974810,0x2D00005A,0x2D,25,?,READ,,(unset)
0x2D00005D,754974813,0x2D00005D,0x2D,1,Integer?,READ,,(unset)
0x2D000065,754974821,0x2D000065,0x2D,1,Integer?,READ,,(unset)
0x2D00006F,754974831,0x2D00006F,0x2D,1,Integer?,READ,,(unset)
0x2D000078,754974840,0x2D000078,0x2D,1,Integer?,READ,,(unset)
0x2D000081,754974849,0x2D000081,0x2D,1,Integer?,READ,,(unset)
0x2D000082,754974850,0x2D000082,0x2D,1,Integer?,READ,,(unset)
0x2D000084,754974852,0x2D000084,0x2D,1,Integer?,READ,,(unset)
0x2D000086,754974854,0x2D000086,0x2D,1,Integer?,READ,,(unset)
0x2D000087,754974855,0x2D000087,0x2D,1,Integer?,READ,,(unset)
0x2D000088,754974856,0x2D000088,0x2D,1,Integer?,READ,,(unset)
0x2D000090,754974864,0x2D000090,0x2D,1,Integer?,READ,,(unset)
0x2D00009B,754974875,0x2D00009B,0x2D,1,Integer?,READ,,(unset)
0x2D0000AF,754974895,0x2D0000AF,0x2D,1,Integer?,READ,,(unset)
0x2D0000B0,754974896,0x2D0000B0,0x2D,1,Integer?,READ,,(unset)
0x2D0000B1,754974897,0x2D0000B1,0x2D,1,Integer?,READ,,(unset)
0x2D0000B2,754974898,0x2D0000B2,0x2D,1,Integer?,READ,,(unset)
0x2D0000B3,754974899,0x2D0000B3,0x2D,1,Integer?,READ,,(unset)
0x2D0000B4,754974900,0x2D0000B4,0x2D,1,Integer?,READ,,(unset)
0x2D0000B5,754974901,0x2D0000B5,0x2D,1,Integer?,READ,,(unset)
0x2D0000B6,754974902,0x2D0000B6,0x2D,1,Integer?,READ,,(unset)
0x2D0000B7,754974903,0x2D0000B7,0x2D,1,Integer?,READ,,(unset)
0x2D0000B9,754974905,0x2D0000B9,0x2D,1,Integer?,READ,,(unset)
0x2D0000BB,754974907,0x2D0000BB,0x2D,1,Integer?,READ,,(unset)
0x2D0000BC,754974908,0x2D0000BC,0x2D,1,Integer?,READ,,(unset)
0x2D0000BD,754974909,0x2D0000BD,0x2D,1,Integer?,READ,,(unset)
0x2D0000BE,754974910,0x2D0000BE,0x2D,12,?12,READ,,(unset)
0x2D0000C0,754974912,0x2D0000C0,0x2D,12,?12,READ,,(unset)
0x2D0000C0,754974912,0x2D0000C0,0x2D,1,Integer?,READ,,(unset)
0x2D0000C8,754974920,0x2D0000C8,0x2D,1,Integer?,READ,,(unset)
0x2D0000D0,754974928,0x2D0000D0,0x2D,1,Integer?,READ,,(unset)
0x2D0000D1,754974929,0x2D0000D1,0x2D,1,Integer?,READ,,(unset)
0x2D0000D2,754974930,0x2D0000D2,0x2D,1,Integer?,READ,,(unset)
0x2D0000D6,754974934,0x2D0000D6,0x2D,1,Integer?,READ,,(unset)
0x2D0000D8,754974936,0x2D0000D8,0x2D,1,Integer?,READ,,(unset)
0x2D0000DC,754974940,0x2D0000DC,0x2D,1,Integer?,READ,,(unset)
0x2D0000DF,754974943,0x2D0000DF,0x2D,1,Integer?,READ,,(unset)
0x2D0000E0,754974944,0x2D0000E0,0x2D,1,Integer?,READ,,(unset)
0x2D0000E1,754974945,0x2D0000E1,0x2D,1,Integer?,READ,,(unset)
0x2D0000E6,754974950,0x2D0000E6,0x2D,1,Integer?,READ,,(unset)
0x2D0000E8,754974952,0x2D0000E8,0x2D,1,Integer?,READ,,(unset)
0x2D0000EB,754974955,0x2D0000EB,0x2D,1,Integer?,READ,,(unset)
0x2D0000ED,754974957,0x2D0000ED,0x2D,1,Integer?,READ,,(unset)
0x2D0000EE,754974958,0x2D0000EE,0x2D,1,Integer?,READ,,(unset)
0x2D0000EF,754974959,0x2D0000EF,0x2D,1,Integer?,READ,,(unset)
0x2D0000F0,754974960,0x2D0000F0,0x2D,1,Integer?,READ,,(unset)
0x2D0000F1,754974961,0x2D0000F1,0x2D,1,Integer?,READ,,(unset)
0x2D0000F2,754974962,0x2D0000F2,0x2D,1,Integer?,READ,,(unset)
0x2D0000F3,754974963,0x2D0000F3,0x2D,1,Integer?,READ,,(unset)
0x2D0000F7,754974967,0x2D0000F7,0x2D,1,Integer?,READ,,(unset)
0x2D0000F8,754974968,0x2D0000F8,0x2D,1,Integer?,READ,,(unset)
0x2D0000FA,754974970,0x2D0000FA,0x2D,1,Integer?,READ,,(unset)
0x2D0000FB,754974971,0x2D0000FB,0x2D,12,?12,READ,,(unset)
0x2D0000FC,754974972,0x2D0000FC,0x2D,1,Integer?,READ,,(unset)
0x2D0000FE,754974974,0x2D0000FE,0x2D,1,Integer?,READ,,(unset)
0x2D000100,754974976,0x2D000100,0x2D,1,Integer?,READ,,(unset)
0x2D000102,754974978,0x2D000102,0x2D,1,Integer?,READ,,(unset)
0x2D000105,754974981,0x2D000105,0x2D,12,?12,READ,,(unset)
0x2D000110,754974992,0x2D000110,0x2D,1,Integer?,READ,,(unset)
0x2D000118,754975000,0x2D000118,0x2D,1,Integer?,READ,,(unset)
0x2D000120,754975008,0x2D000120,0x2D,1,Integer?,READ,,(unset)
0x2D00012A,754975018,0x2D00012A,0x2D,1,Integer?,READ,,(unset)
0x2D00012B,754975019,0x2D00012B,0x2D,1,Integer?,READ,,(unset)
0x2D000130,754975024,0x2D000130,0x2D,1,Integer?,READ,,(unset)
0x2D000138,754975032,0x2D000138,0x2D,1,Integer?,READ,,(unset)
0x2D000148,754975048,0x2D000148,0x2D,1,Integer?,READ,,(unset)
0x2D000150,754975056,0x2D000150,0x2D,1,Integer?,READ,,(unset)
0x2D000159,754975065,0x2D000159,0x2D,1,Integer?,READ,,(unset)
0x2D00015C,754975068,0x2D00015C,0x2D,1,Integer?,READ,,(unset)
0x2D000160,754975072,0x2D000160,0x2D,1,Integer?,READ,,(unset)
0x2D000162,754975074,0x2D000162,0x2D,1,Integer?,READ,,(unset)
0x2D000165,754975077,0x2D000165,0x2D,1,Integer?,READ,,(unset)
0x2D000167,754975079,0x2D000167,0x2D,1,Integer?,READ,,(unset)
0x2D00016D,754975085,0x2D00016D,0x2D,1,Integer?,READ,,(unset)
0x2D00016E,754975086,0x2D00016E,0x2D,1,Integer?,READ,,(unset)
0x2D000170,754975088,0x2D000170,0x2D,15,?,READ,,(unset)
0x2D000178,754975096,0x2D000178,0x2D,15,?,READ,,(unset)
0x2D000180,754975104,0x2D000180,0x2D,15,?,READ,,(unset)
0x2D000188,754975112,0x2D000188,0x2D,15,?,READ,,(unset)
0x2D000198,754975128,0x2D000198,0x2D,1,Integer?,READ,,(unset)
0x2D0001A0,754975136,0x2D0001A0,0x2D,1,Integer?,READ,,(unset)
0x2D0001A8,754975144,0x2D0001A8,0x2D,1,Integer?,READ,,(unset)
0x2D0001B4,754975156,0x2D0001B4,0x2D,1,Integer?,READ,,(unset)
0x2D0001C1,754975169,0x2D0001C1,0x2D,1,Integer?,READ,,(unset)
0x2D0001C2,754975170,0x2D0001C2,0x2D,1,Integer?,READ,,(unset)
0x2D0001C3,754975171,0x2D0001C3,0x2D,1,Integer?,READ,,(unset)
0x2D0001C4,754975172,0x2D0001C4,0x2D,1,Integer?,READ,,(unset)
0x2D0001C6,754975174,0x2D0001C6,0x2D,1,Integer?,READ,,(unset)
0x2D0001C8,754975176,0x2D0001C8,0x2D,1,Integer?,READ,,(unset)
0x2D0001CA,754975178,0x2D0001CA,0x2D,1,Integer?,READ,,(unset)
0x2D0001CB,754975179,0x2D0001CB,0x2D,1,Integer?,READ,,(unset)
0x2D0001CC,754975180,0x2D0001CC,0x2D,12,?12,READ,,(unset)
0x2D0001CC,754975180,0x2D0001CC,0x2D,1,Integer?,READ,,(unset)
0x2D0001CE,754975182,0x2D0001CE,0x2D,1,Integer?,READ,,(unset)
0x2D0001D1,754975185,0x2D0001D1,0x2D,1,Integer?,READ,,(unset)
0x2D0001D3,754975187,0x2D0001D3,0x2D,1,Integer?,READ,,(unset)
0x2D0001D5,754975189,0x2D0001D5,0x2D,1,Integer?,READ,,(unset)
0x2D0001D7,754975191,0x2D0001D7,0x2D,1,Integer?,READ,,(unset)
0x2D0001D9,754975193,0x2D0001D9,0x2D,1,Integer?,READ,,(unset)
0x2D0001DB,754975195,0x2D0001DB,0x2D,1,Integer?,READ,,(unset)
0x2D0001DF,754975199,0x2D0001DF,0x2D,1,Integer?,READ,,(unset)
0x2D0001E2,754975202,0x2D0001E2,0x2D,1,Integer?,READ,,(unset)
0x2D0001E5,754975205,0x2D0001E5,0x2D,1,Integer?,READ,,(unset)
0x2D0001E8,754975208,0x2D0001E8,0x2D,1,Integer?,READ,,(unset)
0x2D0001EB,754975211,0x2D0001EB,0x2D,1,Integer?,READ,,(unset)
0x2D0001EC,754975212,0x2D0001EC,0x2D,1,Integer?,READ,,(unset)
0x2D0001ED,754975213,0x2D0001ED,0x2D,1,Integer?,READ,,(unset)
0x2D0001EE,754975214,0x2D0001EE,0x2D,1,Integer?,READ,,(unset)
0x2D0001EF,754975215,0x2D0001EF,0x2D,1,Integer?,READ,,(unset)
0x2D0001F1,754975217,0x2D0001F1,0x2D,12,?12,READ,,(unset)
0x2D0001F4,754975220,0x2D0001F4,0x2D,1,Integer?,READ,,(unset)
0x2D0001F5,754975221,0x2D0001F5,0x2D,1,Integer?,READ,,(unset)
0x2D0001F7,754975223,0x2D0001F7,0x2D,1,Integer?,READ,,(unset)
0x2D0001F8,754975224,0x2D0001F8,0x2D,1,Integer?,READ,,(unset)
0x2D0001F9,754975225,0x2D0001F9,0x2D,1,Integer?,READ,,(unset)
0x2D000201,754975233,0x2D000201,0x2D,1,Integer?,READ,,(unset)
0x2D000207,754975239,0x2D000207,0x2D,1,Integer?,READ,,(unset)
0x2D300000,758120448,0x2D300000,0x2D,2,Long?,READ,,(unset)
0x2D300028,758120488,0x2D300028,0x2D,1,Integer?,READ,,(unset)
0x2D300040,758120512,0x2D300040,0x2D,1,Integer?,READ,,(unset)
0x2D500000,760217600,0x2D500000,0x2D,2,Long?,READ,,(unset)
0x2D500008,760217608,0x2D500008,0x2D,12,?12,READ,,(unset)
0x2D50000B,760217611,0x2D50000B,0x2D,12,?12,READ,,(unset)
0x2D50000D,760217613,0x2D50000D,0x2D,12,?12,READ,,(unset)
0x2D50000F,760217615,0x2D50000F,0x2D,12,?12,READ,,(unset)
0x2D500010,760217616,0x2D500010,0x2D,12,?12,READ,,(unset)
0x2D500018,760217624,0x2D500018,0x2D,12,?12,READ,,(unset)
0x2D50001C,760217628,0x2D50001C,0x2D,12,?12,READ,,(unset)
0x2D50001E,760217630,0x2D50001E,0x2D,12,?12,READ,,(unset)
0x2D50001F,760217631,0x2D50001F,0x2D,12,?12,READ,,(unset)
0x2D500020,760217632,0x2D500020,0x2D,12,?12,READ,,(unset)
0x2D500028,760217640,0x2D500028,0x2D,12,?12,READ,,(unset)
0x2D50002A,760217642,0x2D50002A,0x2D,12,?12,READ,,(unset)
0x2D50002D,760217645,0x2D50002D,0x2D,12,?12,READ,,(unset)
0x2D500030,760217648,0x2D500030,0x2D,12,?12,READ,,(unset)
0x2D500033,760217651,0x2D500033,0x2D,12,?12,READ,,(unset)
0x2D500036,760217654,0x2D500036,0x2D,31,?,READ,,(unset)
0x2D500038,760217656,0x2D500038,0x2D,12,?12,READ,4,CHARGING
0x2D500041,760217665,0x2D500041,0x2D,12,?12,READ,,(unset)
0x2D500045,760217669,0x2D500045,0x2D,12,?12,READ,,(unset)
0x2D70000C,762314764,0x2D70000C,0x2D,1,Integer?,READ,,(unset)
0x2D700026,762314790,0x2D700026,0x2D,1,Integer?,READ,4,CHARGING
0x2D700030,762314800,0x2D700030,0x2D,1,Integer?,READ,4,CHARGING
0x2D800000,763363328,0x2D800000,0x2D,2,Long?,READ,,(unset)
0x2D800022,763363362,0x2D800022,0x2D,15,?,READ,,(unset)
0x2DB00000,766509056,0x2DB00000,0x2D,2,Long?,READ,,(unset)
0x2DB0000C,766509068,0x2DB0000C,0x2D,13,?13,READ,,(unset)
0x2DB0001C,766509084,0x2DB0001C,0x2D,13,?13,READ,,(unset)
0x2DF00000,770703360,0x2DF00000,0x2D,2,Long?,READ,,(unset)
0x2DF00024,770703396,0x2DF00024,0x2D,4,Double?,READ,4,CHARGING
0x2E000008,771751944,0x2E000008,0x2E,1,Integer?,READ,1,SETTING
0x2E000038,771751992,0x2E000038,0x2E,1,Integer?,READ,,(unset)
0x2E00003A,771751994,0x2E00003A,0x2E,1,Integer?,READ,,(unset)
0x2E00003C,771751996,0x2E00003C,0x2E,1,Integer?,READ,,(unset)
0x2E00003D,771751997,0x2E00003D,0x2E,1,Integer?,READ,,(unset)
0x2E00003E,771751998,0x2E00003E,0x2E,1,Integer?,READ,,(unset)
0x2E000040,771752000,0x2E000040,0x2E,1,Integer?,READ,,(unset)
0x2E000047,771752007,0x2E000047,0x2E,1,Integer?,READ,,(unset)
0x2E100025,772800549,0x2E100025,0x2E,1,Integer?,READ,,(unset)
0x2E401000,775950336,0x2E401000,0x2E,2,Long?,READ,,(unset)
0x2E401038,775950392,0x2E401038,0x2E,2,Long?,READ,,(unset)
0x2E40103A,775950394,0x2E40103A,0x2E,2,Long?,READ,,(unset)
0x2E40103C,775950396,0x2E40103C,0x2E,2,Long?,READ,,(unset)
0x2E401040,775950400,0x2E401040,0x2E,1,Integer?,READ,,(unset)
0x2E402000,775954432,0x2E402000,0x2E,2,Long?,READ,,(unset)
0x2E403000,775958528,0x2E403000,0x2E,2,Long?,READ,,(unset)
0x2E403032,775958578,0x2E403032,0x2E,2,Long?,READ,,(unset)
0x2E403038,775958584,0x2E403038,0x2E,2,Long?,READ,,(unset)
0x2E40303B,775958587,0x2E40303B,0x2E,2,Long?,READ,,(unset)
0x2E403040,775958592,0x2E403040,0x2E,2,Long?,READ,,(unset)
0x2E403043,775958595,0x2E403043,0x2E,2,Long?,READ,,(unset)
0x2E404000,775962624,0x2E404000,0x2E,2,Long?,READ,,(unset)
0x2E404032,775962674,0x2E404032,0x2E,2,Long?,READ,,(unset)
0x2E405000,775966720,0x2E405000,0x2E,2,Long?,READ,,(unset)
0x2E405012,775966738,0x2E405012,0x2E,2,Long?,READ,,(unset)
0x2E405018,775966744,0x2E405018,0x2E,2,Long?,READ,,(unset)
0x2E405044,775966788,0x2E405044,0x2E,2,Long?,READ,,(unset)
0x2E40603C,775970876,0x2E40603C,0x2E,2,Long?,READ,,(unset)
0x2E40702C,775974956,0x2E40702C,0x2E,1,Integer?,READ,,(unset)
0x2E60001E,778043422,0x2E60001E,0x2E,,?,READ,,(unset)
0x2E700000,779091968,0x2E700000,0x2E,2,Long?,READ,,(unset)
0x2E9150A7,781275303,0x2E9150A7,0x2E,1,Integer?,READ,,(unset)
0x2EB00000,783286272,0x2EB00000,0x2E,2,Long?,READ,,(unset)
0x2EB00008,783286280,0x2EB00008,0x2E,17,?17,READ,,(unset)
0x2EB0000C,783286284,0x2EB0000C,0x2E,17,?17,READ,,(unset)
0x2EB00010,783286288,0x2EB00010,0x2E,17,?17,READ,,(unset)
0x2EB00018,783286296,0x2EB00018,0x2E,17,?17,READ,,(unset)
0x2EB00020,783286304,0x2EB00020,0x2E,17,?17,READ,,(unset)
0x2EB00022,783286306,0x2EB00022,0x2E,17,?17,READ,,(unset)
0x2EB00024,783286308,0x2EB00024,0x2E,17,?17,READ,,(unset)
0x2EB00028,783286312,0x2EB00028,0x2E,17,?17,READ,,(unset)
0x2EB00036,783286326,0x2EB00036,0x2E,17,?17,READ,,(unset)
0x2EB00038,783286328,0x2EB00038,0x2E,17,?17,READ,,(unset)
0x2EB0003D,783286333,0x2EB0003D,0x2E,17,?17,READ,,(unset)
0x2EC00000,784334848,0x2EC00000,0x2E,2,Long?,READ,,(unset)
0x2ED00000,785383424,0x2ED00000,0x2E,2,Long?,READ,,(unset)
0x2ED00008,785383432,0x2ED00008,0x2E,1,Integer?,READ,,(unset)
0x2ED0000C,785383436,0x2ED0000C,0x2E,10,?,READ,,(unset)
0x2ED00010,785383440,0x2ED00010,0x2E,6,?,READ,,(unset)
0x2ED0001C,785383452,0x2ED0001C,0x2E,4,Double?,READ,4,CHARGING
0x2ED00028,785383464,0x2ED00028,0x2E,31,?,READ,,(unset)
0x2ED0002E,785383470,0x2ED0002E,0x2E,16,?,READ,,(unset)
0x2ED00030,785383472,0x2ED00030,0x2E,16,?,READ,,(unset)
0x2ED00033,785383475,0x2ED00033,0x2E,1,Integer?,READ,,(unset)
0x2ED00038,785383480,0x2ED00038,0x2E,1,Integer?,READ,,(unset)
0x2EFEBBDD,788446173,0x2EFEBBDD,0x2E,12,?12,READ,,(unset)
0x2F000000,788529152,0x2F000000,0x2F,2,Long?,READ,,(unset)
0x2F000010,788529168,0x2F000010,0x2F,12,?12,READ,,(unset)
0x2F000020,788529184,0x2F000020,0x2F,1,Integer?,READ,,(unset)
0x2F000023,788529187,0x2F000023,0x2F,1,Integer?,READ,,(unset)
0x2F000025,788529189,0x2F000025,0x2F,1,Integer?,READ,,(unset)
0x2F000027,788529191,0x2F000027,0x2F,1,Integer?,READ,,(unset)
0x2F00002B,788529195,0x2F00002B,0x2F,12,?12,READ,4,CHARGING
0x2F000030,788529200,0x2F000030,0x2F,1,Integer?,READ,,(unset)
0x2F000032,788529202,0x2F000032,0x2F,1,Integer?,READ,,(unset)
0x2F000038,788529208,0x2F000038,0x2F,1,Integer?,READ,,(unset)
0x2F104090,789594256,0x2F104090,0x2F,1,Integer?,READ,,(unset)
0x2F104092,789594258,0x2F104092,0x2F,1,Integer?,READ,,(unset)
0x2F10409C,789594268,0x2F10409C,0x2F,1,Integer?,READ,,(unset)
0x2F10409E,789594270,0x2F10409E,0x2F,1,Integer?,READ,,(unset)
0x2F104128,789594408,0x2F104128,0x2F,1,Integer?,READ,,(unset)
0x2F10412B,789594411,0x2F10412B,0x2F,1,Integer?,READ,,(unset)
0x2F201014,790630420,0x2F201014,0x2F,12,?12,READ,4,CHARGING
0x2F20101C,790630428,0x2F20101C,0x2F,12,?12,READ,4,CHARGING
0x2F201028,790630440,0x2F201028,0x2F,12,?12,READ,4,CHARGING
0x2F201031,790630449,0x2F201031,0x2F,12,?12,READ,4,CHARGING
0x2F201037,790630455,0x2F201037,0x2F,12,?12,READ,,(unset)
0x2F20103C,790630460,0x2F20103C,0x2F,12,?12,READ,4,CHARGING
0x2F20104C,790630476,0x2F20104C,0x2F,12,?12,READ,4,CHARGING
0x2F201054,790630484,0x2F201054,0x2F,12,?12,READ,4,CHARGING
0x2F201060,790630496,0x2F201060,0x2F,12,?12,READ,4,CHARGING
0x2F201069,790630505,0x2F201069,0x2F,12,?12,READ,4,CHARGING
0x2F20106F,790630511,0x2F20106F,0x2F,12,?12,READ,,(unset)
0x2F201074,790630516,0x2F201074,0x2F,12,?12,READ,4,CHARGING
0x2F201084,790630532,0x2F201084,0x2F,12,?12,READ,4,CHARGING
0x2F20108C,790630540,0x2F20108C,0x2F,12,?12,READ,4,CHARGING
0x2F201098,790630552,0x2F201098,0x2F,12,?12,READ,4,CHARGING
0x2F2010A1,790630561,0x2F2010A1,0x2F,12,?12,READ,4,CHARGING
0x2F2010A7,790630567,0x2F2010A7,0x2F,12,?12,READ,,(unset)
0x2F2010AC,790630572,0x2F2010AC,0x2F,12,?12,READ,4,CHARGING
0x2F2010BC,790630588,0x2F2010BC,0x2F,12,?12,READ,4,CHARGING
0x2F2010C4,790630596,0x2F2010C4,0x2F,12,?12,READ,4,CHARGING
0x2F2010D0,790630608,0x2F2010D0,0x2F,12,?12,READ,4,CHARGING
0x2F2010D9,790630617,0x2F2010D9,0x2F,12,?12,READ,4,CHARGING
0x2F2010DF,790630623,0x2F2010DF,0x2F,12,?12,READ,,(unset)
0x2F2010E4,790630628,0x2F2010E4,0x2F,12,?12,READ,4,CHARGING
0x2F2010F4,790630644,0x2F2010F4,0x2F,12,?12,READ,4,CHARGING
0x2F2010FC,790630652,0x2F2010FC,0x2F,12,?12,READ,4,CHARGING
0x2F201108,790630664,0x2F201108,0x2F,12,?12,READ,4,CHARGING
0x2F201111,790630673,0x2F201111,0x2F,12,?12,READ,4,CHARGING
0x2F201117,790630679,0x2F201117,0x2F,12,?12,READ,,(unset)
0x2F20111C,790630684,0x2F20111C,0x2F,12,?12,READ,4,CHARGING
0x2F20112C,790630700,0x2F20112C,0x2F,12,?12,READ,4,CHARGING
0x2F201134,790630708,0x2F201134,0x2F,12,?12,READ,4,CHARGING
0x2F201140,790630720,0x2F201140,0x2F,12,?12,READ,4,CHARGING
0x2F201149,790630729,0x2F201149,0x2F,12,?12,READ,4,CHARGING
0x2F20114F,790630735,0x2F20114F,0x2F,12,?12,READ,,(unset)
0x2F201154,790630740,0x2F201154,0x2F,12,?12,READ,4,CHARGING
0x2F201164,790630756,0x2F201164,0x2F,12,?12,READ,4,CHARGING
0x2F20116C,790630764,0x2F20116C,0x2F,12,?12,READ,4,CHARGING
0x2F201178,790630776,0x2F201178,0x2F,12,?12,READ,4,CHARGING
0x2F201181,790630785,0x2F201181,0x2F,12,?12,READ,4,CHARGING
0x2F201187,790630791,0x2F201187,0x2F,12,?12,READ,,(unset)
0x2F20118C,790630796,0x2F20118C,0x2F,12,?12,READ,4,CHARGING
0x2F20119C,790630812,0x2F20119C,0x2F,12,?12,READ,4,CHARGING
0x2F2011A4,790630820,0x2F2011A4,0x2F,12,?12,READ,4,CHARGING
0x2F2011B0,790630832,0x2F2011B0,0x2F,12,?12,READ,4,CHARGING
0x2F2011B9,790630841,0x2F2011B9,0x2F,12,?12,READ,4,CHARGING
0x2F2011BF,790630847,0x2F2011BF,0x2F,12,?12,READ,,(unset)
0x2F2011C4,790630852,0x2F2011C4,0x2F,12,?12,READ,4,CHARGING
0x2F202014,790634516,0x2F202014,0x2F,12,?12,READ,4,CHARGING
0x2F20201C,790634524,0x2F20201C,0x2F,12,?12,READ,4,CHARGING
0x2F202028,790634536,0x2F202028,0x2F,12,?12,READ,4,CHARGING
0x2F202031,790634545,0x2F202031,0x2F,12,?12,READ,4,CHARGING
0x2F202037,790634551,0x2F202037,0x2F,12,?12,READ,,(unset)
0x2F20203C,790634556,0x2F20203C,0x2F,12,?12,READ,4,CHARGING
0x2F20204C,790634572,0x2F20204C,0x2F,12,?12,READ,4,CHARGING
0x2F202054,790634580,0x2F202054,0x2F,12,?12,READ,4,CHARGING
0x2F202060,790634592,0x2F202060,0x2F,12,?12,READ,4,CHARGING
0x2F202069,790634601,0x2F202069,0x2F,12,?12,READ,4,CHARGING
0x2F20206F,790634607,0x2F20206F,0x2F,12,?12,READ,,(unset)
0x2F202074,790634612,0x2F202074,0x2F,12,?12,READ,4,CHARGING
0x2F202084,790634628,0x2F202084,0x2F,12,?12,READ,4,CHARGING
0x2F20208C,790634636,0x2F20208C,0x2F,12,?12,READ,4,CHARGING
0x2F202098,790634648,0x2F202098,0x2F,12,?12,READ,4,CHARGING
0x2F2020A1,790634657,0x2F2020A1,0x2F,12,?12,READ,4,CHARGING
0x2F2020A7,790634663,0x2F2020A7,0x2F,12,?12,READ,,(unset)
0x2F2020AC,790634668,0x2F2020AC,0x2F,12,?12,READ,4,CHARGING
0x2F2020BC,790634684,0x2F2020BC,0x2F,12,?12,READ,4,CHARGING
0x2F2020C4,790634692,0x2F2020C4,0x2F,12,?12,READ,4,CHARGING
0x2F2020D0,790634704,0x2F2020D0,0x2F,12,?12,READ,4,CHARGING
0x2F2020D9,790634713,0x2F2020D9,0x2F,12,?12,READ,4,CHARGING
0x2F2020DF,790634719,0x2F2020DF,0x2F,12,?12,READ,,(unset)
0x2F2020E4,790634724,0x2F2020E4,0x2F,12,?12,READ,4,CHARGING
0x2F2020F4,790634740,0x2F2020F4,0x2F,12,?12,READ,4,CHARGING
0x2F2020FC,790634748,0x2F2020FC,0x2F,12,?12,READ,4,CHARGING
0x2F202108,790634760,0x2F202108,0x2F,12,?12,READ,4,CHARGING
0x2F202111,790634769,0x2F202111,0x2F,12,?12,READ,4,CHARGING
0x2F202117,790634775,0x2F202117,0x2F,12,?12,READ,,(unset)
0x2F20211C,790634780,0x2F20211C,0x2F,12,?12,READ,4,CHARGING
0x2F20212C,790634796,0x2F20212C,0x2F,12,?12,READ,4,CHARGING
0x2F202134,790634804,0x2F202134,0x2F,12,?12,READ,4,CHARGING
0x2F202140,790634816,0x2F202140,0x2F,12,?12,READ,4,CHARGING
0x2F202149,790634825,0x2F202149,0x2F,12,?12,READ,4,CHARGING
0x2F20214F,790634831,0x2F20214F,0x2F,12,?12,READ,,(unset)
0x2F202154,790634836,0x2F202154,0x2F,12,?12,READ,4,CHARGING
0x2F202164,790634852,0x2F202164,0x2F,12,?12,READ,4,CHARGING
0x2F202174,790634868,0x2F202174,0x2F,12,?12,READ,4,CHARGING
0x2F202180,790634880,0x2F202180,0x2F,12,?12,READ,4,CHARGING
0x2F202189,790634889,0x2F202189,0x2F,12,?12,READ,4,CHARGING
0x2F20218F,790634895,0x2F20218F,0x2F,12,?12,READ,,(unset)
0x2F202194,790634900,0x2F202194,0x2F,12,?12,READ,4,CHARGING
0x2F2021A4,790634916,0x2F2021A4,0x2F,12,?12,READ,4,CHARGING
0x2F2021AC,790634924,0x2F2021AC,0x2F,12,?12,READ,4,CHARGING
0x2F2021B8,790634936,0x2F2021B8,0x2F,12,?12,READ,4,CHARGING
0x2F2021C1,790634945,0x2F2021C1,0x2F,12,?12,READ,4,CHARGING
0x2F2021C7,790634951,0x2F2021C7,0x2F,12,?12,READ,,(unset)
0x2F2021CC,790634956,0x2F2021CC,0x2F,12,?12,READ,4,CHARGING
0x2F400000,792723456,0x2F400000,0x2F,2,Long?,READ,,(unset)
0x2F4000F8,792723704,0x2F4000F8,0x2F,1,Integer?,READ,,(unset)
0x2F4000FA,792723706,0x2F4000FA,0x2F,1,Integer?,READ,,(unset)
0x2F4001A2,792723874,0x2F4001A2,0x2F,17,?17,READ,,(unset)
0x2F4001A4,792723876,0x2F4001A4,0x2F,17,?17,READ,,(unset)
0x2F4001A6,792723878,0x2F4001A6,0x2F,17,?17,READ,,(unset)
0x2F4001A8,792723880,0x2F4001A8,0x2F,17,?17,READ,,(unset)
0x2F4001AA,792723882,0x2F4001AA,0x2F,17,?17,READ,,(unset)
0x2F4001AC,792723884,0x2F4001AC,0x2F,17,?17,READ,,(unset)
0x2F4001AE,792723886,0x2F4001AE,0x2F,17,?17,READ,,(unset)
0x2F4001B0,792723888,0x2F4001B0,0x2F,2,Long?,READ,,(unset)
0x2F4001BA,792723898,0x2F4001BA,0x2F,1,Integer?,READ,,(unset)
0x2F4001C0,792723904,0x2F4001C0,0x2F,1,Integer?,READ,,(unset)
0x2F4001C4,792723908,0x2F4001C4,0x2F,1,Integer?,READ,,(unset)
0x2F700800,795871232,0x2F700800,0x2F,2,Long?,READ,,(unset)
0x2F700808,795871240,0x2F700808,0x2F,31,?,READ,,(unset)
0x2F70080A,795871242,0x2F70080A,0x2F,1,Integer?,READ,,(unset)
0x2F70080C,795871244,0x2F70080C,0x2F,1,Integer?,READ,,(unset)
0x2F70080E,795871246,0x2F70080E,0x2F,1,Integer?,READ,,(unset)
0x2F700813,795871251,0x2F700813,0x2F,1,Integer?,READ,,(unset)
0x2F700815,795871253,0x2F700815,0x2F,1,Integer?,READ,,(unset)
0x2F700817,795871255,0x2F700817,0x2F,1,Integer?,READ,,(unset)
0x2F700819,795871257,0x2F700819,0x2F,1,Integer?,READ,,(unset)
0x2F70081B,795871259,0x2F70081B,0x2F,1,Integer?,READ,,(unset)
0x2F70081D,795871261,0x2F70081D,0x2F,1,Integer?,READ,,(unset)
0x2F70082F,795871279,0x2F70082F,0x2F,1,Integer?,READ,,(unset)
0x2F700833,795871283,0x2F700833,0x2F,31,?,READ,,(unset)
0x2F700834,795871284,0x2F700834,0x2F,31,?,READ,,(unset)
0x2F700835,795871285,0x2F700835,0x2F,31,?,READ,,(unset)
0x2F700836,795871286,0x2F700836,0x2F,1,Integer?,READ,,(unset)
0x2F700839,795871289,0x2F700839,0x2F,1,Integer?,READ,,(unset)
0x2F807010,796946448,0x2F807010,0x2F,23,?23,READ,,(unset)
0x2F807018,796946456,0x2F807018,0x2F,23,?23,READ,,(unset)
0x2F80701A,796946458,0x2F80701A,0x2F,23,?23,READ,,(unset)
0x2F80701F,796946463,0x2F80701F,0x2F,24,?24,READ,,(unset)
0x2F807020,796946464,0x2F807020,0x2F,24,?24,READ,,(unset)
0x2F807028,796946472,0x2F807028,0x2F,24,?24,READ,,(unset)
0x2F807030,796946480,0x2F807030,0x2F,23,?23,READ,,(unset)
0x2F807032,796946482,0x2F807032,0x2F,1,Integer?,READ,,(unset)
0x2F807034,796946484,0x2F807034,0x2F,1,Integer?,READ,,(unset)
0x2F808010,796950544,0x2F808010,0x2F,1,Integer?,READ,,(unset)
0x2F808012,796950546,0x2F808012,0x2F,1,Integer?,READ,,(unset)
0x2F808030,796950576,0x2F808030,0x2F,1,Integer?,READ,,(unset)
0x2F80C010,796966928,0x2F80C010,0x2F,1,Integer?,READ,,(unset)
0x2F80C013,796966931,0x2F80C013,0x2F,1,Integer?,READ,,(unset)
0x2F80C018,796966936,0x2F80C018,0x2F,1,Integer?,READ,,(unset)
0x2F80C01D,796966941,0x2F80C01D,0x2F,1,Integer?,READ,,(unset)
0x2F80C020,796966944,0x2F80C020,0x2F,1,Integer?,READ,,(unset)
0x2F80C028,796966952,0x2F80C028,0x2F,1,Integer?,READ,,(unset)
0x2F80E000,796975104,0x2F80E000,0x2F,2,Long?,READ,,(unset)
0x2F900000,797966336,0x2F900000,0x2F,2,Long?,READ,,(unset)
0x2F900008,797966344,0x2F900008,0x2F,2,Long?,READ,4,CHARGING
0x2F900028,797966376,0x2F900028,0x2F,2,Long?,READ,,(unset)
0x2F90002C,797966380,0x2F90002C,0x2F,2,Long?,READ,,(unset)
0x2FA00012,799014930,0x2FA00012,0x2F,1,Integer?,READ,4,CHARGING
0x2FA00026,799014950,0x2FA00026,0x2F,1,Integer?,READ,4,CHARGING
0x2FC07010,801140752,0x2FC07010,0x2F,23,?23,READ,,(unset)
0x2FC07018,801140760,0x2FC07018,0x2F,23,?23,READ,,(unset)
0x2FC0701A,801140762,0x2FC0701A,0x2F,23,?23,READ,,(unset)
0x2FC0701F,801140767,0x2FC0701F,0x2F,24,?24,READ,,(unset)
0x2FC07020,801140768,0x2FC07020,0x2F,24,?24,READ,,(unset)
0x2FC07028,801140776,0x2FC07028,0x2F,24,?24,READ,,(unset)
0x2FC07030,801140784,0x2FC07030,0x2F,23,?23,READ,,(unset)
0x2FC07032,801140786,0x2FC07032,0x2F,1,Integer?,READ,,(unset)
0x2FC07034,801140788,0x2FC07034,0x2F,1,Integer?,READ,,(unset)
0x2FC08010,801144848,0x2FC08010,0x2F,1,Integer?,READ,,(unset)
0x2FC08012,801144850,0x2FC08012,0x2F,1,Integer?,READ,,(unset)
0x2FC0E000,801169408,0x2FC0E000,0x2F,2,Long?,READ,,(unset)
0x2FD01010,802164752,0x2FD01010,0x2F,3,Float?,READ,,(unset)
0x2FD01020,802164768,0x2FD01020,0x2F,3,Float?,READ,4,CHARGING
0x2FD01024,802164772,0x2FD01024,0x2F,3,Float?,READ,,(unset)
0x2FD01029,802164777,0x2FD01029,0x2F,3,Float?,READ,,(unset)
0x2FD0102E,802164782,0x2FD0102E,0x2F,3,Float?,READ,,(unset)
0x2FD01030,802164784,0x2FD01030,0x2F,3,Float?,READ,,(unset)
0x2FD02010,802168848,0x2FD02010,0x2F,3,Float?,READ,1,SETTING
0x2FF01038,804261944,0x2FF01038,0x2F,2,Long?,READ,,(unset)
0x2FF01040,804261952,0x2FF01040,0x2F,1,Integer?,READ,,(unset)
0x2FF02000,804265984,0x2FF02000,0x2F,2,Long?,READ,,(unset)
0x2FF02038,804266040,0x2FF02038,0x2F,2,Long?,READ,,(unset)
0x2FF0203C,804266044,0x2FF0203C,0x2F,2,Long?,READ,,(unset)
0x2FF02040,804266048,0x2FF02040,0x2F,2,Long?,READ,,(unset)
0x2FF03038,804270136,0x2FF03038,0x2F,2,Long?,READ,,(unset)
0x2FF0303B,804270139,0x2FF0303B,0x2F,2,Long?,READ,,(unset)
0x2FF03040,804270144,0x2FF03040,0x2F,2,Long?,READ,,(unset)
0x2FF03043,804270147,0x2FF03043,0x2F,2,Long?,READ,,(unset)
0x2FF04036,804274230,0x2FF04036,0x2F,2,Long?,READ,,(unset)
0x2FF05000,804278272,0x2FF05000,0x2F,2,Long?,READ,,(unset)
0x2FF05012,804278290,0x2FF05012,0x2F,2,Long?,READ,,(unset)
0x2FF05018,804278296,0x2FF05018,0x2F,2,Long?,READ,,(unset)
0x2FF05025,804278309,0x2FF05025,0x2F,2,Long?,READ,,(unset)
0x2FF05040,804278336,0x2FF05040,0x2F,2,Long?,READ,,(unset)
0x2FF05044,804278340,0x2FF05044,0x2F,2,Long?,READ,,(unset)
0x2FF0603E,804282430,0x2FF0603E,0x2F,1,Integer?,READ,,(unset)
0x2FF0702C,804286508,0x2FF0702C,0x2F,1,Integer?,READ,,(unset)
0x2FF0702E,804286510,0x2FF0702E,0x2F,1,Integer?,READ,,(unset)
0x2FF07030,804286512,0x2FF07030,0x2F,2,Long?,READ,,(unset)
0x30100000,806354944,0x30100000,0x30,2,Long?,READ,,(unset)
0x30100008,806354952,0x30100008,0x30,3,Float?,READ,,(unset)
0x3010000D,806354957,0x3010000D,0x30,3,Float?,READ,,(unset)
0x30100010,806354960,0x30100010,0x30,3,Float?,READ,,(unset)
0x30100015,806354965,0x30100015,0x30,3,Float?,READ,,(unset)
0x30100018,806354968,0x30100018,0x30,3,Float?,READ,4,CHARGING
0x3010001C,806354972,0x3010001C,0x30,3,Float?,READ,,(unset)
0x30100020,806354976,0x30100020,0x30,3,Float?,READ,,(unset)
0x30100024,806354980,0x30100024,0x30,3,Float?,READ,,(unset)
0x3010002B,806354987,0x3010002B,0x30,3,Float?,READ,,(unset)
0x3010002C,806354988,0x3010002C,0x30,1,Integer?,READ,,(unset)
0x3010002E,806354990,0x3010002E,0x30,1,Integer?,READ,,(unset)
0x30100030,806354992,0x30100030,0x30,3,Float?,READ,,(unset)
0x30100031,806354993,0x30100031,0x30,3,Float?,READ,,(unset)
0x3010003A,806355002,0x3010003A,0x30,3,Float?,READ,,(unset)
0x3010003B,806355003,0x3010003B,0x30,3,Float?,READ,,(unset)
0x30100042,806355010,0x30100042,0x30,3,Float?,READ,,(unset)
0x30100044,806355012,0x30100044,0x30,3,Float?,READ,,(unset)
0x30100048,806355016,0x30100048,0x30,2,Long?,READ,,(unset)
0x301001F6,806355446,0x301001F6,0x30,17,?17,READ,,(unset)
0x301001F8,806355448,0x301001F8,0x30,17,?17,READ,,(unset)
0x30500000,810549248,0x30500000,0x30,2,Long?,READ,,(unset)
0x30500008,810549256,0x30500008,0x30,12,?12,READ,,(unset)
0x3050000C,810549260,0x3050000C,0x30,12,?12,READ,,(unset)
0x30500010,810549264,0x30500010,0x30,12,?12,READ,,(unset)
0x30500014,810549268,0x30500014,0x30,12,?12,READ,,(unset)
0x30601000,811601920,0x30601000,0x30,2,Long?,READ,,(unset)
0x30601010,811601936,0x30601010,0x30,2,Long?,READ,,(unset)
0x30601014,811601940,0x30601014,0x30,2,Long?,READ,,(unset)
0x30601018,811601944,0x30601018,0x30,2,Long?,READ,,(unset)
0x3060103C,811601980,0x3060103C,0x30,2,Long?,READ,,(unset)
0x30601046,811601990,0x30601046,0x30,2,Long?,READ,,(unset)
0x30603038,811610168,0x30603038,0x30,2,Long?,READ,,(unset)
0x30604022,811614242,0x30604022,0x30,2,Long?,READ,,(unset)
0x30702800,812656640,0x30702800,0x30,2,Long?,READ,,(unset)
0x30702812,812656658,0x30702812,0x30,1,Integer?,READ,,(unset)
0x30702814,812656660,0x30702814,0x30,1,Integer?,READ,,(unset)
0x30702816,812656662,0x30702816,0x30,1,Integer?,READ,,(unset)
0x30702818,812656664,0x30702818,0x30,1,Integer?,READ,,(unset)
0x3070281C,812656668,0x3070281C,0x30,1,Integer?,READ,,(unset)
0x30702820,812656672,0x30702820,0x30,1,Integer?,READ,,(unset)
0x30703800,812660736,0x30703800,0x30,2,Long?,READ,,(unset)
0x30703812,812660754,0x30703812,0x30,1,Integer?,READ,,(unset)
0x30703814,812660756,0x30703814,0x30,1,Integer?,READ,,(unset)
0x30703826,812660774,0x30703826,0x30,1,Integer?,READ,,(unset)
0x30704812,812664850,0x30704812,0x30,15,?,READ,,(unset)
0x30704814,812664852,0x30704814,0x30,15,?,READ,,(unset)
0x30704816,812664854,0x30704816,0x30,15,?,READ,,(unset)
0x30704818,812664856,0x30704818,0x30,15,?,READ,,(unset)
0x3070881A,812681242,0x3070881A,0x30,1,Integer?,READ,,(unset)
0x3070881D,812681245,0x3070881D,0x30,1,Integer?,READ,,(unset)
0x30708821,812681249,0x30708821,0x30,1,Integer?,READ,,(unset)
0x30800000,813694976,0x30800000,0x30,2,Long?,READ,,(unset)
0x30900000,814743552,0x30900000,0x30,2,Long?,READ,,(unset)
0x30D00000,818937856,0x30D00000,0x30,2,Long?,READ,,(unset)
0x30D0002A,818937898,0x30D0002A,0x30,15,?,READ,,(unset)
0x30D00034,818937908,0x30D00034,0x30,15,?,READ,,(unset)
0x30D00038,818937912,0x30D00038,0x30,1,Integer?,READ,,(unset)
0x31200000,824180736,0x31200000,0x31,2,Long?,READ,,(unset)
0x31200008,824180744,0x31200008,0x31,7,?,READ,,(unset)
0x3120000A,824180746,0x3120000A,0x31,1,Integer?,READ,,(unset)
0x3120000A,824180746,0x3120000A,0x31,7,?,READ,,(unset)
0x3120000C,824180748,0x3120000C,0x31,1,Integer?,READ,,(unset)
0x3120000C,824180748,0x3120000C,0x31,7,?,READ,,(unset)
0x3120000E,824180750,0x3120000E,0x31,1,Integer?,READ,,(unset)
0x3120000E,824180750,0x3120000E,0x31,7,?,READ,,(unset)
0x31200010,824180752,0x31200010,0x31,1,Integer?,READ,,(unset)
0x31200014,824180756,0x31200014,0x31,1,Integer?,READ,,(unset)
0x31200016,824180758,0x31200016,0x31,7,?,READ,,(unset)
0x31200018,824180760,0x31200018,0x31,7,?,READ,,(unset)
0x3120001A,824180762,0x3120001A,0x31,7,?,READ,,(unset)
0x3120001C,824180764,0x3120001C,0x31,7,?,READ,,(unset)
0x3120001E,824180766,0x3120001E,0x31,1,Integer?,READ,,(unset)
0x31200020,824180768,0x31200020,0x31,1,Integer?,READ,,(unset)
0x31200022,824180770,0x31200022,0x31,1,Integer?,READ,,(unset)
0x31200025,824180773,0x31200025,0x31,1,Integer?,READ,,(unset)
0x31200030,824180784,0x31200030,0x31,1,Integer?,READ,,(unset)
0x31200040,824180800,0x31200040,0x31,7,?,READ,,(unset)
0x31200044,824180804,0x31200044,0x31,1,Integer?,READ,,(unset)
0x31401010,826282000,0x31401010,0x31,23,?23,READ,1,SETTING
0x31501000,827330560,0x31501000,0x31,2,Long?,READ,,(unset)
0x31600008,828375048,0x31600008,0x31,12,?12,READ,,(unset)
0x3160000C,828375052,0x3160000C,0x31,12,?12,READ,,(unset)
0x3160000E,828375054,0x3160000E,0x31,12,?12,READ,,(unset)
0x31600010,828375056,0x31600010,0x31,12,?12,READ,,(unset)
0x31600014,828375060,0x31600014,0x31,12,?12,READ,,(unset)
0x31600015,828375061,0x31600015,0x31,12,?12,READ,,(unset)
0x31600025,828375077,0x31600025,0x31,12,?12,READ,,(unset)
0x3160002A,828375082,0x3160002A,0x31,12,?12,READ,,(unset)
0x3160002C,828375084,0x3160002C,0x31,12,?12,READ,,(unset)
0x31600038,828375096,0x31600038,0x31,12,?12,READ,,(unset)
0x3160003A,828375098,0x3160003A,0x31,12,?12,READ,,(unset)
0x31800008,830472200,0x31800008,0x31,12,?12,READ,,(unset)
0x31800010,830472208,0x31800010,0x31,12,?12,READ,4,CHARGING
0x3180001C,830472220,0x3180001C,0x31,12,?12,READ,,(unset)
0x3180001D,830472221,0x3180001D,0x31,12,?12,READ,,(unset)
0x3180001E,830472222,0x3180001E,0x31,12,?12,READ,,(unset)
0x3180001F,830472223,0x3180001F,0x31,12,?12,READ,,(unset)
0x31800020,830472224,0x31800020,0x31,12,?12,READ,4,CHARGING
0x3190000A,831520778,0x3190000A,0x31,2,Long?,READ,,(unset)
0x31900010,831520784,0x31900010,0x31,2,Long?,READ,,(unset)
0x31A00012,832569362,0x31A00012,0x31,12,?12,READ,,(unset)
0x31A00014,832569364,0x31A00014,0x31,12,?12,READ,,(unset)
0x31A0002C,832569388,0x31A0002C,0x31,12,?12,READ,,(unset)
0x31A0002E,832569390,0x31A0002E,0x31,12,?12,READ,,(unset)
0x31A00030,832569392,0x31A00030,0x31,12,?12,READ,,(unset)
0x31A0003A,832569402,0x31A0003A,0x31,12,?12,READ,,(unset)
0x31A01010,832573456,0x31A01010,0x31,12,?12,READ,,(unset)
0x31A0102E,832573486,0x31A0102E,0x31,12,?12,READ,,(unset)
0x31A0103C,832573500,0x31A0103C,0x31,12,?12,READ,,(unset)
0x31A0103D,832573501,0x31A0103D,0x31,12,?12,READ,,(unset)
0x31A0103E,832573502,0x31A0103E,0x31,12,?12,READ,,(unset)
0x31A0103F,832573503,0x31A0103F,0x31,12,?12,READ,,(unset)
0x31A01040,832573504,0x31A01040,0x31,12,?12,READ,,(unset)
0x31A01041,832573505,0x31A01041,0x31,12,?12,READ,,(unset)
0x31A01042,832573506,0x31A01042,0x31,12,?12,READ,,(unset)
0x31A01043,832573507,0x31A01043,0x31,12,?12,READ,,(unset)
0x31A01044,832573508,0x31A01044,0x31,12,?12,READ,,(unset)
0x31A02010,832577552,0x31A02010,0x31,12,?12,READ,,(unset)
0x31A02018,832577560,0x31A02018,0x31,12,?12,READ,,(unset)
0x31A0201A,832577562,0x31A0201A,0x31,12,?12,READ,,(unset)
0x31A0201E,832577566,0x31A0201E,0x31,12,?12,READ,,(unset)
0x31A02023,832577571,0x31A02023,0x31,12,?12,READ,,(unset)
0x31A02028,832577576,0x31A02028,0x31,12,?12,READ,,(unset)
0x31A0202A,832577578,0x31A0202A,0x31,12,?12,READ,,(unset)
0x31A0202C,832577580,0x31A0202C,0x31,12,?12,READ,,(unset)
0x31A02030,832577584,0x31A02030,0x31,12,?12,READ,,(unset)
0x31A02033,832577587,0x31A02033,0x31,12,?12,READ,,(unset)
0x31A02044,832577604,0x31A02044,0x31,12,?12,READ,,(unset)
0x31A03025,832581669,0x31A03025,0x31,12,?12,READ,,(unset)
0x31A0302A,832581674,0x31A0302A,0x31,12,?12,READ,,(unset)
0x31A0302C,832581676,0x31A0302C,0x31,12,?12,READ,,(unset)
0x31A0302E,832581678,0x31A0302E,0x31,2,Long?,READ,,(unset)
0x31A03032,832581682,0x31A03032,0x31,12,?12,READ,,(unset)
0x31A03034,832581684,0x31A03034,0x31,12,?12,READ,,(unset)
0x31A03036,832581686,0x31A03036,0x31,12,?12,READ,,(unset)
0x31A0303A,832581690,0x31A0303A,0x31,12,?12,READ,,(unset)
0x31A0303C,832581692,0x31A0303C,0x31,12,?12,READ,,(unset)
0x31A0303E,832581694,0x31A0303E,0x31,12,?12,READ,,(unset)
0x31A03040,832581696,0x31A03040,0x31,12,?12,READ,,(unset)
0x31A03042,832581698,0x31A03042,0x31,12,?12,READ,,(unset)
0x31C00000,834666496,0x31C00000,0x31,2,Long?,READ,,(unset)
0x31E00000,836763648,0x31E00000,0x31,2,Long?,READ,,(unset)
0x31E00008,836763656,0x31E00008,0x31,1,Integer?,READ,,(unset)
0x31E0000C,836763660,0x31E0000C,0x31,1,Integer?,READ,,(unset)
0x31E00010,836763664,0x31E00010,0x31,17,?17,READ,,(unset)
0x31E00011,836763665,0x31E00011,0x31,17,?17,READ,,(unset)
0x31E00013,836763667,0x31E00013,0x31,1,Integer?,READ,,(unset)
0x31E0002C,836763692,0x31E0002C,0x31,1,Integer?,READ,,(unset)
0x31E0002E,836763694,0x31E0002E,0x31,1,Integer?,READ,,(unset)
0x32000000,838860800,0x32000000,0x32,2,Long?,READ,,(unset)
0x32000019,838860825,0x32000019,0x32,1,Integer?,READ,,(unset)
0x32100000,839909376,0x32100000,0x32,2,Long?,READ,,(unset)
0x32100038,839909432,0x32100038,0x32,12,?12,READ,,(unset)
0x3210003A,839909434,0x3210003A,0x32,12,?12,READ,,(unset)
0x32300000,842006528,0x32300000,0x32,2,Long?,READ,,(unset)
0x32300008,842006536,0x32300008,0x32,4,Double?,READ,,(unset)
0x32300008,842006536,0x32300008,0x32,3,Float?,READ,,(unset)
0x3230000B,842006539,0x3230000B,0x32,4,Double?,READ,,(unset)
0x3230000B,842006539,0x3230000B,0x32,3,Float?,READ,,(unset)
0x3230000D,842006541,0x3230000D,0x32,7,?,READ,,(unset)
0x32300010,842006544,0x32300010,0x32,4,Double?,READ,,(unset)
0x32300010,842006544,0x32300010,0x32,3,Float?,READ,,(unset)
0x32300018,842006552,0x32300018,0x32,4,Double?,READ,4,CHARGING
0x32300018,842006552,0x32300018,0x32,3,Float?,READ,4,CHARGING
0x32300024,842006564,0x32300024,0x32,4,Double?,READ,,(unset)
0x32300024,842006564,0x32300024,0x32,3,Float?,READ,,(unset)
0x32300028,842006568,0x32300028,0x32,4,Double?,READ,,(unset)
0x32300028,842006568,0x32300028,0x32,3,Float?,READ,,(unset)
0x32300030,842006576,0x32300030,0x32,4,Double?,READ,,(unset)
0x32300030,842006576,0x32300030,0x32,3,Float?,READ,,(unset)
0x32300038,842006584,0x32300038,0x32,4,Double?,READ,,(unset)
0x32300038,842006584,0x32300038,0x32,3,Float?,READ,,(unset)
0x3230003A,842006586,0x3230003A,0x32,4,Double?,READ,,(unset)
0x3230003A,842006586,0x3230003A,0x32,3,Float?,READ,,(unset)
0x32400048,843055176,0x32400048,0x32,18,?,READ,,(unset)
0x32400058,843055192,0x32400058,0x32,6,?,READ,,(unset)
0x32400068,843055208,0x32400068,0x32,18,?,READ,,(unset)
0x32400098,843055256,0x32400098,0x32,18,?,READ,4,CHARGING
0x32400120,843055392,0x32400120,0x32,18,?,READ,,(unset)
0x32400200,843055616,0x32400200,0x32,31,?,READ,,(unset)
0x32400201,843055617,0x32400201,0x32,31,?,READ,,(unset)
0x32400202,843055618,0x32400202,0x32,31,?,READ,,(unset)
0x32400203,843055619,0x32400203,0x32,31,?,READ,,(unset)
0x32600038,845152312,0x32600038,0x32,1,Integer?,READ,,(unset)
0x32D00000,852492288,0x32D00000,0x32,2,Long?,READ,,(unset)
0x32D00012,852492306,0x32D00012,0x32,12,?12,READ,,(unset)
0x32D00015,852492309,0x32D00015,0x32,12,?12,READ,,(unset)
0x32D00018,852492312,0x32D00018,0x32,12,?12,READ,,(unset)
0x32D00019,852492313,0x32D00019,0x32,12,?12,READ,,(unset)
0x32D0001A,852492314,0x32D0001A,0x32,12,?12,READ,,(unset)
0x32D0001E,852492318,0x32D0001E,0x32,1,Integer?,READ,,(unset)
0x32D00022,852492322,0x32D00022,0x32,12,?12,READ,,(unset)
0x32D00023,852492323,0x32D00023,0x32,12,?12,READ,,(unset)
0x32D00028,852492328,0x32D00028,0x32,12,?12,READ,,(unset)
0x32D00029,852492329,0x32D00029,0x32,12,?12,READ,,(unset)
0x32D0002B,852492331,0x32D0002B,0x32,12,?12,READ,,(unset)
0x32D0002C,852492332,0x32D0002C,0x32,12,?12,READ,,(unset)
0x32D0002D,852492333,0x32D0002D,0x32,12,?12,READ,,(unset)
0x32D00031,852492337,0x32D00031,0x32,12,?12,READ,,(unset)
0x32D00034,852492340,0x32D00034,0x32,12,?12,READ,,(unset)
0x32F00029,854589481,0x32F00029,0x32,12,?12,READ,,(unset)
0x32F0002A,854589482,0x32F0002A,0x32,12,?12,READ,,(unset)
0x32F0002D,854589485,0x32F0002D,0x32,12,?12,READ,,(unset)
0x32F00034,854589492,0x32F00034,0x32,12,?12,READ,,(unset)
0x330A0010,856293392,0x330A0010,0x33,32,?,READ,,(unset)
0x330A0020,856293408,0x330A0020,0x33,32,?,READ,,(unset)
0x330A0030,856293424,0x330A0030,0x33,32,?,READ,,(unset)
0x330A1010,856297488,0x330A1010,0x33,32,?,READ,,(unset)
0x330A1020,856297504,0x330A1020,0x33,32,?,READ,,(unset)
0x330A1030,856297520,0x330A1030,0x33,32,?,READ,,(unset)
0x330A2010,856301584,0x330A2010,0x33,32,?,READ,,(unset)
0x330A2020,856301600,0x330A2020,0x33,32,?,READ,,(unset)
0x330A4010,856309776,0x330A4010,0x33,32,?,READ,,(unset)
0x330A5010,856313872,0x330A5010,0x33,32,?,READ,,(unset)
0x330A6010,856317968,0x330A6010,0x33,32,?,READ,,(unset)
0x330A7010,856322064,0x330A7010,0x33,32,?,READ,,(unset)
0x330AA010,856334352,0x330AA010,0x33,32,?,READ,,(unset)
0x330AA020,856334368,0x330AA020,0x33,32,?,READ,,(unset)
0x330AA030,856334384,0x330AA030,0x33,32,?,READ,,(unset)
0x33400000,859832320,0x33400000,0x33,2,Long?,READ,,(unset)
0x33400020,859832352,0x33400020,0x33,4,Double?,READ,,(unset)
0x3340002E,859832366,0x3340002E,0x33,4,Double?,READ,,(unset)
0x3340002F,859832367,0x3340002F,0x33,4,Double?,READ,,(unset)
0x33400030,859832368,0x33400030,0x33,4,Double?,READ,4,CHARGING
0x3360000E,861929486,0x3360000E,0x33,1,Integer?,READ,,(unset)
0x33600012,861929490,0x33600012,0x33,1,Integer?,READ,,(unset)
0x3360001D,861929501,0x3360001D,0x33,1,Integer?,READ,,(unset)
0x3360001F,861929503,0x3360001F,0x33,1,Integer?,READ,,(unset)
0x33600023,861929507,0x33600023,0x33,3,Float?,READ,,(unset)
0x3360002E,861929518,0x3360002E,0x33,1,Integer?,READ,,(unset)
0x33600032,861929522,0x33600032,0x33,3,Float?,READ,,(unset)
0x33600035,861929525,0x33600035,0x33,3,Float?,READ,,(unset)
0x33600038,861929528,0x33600038,0x33,,?,READ,,(unset)
0x3360003A,861929530,0x3360003A,0x33,10,?,READ,,(unset)
0x3360003E,861929534,0x3360003E,0x33,10,?,READ,,(unset)
0x33700000,862978048,0x33700000,0x33,14,?,READ,,(unset)
0x33700008,862978056,0x33700008,0x33,14,?,READ,,(unset)
0x33800008,864026632,0x33800008,0x33,14,?,READ,,(unset)
0x33802000,864034816,0x33802000,0x33,1,Integer?,READ,,(unset)
0x33802029,864034857,0x33802029,0x33,1,Integer?,READ,,(unset)
0x33802036,864034870,0x33802036,0x33,1,Integer?,READ,,(unset)
0x33802038,864034872,0x33802038,0x33,1,Integer?,READ,,(unset)
0x33806000,864051200,0x33806000,0x33,2,Long?,READ,,(unset)
0x33806014,864051220,0x33806014,0x33,4,Double?,READ,,(unset)
0x3380601A,864051226,0x3380601A,0x33,4,Double?,READ,,(unset)
0x3380601C,864051228,0x3380601C,0x33,4,Double?,READ,,(unset)
0x33806038,864051256,0x33806038,0x33,4,Double?,READ,,(unset)
0x33810000,864092160,0x33810000,0x33,2,Long?,READ,,(unset)
0x3381001E,864092190,0x3381001E,0x33,4,Double?,READ,,(unset)
0x34100010,873463824,0x34100010,0x34,15,?,READ,,(unset)
0x34100018,873463832,0x34100018,0x34,18,?,READ,,(unset)
0x34100022,873463842,0x34100022,0x34,1,Integer?,READ,,(unset)
0x34100027,873463847,0x34100027,0x34,1,Integer?,READ,,(unset)
0x34100028,873463848,0x34100028,0x34,1,Integer?,READ,,(unset)
0x34100038,873463864,0x34100038,0x34,1,Integer?,READ,,(unset)
0x3410003E,873463870,0x3410003E,0x34,18,?,READ,,(unset)
0x34200000,874512384,0x34200000,0x34,2,Long?,READ,,(unset)
0x34200008,874512392,0x34200008,0x34,8,?,READ,,(unset)
0x34200010,874512400,0x34200010,0x34,8,?,READ,,(unset)
0x34200018,874512408,0x34200018,0x34,8,?,READ,,(unset)
0x34200019,874512409,0x34200019,0x34,8,?,READ,,(unset)
0x3420001C,874512412,0x3420001C,0x34,18,?,READ,,(unset)
0x3420001E,874512414,0x3420001E,0x34,18,?,READ,,(unset)
0x34200020,874512416,0x34200020,0x34,5,?,READ,,(unset)
0x34200024,874512420,0x34200024,0x34,18,?,READ,,(unset)
0x34200028,874512424,0x34200028,0x34,18,?,READ,,(unset)
0x3420002D,874512429,0x3420002D,0x34,18,?,READ,,(unset)
0x34300000,875560960,0x34300000,0x34,2,Long?,READ,,(unset)
0x3430001A,875560986,0x3430001A,0x34,1,Integer?,READ,,(unset)
0x3430001D,875560989,0x3430001D,0x34,1,Integer?,READ,,(unset)
0x3430001E,875560990,0x3430001E,0x34,1,Integer?,READ,,(unset)
0x34300024,875560996,0x34300024,0x34,,?,READ,,(unset)
0x3440000A,876609546,0x3440000A,0x34,4,Double?,READ,,(unset)
0x34400010,876609552,0x34400010,0x34,16,?,READ,,(unset)
0x34400018,876609560,0x34400018,0x34,4,Double?,READ,,(unset)
0x34400020,876609568,0x34400020,0x34,4,Double?,READ,4,CHARGING
0x34400032,876609586,0x34400032,0x34,4,Double?,READ,,(unset)
0x34400038,876609592,0x34400038,0x34,4,Double?,READ,,(unset)
0x34500008,877658120,0x34500008,0x34,22,?22,READ,,(unset)
0x34500018,877658136,0x34500018,0x34,22,?22,READ,,(unset)
0x34500028,877658152,0x34500028,0x34,22,?22,READ,,(unset)
0x34500030,877658160,0x34500030,0x34,1,Integer?,READ,,(unset)
0x34600000,878706688,0x34600000,0x34,2,Long?,READ,,(unset)
0x34601010,878710800,0x34601010,0x34,12,?12,READ,,(unset)
0x34601012,878710802,0x34601012,0x34,12,?12,READ,,(unset)
0x34601014,878710804,0x34601014,0x34,12,?12,READ,,(unset)
0x34601016,878710806,0x34601016,0x34,12,?12,READ,,(unset)
0x34601018,878710808,0x34601018,0x34,12,?12,READ,,(unset)
0x3460101A,878710810,0x3460101A,0x34,12,?12,READ,,(unset)
0x3460101C,878710812,0x3460101C,0x34,12,?12,READ,,(unset)
0x34601020,878710816,0x34601020,0x34,12,?12,READ,,(unset)
0x34601028,878710824,0x34601028,0x34,12,?12,READ,,(unset)
0x34601030,878710832,0x34601030,0x34,12,?12,READ,,(unset)
0x34601038,878710840,0x34601038,0x34,12,?12,READ,,(unset)
0x3460203E,878714942,0x3460203E,0x34,12,?12,READ,,(unset)
0x34602040,878714944,0x34602040,0x34,12,?12,READ,,(unset)
0x34603010,878718992,0x34603010,0x34,12,?12,READ,,(unset)
0x34603018,878719000,0x34603018,0x34,12,?12,READ,,(unset)
0x3460301A,878719002,0x3460301A,0x34,12,?12,READ,,(unset)
0x34604010,878723088,0x34604010,0x34,1,Integer?,READ,,(unset)
0x34604011,878723089,0x34604011,0x34,1,Integer?,READ,,(unset)
0x34604013,878723091,0x34604013,0x34,1,Integer?,READ,,(unset)
0x34604015,878723093,0x34604015,0x34,1,Integer?,READ,,(unset)
0x34604018,878723096,0x34604018,0x34,1,Integer?,READ,,(unset)
0x3460401A,878723098,0x3460401A,0x34,1,Integer?,READ,,(unset)
0x3460401C,878723100,0x3460401C,0x34,1,Integer?,READ,,(unset)
0x3460401E,878723102,0x3460401E,0x34,1,Integer?,READ,,(unset)
0x34604020,878723104,0x34604020,0x34,1,Integer?,READ,,(unset)
0x34604022,878723106,0x34604022,0x34,1,Integer?,READ,,(unset)
0x34604024,878723108,0x34604024,0x34,1,Integer?,READ,,(unset)
0x34604026,878723110,0x34604026,0x34,1,Integer?,READ,,(unset)
0x34604028,878723112,0x34604028,0x34,1,Integer?,READ,,(unset)
0x3460402A,878723114,0x3460402A,0x34,1,Integer?,READ,,(unset)
0x34700000,879755264,0x34700000,0x34,2,Long?,READ,,(unset)
0x34700008,879755272,0x34700008,0x34,1,Integer?,READ,,(unset)
0x34700009,879755273,0x34700009,0x34,1,Integer?,READ,,(unset)
0x3470000A,879755274,0x3470000A,0x34,2,Long?,READ,,(unset)
0x3470000C,879755276,0x3470000C,0x34,2,Long?,READ,,(unset)
0x34700020,879755296,0x34700020,0x34,1,Integer?,READ,,(unset)
0x34700021,879755297,0x34700021,0x34,1,Integer?,READ,,(unset)
0x34700026,879755302,0x34700026,0x34,4,Double?,READ,,(unset)
0x34700028,879755304,0x34700028,0x34,4,Double?,READ,,(unset)
0x34700029,879755305,0x34700029,0x34,2,Long?,READ,,(unset)
0x3470002A,879755306,0x3470002A,0x34,2,Long?,READ,,(unset)
0x3470002B,879755307,0x3470002B,0x34,2,Long?,READ,,(unset)
0x3470002D,879755309,0x3470002D,0x34,2,Long?,READ,,(unset)
0x34700823,879757347,0x34700823,0x34,4,Double?,READ,,(unset)
0x34700824,879757348,0x34700824,0x34,4,Double?,READ,,(unset)
0x34800000,880803840,0x34800000,0x34,2,Long?,READ,,(unset)
0x3480001E,880803870,0x3480001E,0x34,17,?17,READ,,(unset)
0x34800030,880803888,0x34800030,0x34,17,?17,READ,,(unset)
0x34800044,880803908,0x34800044,0x34,17,?17,READ,,(unset)
0x34800046,880803910,0x34800046,0x34,17,?17,READ,,(unset)
0x34900000,881852416,0x34900000,0x34,2,Long?,READ,,(unset)
0x34901014,881856532,0x34901014,0x34,2,Long?,READ,,(unset)
0x3490101E,881856542,0x3490101E,0x34,1,Integer?,READ,,(unset)
0x34901024,881856548,0x34901024,0x34,2,Long?,READ,,(unset)
0x34901028,881856552,0x34901028,0x34,1,Integer?,READ,,(unset)
0x34901034,881856564,0x34901034,0x34,2,Long?,READ,,(unset)
0x34901036,881856566,0x34901036,0x34,1,Integer?,READ,,(unset)
0x34901038,881856568,0x34901038,0x34,1,Integer?,READ,,(unset)
0x34901040,881856576,0x34901040,0x34,2,Long?,READ,,(unset)
0x34901044,881856580,0x34901044,0x34,2,Long?,READ,,(unset)
0x34902016,881860630,0x34902016,0x34,1,Integer?,READ,,(unset)
0x34903012,881864722,0x34903012,0x34,2,Long?,READ,,(unset)
0x34903022,881864738,0x34903022,0x34,2,Long?,READ,,(unset)
0x34903026,881864742,0x34903026,0x34,2,Long?,READ,,(unset)
0x34903032,881864754,0x34903032,0x34,2,Long?,READ,,(unset)
0x34903036,881864758,0x34903036,0x34,1,Integer?,READ,,(unset)
0x34903044,881864772,0x34903044,0x34,1,Integer?,READ,,(unset)
0x34903046,881864774,0x34903046,0x34,1,Integer?,READ,,(unset)
0x34904028,881868840,0x34904028,0x34,1,Integer?,READ,,(unset)
0x3490402B,881868843,0x3490402B,0x34,1,Integer?,READ,,(unset)
0x34904030,881868848,0x34904030,0x34,1,Integer?,READ,,(unset)
0x34904038,881868856,0x34904038,0x34,1,Integer?,READ,,(unset)
0x3490403C,881868860,0x3490403C,0x34,1,Integer?,READ,,(unset)
0x34904040,881868864,0x34904040,0x34,1,Integer?,READ,4,CHARGING
0x34905010,881872912,0x34905010,0x34,1,Integer?,READ,4,CHARGING
0x34905018,881872920,0x34905018,0x34,1,Integer?,READ,4,CHARGING
0x34905020,881872928,0x34905020,0x34,1,Integer?,READ,4,CHARGING
0x34905028,881872936,0x34905028,0x34,1,Integer?,READ,4,CHARGING
0x34905030,881872944,0x34905030,0x34,1,Integer?,READ,4,CHARGING
0x34905038,881872952,0x34905038,0x34,1,Integer?,READ,4,CHARGING
0x34905040,881872960,0x34905040,0x34,1,Integer?,READ,4,CHARGING
0x3490702C,881881132,0x3490702C,0x34,1,Integer?,READ,,(unset)
0x3490702E,881881134,0x3490702E,0x34,1,Integer?,READ,,(unset)
0x34907030,881881136,0x34907030,0x34,1,Integer?,READ,,(unset)
0x34907032,881881138,0x34907032,0x34,1,Integer?,READ,,(unset)
0x34907034,881881140,0x34907034,0x34,1,Integer?,READ,,(unset)
0x34907036,881881142,0x34907036,0x34,1,Integer?,READ,,(unset)
0x34907038,881881144,0x34907038,0x34,1,Integer?,READ,,(unset)
0x3490703C,881881148,0x3490703C,0x34,1,Integer?,READ,,(unset)
0x34907040,881881152,0x34907040,0x34,1,Integer?,READ,,(unset)
0x34907044,881881156,0x34907044,0x34,1,Integer?,READ,,(unset)
0x34908000,881885184,0x34908000,0x34,2,Long?,READ,,(unset)
0x34908018,881885208,0x34908018,0x34,2,Long?,READ,,(unset)
0x34908030,881885232,0x34908030,0x34,2,Long?,READ,,(unset)
0x34908033,881885235,0x34908033,0x34,2,Long?,READ,,(unset)
0x34908038,881885240,0x34908038,0x34,2,Long?,READ,,(unset)
0x3490803B,881885243,0x3490803B,0x34,2,Long?,READ,,(unset)
0x34908040,881885248,0x34908040,0x34,2,Long?,READ,,(unset)
0x34909018,881889304,0x34909018,0x34,2,Long?,READ,,(unset)
0x34909020,881889312,0x34909020,0x34,2,Long?,READ,,(unset)
0x34909028,881889320,0x34909028,0x34,2,Long?,READ,,(unset)
0x34909030,881889328,0x34909030,0x34,2,Long?,READ,,(unset)
0x34909040,881889344,0x34909040,0x34,2,Long?,READ,,(unset)
0x34909042,881889346,0x34909042,0x34,2,Long?,READ,,(unset)
0x34909044,881889348,0x34909044,0x34,2,Long?,READ,,(unset)
0x34909046,881889350,0x34909046,0x34,2,Long?,READ,,(unset)
0x3490A02E,881893422,0x3490A02E,0x34,1,Integer?,READ,,(unset)
0x34A00010,882901008,0x34A00010,0x34,,?,READ,4,CHARGING
0x34A0003A,882901050,0x34A0003A,0x34,,?,READ,,(unset)
0x34A0003E,882901054,0x34A0003E,0x34,,?,READ,,(unset)
0x34A00800,882903040,0x34A00800,0x34,2,Long?,READ,,(unset)
0x34A0083A,882903098,0x34A0083A,0x34,,?,READ,,(unset)
0x34A0083E,882903102,0x34A0083E,0x34,,?,READ,,(unset)
0x34B00008,883949576,0x34B00008,0x34,1,Integer?,READ,,(unset)
0x34B0000A,883949578,0x34B0000A,0x34,1,Integer?,READ,,(unset)
0x34B0000C,883949580,0x34B0000C,0x34,1,Integer?,READ,4,CHARGING
0x34B00018,883949592,0x34B00018,0x34,1,Integer?,READ,4,CHARGING
0x34B00024,883949604,0x34B00024,0x34,1,Integer?,READ,4,CHARGING
0x34C00000,884998144,0x34C00000,0x34,2,Long?,READ,,(unset)
0x34C00014,884998164,0x34C00014,0x34,1,Integer?,READ,,(unset)
0x34F00000,888143872,0x34F00000,0x34,2,Long?,READ,,(unset)
0x34F0000A,888143882,0x34F0000A,0x34,18,?,READ,,(unset)
0x34F00015,888143893,0x34F00015,0x34,1,Integer?,READ,,(unset)
0x34F00025,888143909,0x34F00025,0x34,1,Integer?,READ,,(unset)
0x34F00028,888143912,0x34F00028,0x34,1,Integer?,READ,,(unset)
0x34F00029,888143913,0x34F00029,0x34,1,Integer?,READ,,(unset)
0x34F0002C,888143916,0x34F0002C,0x34,1,Integer?,READ,,(unset)
0x34F0002D,888143917,0x34F0002D,0x34,1,Integer?,READ,,(unset)
0x34F00030,888143920,0x34F00030,0x34,,?,READ,,(unset)
0x34F00038,888143928,0x34F00038,0x34,1,Integer?,READ,,(unset)
0x34F0003A,888143930,0x34F0003A,0x34,1,Integer?,READ,,(unset)
0x34F0003E,888143934,0x34F0003E,0x34,1,Integer?,READ,,(unset)
0x35100000,890241024,0x35100000,0x35,2,Long?,READ,,(unset)
0x35100008,890241032,0x35100008,0x35,4,Double?,READ,,(unset)
0x3510000A,890241034,0x3510000A,0x35,4,Double?,READ,,(unset)
0x3510000C,890241036,0x3510000C,0x35,4,Double?,READ,,(unset)
0x35100010,890241040,0x35100010,0x35,4,Double?,READ,,(unset)
0x35100018,890241048,0x35100018,0x35,4,Double?,READ,,(unset)
0x3510001C,890241052,0x3510001C,0x35,4,Double?,READ,,(unset)
0x35100020,890241056,0x35100020,0x35,4,Double?,READ,,(unset)
0x35100028,890241064,0x35100028,0x35,4,Double?,READ,,(unset)
0x3510002E,890241070,0x3510002E,0x35,4,Double?,READ,,(unset)
0x3510002F,890241071,0x3510002F,0x35,4,Double?,READ,,(unset)
0x35100034,890241076,0x35100034,0x35,4,Double?,READ,,(unset)
0x35201010,891293712,0x35201010,0x35,23,?23,READ,,(unset)
0x35201012,891293714,0x35201012,0x35,23,?23,READ,,(unset)
0x35201018,891293720,0x35201018,0x35,23,?23,READ,,(unset)
0x3520101A,891293722,0x3520101A,0x35,23,?23,READ,,(unset)
0x3520101C,891293724,0x3520101C,0x35,23,?23,READ,,(unset)
0x35201020,891293728,0x35201020,0x35,23,?23,READ,,(unset)
0x35201025,891293733,0x35201025,0x35,23,?23,READ,,(unset)
0x35201028,891293736,0x35201028,0x35,23,?23,READ,,(unset)
0x3520102F,891293743,0x3520102F,0x35,23,?23,READ,,(unset)
0x35201030,891293744,0x35201030,0x35,23,?23,READ,,(unset)
0x35201036,891293750,0x35201036,0x35,23,?23,READ,,(unset)
0x35201038,891293752,0x35201038,0x35,23,?23,READ,,(unset)
0x3520103E,891293758,0x3520103E,0x35,23,?23,READ,,(unset)
0x3520103F,891293759,0x3520103F,0x35,23,?23,READ,,(unset)
0x35201040,891293760,0x35201040,0x35,23,?23,READ,,(unset)
0x35201042,891293762,0x35201042,0x35,23,?23,READ,,(unset)
0x35201044,891293764,0x35201044,0x35,23,?23,READ,,(unset)
0x35201046,891293766,0x35201046,0x35,23,?23,READ,,(unset)
0x35202000,891297792,0x35202000,0x35,2,Long?,READ,,(unset)
0x35202010,891297808,0x35202010,0x35,23,?23,READ,,(unset)
0x35202016,891297814,0x35202016,0x35,23,?23,READ,,(unset)
0x35202018,891297816,0x35202018,0x35,12,?12,READ,,(unset)
0x3520201A,891297818,0x3520201A,0x35,12,?12,READ,,(unset)
0x3520201C,891297820,0x3520201C,0x35,23,?23,READ,,(unset)
0x3520201E,891297822,0x3520201E,0x35,23,?23,READ,,(unset)
0x35202020,891297824,0x35202020,0x35,23,?23,READ,,(unset)
0x35202024,891297828,0x35202024,0x35,23,?23,READ,,(unset)
0x35202026,891297830,0x35202026,0x35,23,?23,READ,,(unset)
0x35202028,891297832,0x35202028,0x35,23,?23,READ,,(unset)
0x3520202B,891297835,0x3520202B,0x35,23,?23,READ,,(unset)
0x3520202E,891297838,0x3520202E,0x35,23,?23,READ,,(unset)
0x35202034,891297844,0x35202034,0x35,23,?23,READ,,(unset)
0x35202036,891297846,0x35202036,0x35,23,?23,READ,,(unset)
0x35202038,891297848,0x35202038,0x35,23,?23,READ,,(unset)
0x35203000,891301888,0x35203000,0x35,2,Long?,READ,,(unset)
0x3520301E,891301918,0x3520301E,0x35,23,?23,READ,,(unset)
0x35203028,891301928,0x35203028,0x35,3,Float?,READ,,(unset)
0x35203032,891301938,0x35203032,0x35,23,?23,READ,,(unset)
0x3520303C,891301948,0x3520303C,0x35,23,?23,READ,,(unset)
0x35203040,891301952,0x35203040,0x35,23,?23,READ,,(unset)
0x35300000,892338176,0x35300000,0x35,2,Long?,READ,,(unset)
0x35301010,892342288,0x35301010,0x35,34,?,READ,,(unset)
0x3530101C,892342300,0x3530101C,0x35,34,?,READ,,(unset)
0x35301028,892342312,0x35301028,0x35,34,?,READ,,(unset)
0x35301034,892342324,0x35301034,0x35,34,?,READ,,(unset)
0x35301040,892342336,0x35301040,0x35,34,?,READ,,(unset)
0x35302010,892346384,0x35302010,0x35,34,?,READ,,(unset)
0x3530201C,892346396,0x3530201C,0x35,34,?,READ,,(unset)
0x35302028,892346408,0x35302028,0x35,34,?,READ,,(unset)
0x35302034,892346420,0x35302034,0x35,34,?,READ,,(unset)
0x35302040,892346432,0x35302040,0x35,34,?,READ,,(unset)
0x35800088,897581192,0x35800088,0x35,2,Long?,READ,,(unset)
0x3580008C,897581196,0x3580008C,0x35,2,Long?,READ,,(unset)
0x35800090,897581200,0x35800090,0x35,2,Long?,READ,,(unset)
0x35800094,897581204,0x35800094,0x35,2,Long?,READ,,(unset)
0x35800098,897581208,0x35800098,0x35,2,Long?,READ,,(unset)
0x3580009C,897581212,0x3580009C,0x35,2,Long?,READ,,(unset)
0x358000A0,897581216,0x358000A0,0x35,2,Long?,READ,,(unset)
0x358000A4,897581220,0x358000A4,0x35,2,Long?,READ,,(unset)
0x358000A8,897581224,0x358000A8,0x35,2,Long?,READ,,(unset)
0x358000AC,897581228,0x358000AC,0x35,2,Long?,READ,,(unset)
0x358000C8,897581256,0x358000C8,0x35,2,Long?,READ,,(unset)
0x358000CC,897581260,0x358000CC,0x35,2,Long?,READ,,(unset)
0x358000D0,897581264,0x358000D0,0x35,2,Long?,READ,,(unset)
0x358000D4,897581268,0x358000D4,0x35,2,Long?,READ,,(unset)
0x358000D8,897581272,0x358000D8,0x35,2,Long?,READ,,(unset)
0x358000DC,897581276,0x358000DC,0x35,2,Long?,READ,,(unset)
0x358000E0,897581280,0x358000E0,0x35,2,Long?,READ,,(unset)
0x358000E4,897581284,0x358000E4,0x35,2,Long?,READ,,(unset)
0x358000E8,897581288,0x358000E8,0x35,2,Long?,READ,,(unset)
0x358000EC,897581292,0x358000EC,0x35,2,Long?,READ,,(unset)
0x35800108,897581320,0x35800108,0x35,2,Long?,READ,,(unset)
0x35800110,897581328,0x35800110,0x35,2,Long?,READ,,(unset)
0x35800118,897581336,0x35800118,0x35,2,Long?,READ,,(unset)
0x35800122,897581346,0x35800122,0x35,2,Long?,READ,,(unset)
0x35800124,897581348,0x35800124,0x35,2,Long?,READ,,(unset)
0x35800126,897581350,0x35800126,0x35,2,Long?,READ,,(unset)
0x35800128,897581352,0x35800128,0x35,2,Long?,READ,,(unset)
0x3580012A,897581354,0x3580012A,0x35,2,Long?,READ,,(unset)
0x3580012C,897581356,0x3580012C,0x35,2,Long?,READ,,(unset)
0x3580012E,897581358,0x3580012E,0x35,2,Long?,READ,,(unset)
0x35800130,897581360,0x35800130,0x35,2,Long?,READ,,(unset)
0x35800132,897581362,0x35800132,0x35,2,Long?,READ,,(unset)
0x35800134,897581364,0x35800134,0x35,2,Long?,READ,,(unset)
0x35800136,897581366,0x35800136,0x35,2,Long?,READ,,(unset)
0x35800138,897581368,0x35800138,0x35,2,Long?,READ,,(unset)
0x3580013A,897581370,0x3580013A,0x35,2,Long?,READ,,(unset)
0x3580013C,897581372,0x3580013C,0x35,2,Long?,READ,,(unset)
0x3580013E,897581374,0x3580013E,0x35,2,Long?,READ,,(unset)
0x35800140,897581376,0x35800140,0x35,2,Long?,READ,,(unset)
0x35800142,897581378,0x35800142,0x35,2,Long?,READ,,(unset)
0x35800144,897581380,0x35800144,0x35,2,Long?,READ,,(unset)
0x35800146,897581382,0x35800146,0x35,2,Long?,READ,,(unset)
0x35800148,897581384,0x35800148,0x35,2,Long?,READ,,(unset)
0x3580014A,897581386,0x3580014A,0x35,2,Long?,READ,,(unset)
0x3580014C,897581388,0x3580014C,0x35,2,Long?,READ,,(unset)
0x3580014E,897581390,0x3580014E,0x35,2,Long?,READ,,(unset)
0x35800150,897581392,0x35800150,0x35,2,Long?,READ,,(unset)
0x35800154,897581396,0x35800154,0x35,2,Long?,READ,,(unset)
0x35800156,897581398,0x35800156,0x35,2,Long?,READ,,(unset)
0x35800158,897581400,0x35800158,0x35,2,Long?,READ,,(unset)
0x35901810,898635792,0x35901810,0x35,22,?22,READ,4,CHARGING
0x35901822,898635810,0x35901822,0x35,22,?22,READ,,(unset)
0x35902828,898639912,0x35902828,0x35,31,?,READ,,(unset)
0x35903810,898643984,0x35903810,0x35,18,?,READ,,(unset)
0x35903817,898643991,0x35903817,0x35,18,?,READ,,(unset)
0x35903818,898643992,0x35903818,0x35,18,?,READ,,(unset)
0x3590381F,898643999,0x3590381F,0x35,18,?,READ,,(unset)
0x35903821,898644001,0x35903821,0x35,18,?,READ,,(unset)
0x35903828,898644008,0x35903828,0x35,18,?,READ,,(unset)
0x3590382F,898644015,0x3590382F,0x35,18,?,READ,,(unset)
0x35903831,898644017,0x35903831,0x35,18,?,READ,,(unset)
0x35903838,898644024,0x35903838,0x35,18,?,READ,,(unset)
0x35903841,898644033,0x35903841,0x35,18,?,READ,,(unset)
0x35904800,898648064,0x35904800,0x35,2,Long?,READ,,(unset)
0x35904810,898648080,0x35904810,0x35,18,?,READ,,(unset)
0x3590481F,898648095,0x3590481F,0x35,18,?,READ,,(unset)
0x35904833,898648115,0x35904833,0x35,18,?,READ,,(unset)
0x3590483E,898648126,0x3590483E,0x35,18,?,READ,,(unset)
0x35905810,898652176,0x35905810,0x35,18,?,READ,,(unset)
0x3590581B,898652187,0x3590581B,0x35,18,?,READ,,(unset)
0x35905826,898652198,0x35905826,0x35,18,?,READ,,(unset)
0x35905838,898652216,0x35905838,0x35,18,?,READ,,(unset)
0x3590583A,898652218,0x3590583A,0x35,18,?,READ,,(unset)
0x3590583C,898652220,0x3590583C,0x35,18,?,READ,,(unset)
0x35906810,898656272,0x35906810,0x35,4,Double?,READ,,(unset)
0x35906816,898656278,0x35906816,0x35,1,Integer?,READ,,(unset)
0x3590681D,898656285,0x3590681D,0x35,18,?,READ,,(unset)
0x35906826,898656294,0x35906826,0x35,18,?,READ,,(unset)
0x3590682F,898656303,0x3590682F,0x35,1,Integer?,READ,,(unset)
0x35906830,898656304,0x35906830,0x35,18,?,READ,,(unset)
0x3590683F,898656319,0x3590683F,0x35,1,Integer?,READ,,(unset)
0x35906840,898656320,0x35906840,0x35,1,Integer?,READ,,(unset)
0x35907810,898660368,0x35907810,0x35,1,Integer?,READ,,(unset)
0x35907811,898660369,0x35907811,0x35,31,?,READ,,(unset)
0x35907822,898660386,0x35907822,0x35,31,?,READ,,(unset)
0x3590783C,898660412,0x3590783C,0x35,1,Integer?,READ,,(unset)
0x35907842,898660418,0x35907842,0x35,1,Integer?,READ,,(unset)
0x35907844,898660420,0x35907844,0x35,1,Integer?,READ,,(unset)
0x35908818,898664472,0x35908818,0x35,1,Integer?,READ,,(unset)
0x3590881A,898664474,0x3590881A,0x35,1,Integer?,READ,,(unset)
0x3590881C,898664476,0x3590881C,0x35,1,Integer?,READ,,(unset)
0x3590881E,898664478,0x3590881E,0x35,1,Integer?,READ,,(unset)
0x35908820,898664480,0x35908820,0x35,1,Integer?,READ,,(unset)
0x35908822,898664482,0x35908822,0x35,1,Integer?,READ,,(unset)
0x35908824,898664484,0x35908824,0x35,1,Integer?,READ,,(unset)
0x35908826,898664486,0x35908826,0x35,1,Integer?,READ,,(unset)
0x35908828,898664488,0x35908828,0x35,1,Integer?,READ,,(unset)
0x3590882A,898664490,0x3590882A,0x35,1,Integer?,READ,,(unset)
0x3590882C,898664492,0x3590882C,0x35,1,Integer?,READ,,(unset)
0x3590882E,898664494,0x3590882E,0x35,1,Integer?,READ,,(unset)
0x35908830,898664496,0x35908830,0x35,1,Integer?,READ,,(unset)
0x35908832,898664498,0x35908832,0x35,1,Integer?,READ,,(unset)
0x35908834,898664500,0x35908834,0x35,1,Integer?,READ,,(unset)
0x35908836,898664502,0x35908836,0x35,1,Integer?,READ,,(unset)
0x35908838,898664504,0x35908838,0x35,1,Integer?,READ,,(unset)
0x3590883C,898664508,0x3590883C,0x35,1,Integer?,READ,,(unset)
0x3590883F,898664511,0x3590883F,0x35,1,Integer?,READ,,(unset)
0x35A00000,899678208,0x35A00000,0x35,2,Long?,READ,,(unset)
0x35A000D8,899678424,0x35A000D8,0x35,23,?23,READ,,(unset)
0x35A000DA,899678426,0x35A000DA,0x35,23,?23,READ,,(unset)
0x35A00137,899678519,0x35A00137,0x35,1,Integer?,READ,,(unset)
0x35A0013A,899678522,0x35A0013A,0x35,1,Integer?,READ,,(unset)
0x35A0013E,899678526,0x35A0013E,0x35,1,Integer?,READ,,(unset)
0x35A00140,899678528,0x35A00140,0x35,1,Integer?,READ,,(unset)
0x35A00150,899678544,0x35A00150,0x35,17,?17,READ,,(unset)
0x35A001D8,899678680,0x35A001D8,0x35,34,?,READ,,(unset)
0x35A001DB,899678683,0x35A001DB,0x35,34,?,READ,,(unset)
0x35B00000,900726784,0x35B00000,0x35,2,Long?,READ,,(unset)
0x35B00008,900726792,0x35B00008,0x35,13,?13,READ,,(unset)
0x35B0000B,900726795,0x35B0000B,0x35,13,?13,READ,,(unset)
0x35B00012,900726802,0x35B00012,0x35,13,?13,READ,,(unset)
0x35B00015,900726805,0x35B00015,0x35,13,?13,READ,,(unset)
0x35B00018,900726808,0x35B00018,0x35,13,?13,READ,,(unset)
0x35C00008,901775368,0x35C00008,0x35,1,Integer?,READ,,(unset)
0x35C00010,901775376,0x35C00010,0x35,1,Integer?,READ,,(unset)
0x35C00020,901775392,0x35C00020,0x35,1,Integer?,READ,,(unset)
0x35C00027,901775399,0x35C00027,0x35,5,?,READ,,(unset)
0x35C0003B,901775419,0x35C0003B,0x35,5,?,READ,,(unset)
0x35D01000,902828032,0x35D01000,0x35,2,Long?,READ,,(unset)
0x35D01017,902828055,0x35D01017,0x35,1,Integer?,READ,,(unset)
0x35D01018,902828056,0x35D01018,0x35,1,Integer?,READ,,(unset)
0x35D01019,902828057,0x35D01019,0x35,1,Integer?,READ,,(unset)
0x35D0101A,902828058,0x35D0101A,0x35,1,Integer?,READ,,(unset)
0x35D0101B,902828059,0x35D0101B,0x35,1,Integer?,READ,,(unset)
0x35D0101C,902828060,0x35D0101C,0x35,1,Integer?,READ,,(unset)
0x35D0101D,902828061,0x35D0101D,0x35,1,Integer?,READ,,(unset)
0x35D0101E,902828062,0x35D0101E,0x35,1,Integer?,READ,,(unset)
0x35D0101F,902828063,0x35D0101F,0x35,1,Integer?,READ,,(unset)
0x35D01027,902828071,0x35D01027,0x35,1,Integer?,READ,,(unset)
0x35D01028,902828072,0x35D01028,0x35,2,Long?,READ,4,CHARGING
0x35D01044,902828100,0x35D01044,0x35,1,Integer?,READ,,(unset)
0x35D02000,902832128,0x35D02000,0x35,2,Long?,READ,,(unset)
0x35D02020,902832160,0x35D02020,0x35,2,Long?,READ,,(unset)
0x35D02026,902832166,0x35D02026,0x35,1,Integer?,READ,,(unset)
0x35D02028,902832168,0x35D02028,0x35,2,Long?,READ,,(unset)
0x35D02042,902832194,0x35D02042,0x35,1,Integer?,READ,,(unset)
0x35D02044,902832196,0x35D02044,0x35,1,Integer?,READ,,(unset)
0x35D04000,902840320,0x35D04000,0x35,2,Long?,READ,,(unset)
0x35D04010,902840336,0x35D04010,0x35,1,Integer?,READ,,(unset)
0x35D0401B,902840347,0x35D0401B,0x35,2,Long?,READ,,(unset)
0x35D0402C,902840364,0x35D0402C,0x35,1,Integer?,READ,,(unset)
0x35D04040,902840384,0x35D04040,0x35,2,Long?,READ,,(unset)
0x35D04042,902840386,0x35D04042,0x35,1,Integer?,READ,,(unset)
0x35D04044,902840388,0x35D04044,0x35,1,Integer?,READ,,(unset)
0x35D05000,902844416,0x35D05000,0x35,2,Long?,READ,,(unset)
0x35D05040,902844480,0x35D05040,0x35,1,Integer?,READ,,(unset)
0x35D06010,902848528,0x35D06010,0x35,1,Integer?,READ,,(unset)
0x35D06020,902848544,0x35D06020,0x35,2,Long?,READ,,(unset)
0x35D06023,902848547,0x35D06023,0x35,2,Long?,READ,,(unset)
0x35D06028,902848552,0x35D06028,0x35,2,Long?,READ,,(unset)
0x35D0602B,902848555,0x35D0602B,0x35,2,Long?,READ,,(unset)
0x35E00008,903872520,0x35E00008,0x35,,?,READ,,(unset)
0x35E00016,903872534,0x35E00016,0x35,16,?,READ,,(unset)
0x35E0003D,903872573,0x35E0003D,0x35,,?,READ,,(unset)
0x36301000,909119488,0x36301000,0x36,2,Long?,READ,,(unset)
0x36301017,909119511,0x36301017,0x36,1,Integer?,READ,,(unset)
0x36301018,909119512,0x36301018,0x36,1,Integer?,READ,,(unset)
0x36301019,909119513,0x36301019,0x36,1,Integer?,READ,,(unset)
0x3630101A,909119514,0x3630101A,0x36,1,Integer?,READ,,(unset)
0x3630101B,909119515,0x3630101B,0x36,1,Integer?,READ,,(unset)
0x3630101C,909119516,0x3630101C,0x36,1,Integer?,READ,,(unset)
0x3630101D,909119517,0x3630101D,0x36,1,Integer?,READ,,(unset)
0x3630101E,909119518,0x3630101E,0x36,1,Integer?,READ,,(unset)
0x3630101F,909119519,0x3630101F,0x36,1,Integer?,READ,,(unset)
0x36301027,909119527,0x36301027,0x36,1,Integer?,READ,,(unset)
0x36301028,909119528,0x36301028,0x36,2,Long?,READ,4,CHARGING
0x36301044,909119556,0x36301044,0x36,1,Integer?,READ,,(unset)
0x36302000,909123584,0x36302000,0x36,2,Long?,READ,,(unset)
0x36302020,909123616,0x36302020,0x36,2,Long?,READ,,(unset)
0x36302024,909123620,0x36302024,0x36,2,Long?,READ,,(unset)
0x36302028,909123624,0x36302028,0x36,2,Long?,READ,,(unset)
0x36302042,909123650,0x36302042,0x36,1,Integer?,READ,,(unset)
0x36302044,909123652,0x36302044,0x36,1,Integer?,READ,,(unset)
0x36304000,909131776,0x36304000,0x36,2,Long?,READ,,(unset)
0x36304010,909131792,0x36304010,0x36,1,Integer?,READ,,(unset)
0x3630401B,909131803,0x3630401B,0x36,2,Long?,READ,,(unset)
0x3630402C,909131820,0x3630402C,0x36,1,Integer?,READ,,(unset)
0x36304040,909131840,0x36304040,0x36,2,Long?,READ,,(unset)
0x36304042,909131842,0x36304042,0x36,1,Integer?,READ,,(unset)
0x36304044,909131844,0x36304044,0x36,1,Integer?,READ,,(unset)
0x36304046,909131846,0x36304046,0x36,1,Integer?,READ,,(unset)
0x36305000,909135872,0x36305000,0x36,2,Long?,READ,,(unset)
0x36305040,909135936,0x36305040,0x36,1,Integer?,READ,,(unset)
0x36306010,909139984,0x36306010,0x36,2,Long?,READ,,(unset)
0x36306020,909140000,0x36306020,0x36,2,Long?,READ,,(unset)
0x36306023,909140003,0x36306023,0x36,2,Long?,READ,,(unset)
0x36306028,909140008,0x36306028,0x36,2,Long?,READ,,(unset)
0x3630602B,909140011,0x3630602B,0x36,2,Long?,READ,,(unset)
0x36500008,911212552,0x36500008,0x36,12,?12,READ,,(unset)
0x36500010,911212560,0x36500010,0x36,12,?12,READ,,(unset)
0x36500018,911212568,0x36500018,0x36,12,?12,READ,,(unset)
0x36500020,911212576,0x36500020,0x36,12,?12,READ,,(unset)
0x36500028,911212584,0x36500028,0x36,12,?12,READ,,(unset)
0x36500030,911212592,0x36500030,0x36,12,?12,READ,,(unset)
0x36500038,911212600,0x36500038,0x36,12,?12,READ,,(unset)
0x36500040,911212608,0x36500040,0x36,12,?12,READ,,(unset)
0x3690002E,915406894,0x3690002E,0x36,13,?13,READ,,(unset)
0x36B00000,917504000,0x36B00000,0x36,2,Long?,READ,,(unset)
0x36B00008,917504008,0x36B00008,0x36,2,Long?,READ,,(unset)
0x36B0000A,917504010,0x36B0000A,0x36,2,Long?,READ,,(unset)
0x36B0000C,917504012,0x36B0000C,0x36,2,Long?,READ,,(unset)
0x36B0000E,917504014,0x36B0000E,0x36,2,Long?,READ,,(unset)
0x36B00010,917504016,0x36B00010,0x36,2,Long?,READ,,(unset)
0x36B00013,917504019,0x36B00013,0x36,2,Long?,READ,,(unset)
0x36B00015,917504021,0x36B00015,0x36,2,Long?,READ,,(unset)
0x36B00018,917504024,0x36B00018,0x36,2,Long?,READ,,(unset)
0x36B0001C,917504028,0x36B0001C,0x36,2,Long?,READ,,(unset)
0x36B00020,917504032,0x36B00020,0x36,2,Long?,READ,,(unset)
0x36B00040,917504064,0x36B00040,0x36,2,Long?,READ,,(unset)
0x36D00000,919601152,0x36D00000,0x36,2,Long?,READ,,(unset)
0x36D00020,919601184,0x36D00020,0x36,18,?,READ,4,CHARGING
0x36D00028,919601192,0x36D00028,0x36,18,?,READ,,(unset)
0x36D00030,919601200,0x36D00030,0x36,18,?,READ,,(unset)
0x36E00000,920649728,0x36E00000,0x36,2,Long?,READ,,(unset)
0x36E00008,920649736,0x36E00008,0x36,1,Integer?,READ,,(unset)
0x36E00009,920649737,0x36E00009,0x36,1,Integer?,READ,,(unset)
0x36E0000C,920649740,0x36E0000C,0x36,1,Integer?,READ,,(unset)
0x36E0000F,920649743,0x36E0000F,0x36,1,Integer?,READ,,(unset)
0x36E00014,920649748,0x36E00014,0x36,1,Integer?,READ,,(unset)
0x36E00035,920649781,0x36E00035,0x36,1,Integer?,READ,,(unset)
0x36E00038,920649784,0x36E00038,0x36,1,Integer?,READ,,(unset)
0x36E0003A,920649786,0x36E0003A,0x36,1,Integer?,READ,,(unset)
0x36F01010,921702416,0x36F01010,0x36,1,Integer?,READ,,(unset)
0x36F01018,921702424,0x36F01018,0x36,1,Integer?,READ,,(unset)
0x36F01020,921702432,0x36F01020,0x36,1,Integer?,READ,,(unset)
0x36F01028,921702440,0x36F01028,0x36,1,Integer?,READ,,(unset)
0x36F01030,921702448,0x36F01030,0x36,1,Integer?,READ,,(unset)
0x36F01033,921702451,0x36F01033,0x36,1,Integer?,READ,,(unset)
0x36F01034,921702452,0x36F01034,0x36,1,Integer?,READ,,(unset)
0x36F02010,921706512,0x36F02010,0x36,1,Integer?,READ,,(unset)
0x36F02018,921706520,0x36F02018,0x36,1,Integer?,READ,,(unset)
0x36F02020,921706528,0x36F02020,0x36,1,Integer?,READ,,(unset)
0x36F02028,921706536,0x36F02028,0x36,1,Integer?,READ,,(unset)
0x36F02030,921706544,0x36F02030,0x36,1,Integer?,READ,,(unset)
0x36F02033,921706547,0x36F02033,0x36,1,Integer?,READ,,(unset)
0x36F02034,921706548,0x36F02034,0x36,1,Integer?,READ,,(unset)
0x36F03010,921710608,0x36F03010,0x36,1,Integer?,READ,,(unset)
0x36F03018,921710616,0x36F03018,0x36,1,Integer?,READ,,(unset)
0x36F03020,921710624,0x36F03020,0x36,1,Integer?,READ,,(unset)
0x36F03028,921710632,0x36F03028,0x36,1,Integer?,READ,,(unset)
0x36F03030,921710640,0x36F03030,0x36,1,Integer?,READ,,(unset)
0x36F03033,921710643,0x36F03033,0x36,1,Integer?,READ,,(unset)
0x36F03034,921710644,0x36F03034,0x36,1,Integer?,READ,,(unset)
0x37401010,926945296,0x37401010,0x37,1,Integer?,READ,,(unset)
0x37401018,926945304,0x37401018,0x37,1,Integer?,READ,,(unset)
0x37401020,926945312,0x37401020,0x37,1,Integer?,READ,,(unset)
0x37401028,926945320,0x37401028,0x37,1,Integer?,READ,,(unset)
0x37401030,926945328,0x37401030,0x37,1,Integer?,READ,,(unset)
0x37401033,926945331,0x37401033,0x37,1,Integer?,READ,,(unset)
0x37401034,926945332,0x37401034,0x37,1,Integer?,READ,,(unset)
0x37402010,926949392,0x37402010,0x37,1,Integer?,READ,,(unset)
0x37402018,926949400,0x37402018,0x37,1,Integer?,READ,,(unset)
0x37402020,926949408,0x37402020,0x37,1,Integer?,READ,,(unset)
0x37402028,926949416,0x37402028,0x37,1,Integer?,READ,,(unset)
0x37402030,926949424,0x37402030,0x37,1,Integer?,READ,,(unset)
0x37402033,926949427,0x37402033,0x37,1,Integer?,READ,,(unset)
0x37402034,926949428,0x37402034,0x37,1,Integer?,READ,,(unset)
0x37403010,926953488,0x37403010,0x37,1,Integer?,READ,,(unset)
0x37403018,926953496,0x37403018,0x37,1,Integer?,READ,,(unset)
0x37403020,926953504,0x37403020,0x37,1,Integer?,READ,,(unset)
0x37403028,926953512,0x37403028,0x37,1,Integer?,READ,,(unset)
0x37403030,926953520,0x37403030,0x37,1,Integer?,READ,,(unset)
0x37403033,926953523,0x37403033,0x37,1,Integer?,READ,,(unset)
0x37403034,926953524,0x37403034,0x37,1,Integer?,READ,,(unset)
0x37600008,929038344,0x37600008,0x37,1,Integer?,READ,,(unset)
0x3760000B,929038347,0x3760000B,0x37,1,Integer?,READ,,(unset)
0x3760000C,929038348,0x3760000C,0x37,1,Integer?,READ,,(unset)
0x37600014,929038356,0x37600014,0x37,1,Integer?,READ,,(unset)
0x37600018,929038360,0x37600018,0x37,1,Integer?,READ,,(unset)
0x37600020,929038368,0x37600020,0x37,1,Integer?,READ,4,CHARGING
0x37600030,929038384,0x37600030,0x37,1,Integer?,READ,,(unset)
0x37901010,932188176,0x37901010,0x37,2,Long?,READ,,(unset)
0x37901014,932188180,0x37901014,0x37,2,Long?,READ,,(unset)
0x37901018,932188184,0x37901018,0x37,2,Long?,READ,,(unset)
0x3790101A,932188186,0x3790101A,0x37,2,Long?,READ,,(unset)
0x3790101D,932188189,0x3790101D,0x37,2,Long?,READ,,(unset)
0x37901020,932188192,0x37901020,0x37,2,Long?,READ,,(unset)
0x37901022,932188194,0x37901022,0x37,2,Long?,READ,,(unset)
0x37901024,932188196,0x37901024,0x37,2,Long?,READ,,(unset)
0x37901028,932188200,0x37901028,0x37,2,Long?,READ,,(unset)
0x3790102D,932188205,0x3790102D,0x37,2,Long?,READ,,(unset)
0x37901036,932188214,0x37901036,0x37,2,Long?,READ,,(unset)
0x37901037,932188215,0x37901037,0x37,2,Long?,READ,,(unset)
0x3790103B,932188219,0x3790103B,0x37,2,Long?,READ,,(unset)
0x37901040,932188224,0x37901040,0x37,2,Long?,READ,,(unset)
0x37901045,932188229,0x37901045,0x37,2,Long?,READ,,(unset)
0x37902010,932192272,0x37902010,0x37,2,Long?,READ,,(unset)
0x37902018,932192280,0x37902018,0x37,2,Long?,READ,,(unset)
0x37902020,932192288,0x37902020,0x37,2,Long?,READ,,(unset)
0x37902023,932192291,0x37902023,0x37,2,Long?,READ,,(unset)
0x3790202E,932192302,0x3790202E,0x37,2,Long?,READ,,(unset)
0x37902035,932192309,0x37902035,0x37,2,Long?,READ,,(unset)
0x37902036,932192310,0x37902036,0x37,2,Long?,READ,,(unset)
0x37903010,932196368,0x37903010,0x37,2,Long?,READ,,(unset)
0x37903013,932196371,0x37903013,0x37,2,Long?,READ,,(unset)
0x37903016,932196374,0x37903016,0x37,2,Long?,READ,,(unset)
0x37903018,932196376,0x37903018,0x37,2,Long?,READ,,(unset)
0x3790301B,932196379,0x3790301B,0x37,2,Long?,READ,,(unset)
0x37903023,932196387,0x37903023,0x37,2,Long?,READ,,(unset)
0x3790302B,932196395,0x3790302B,0x37,2,Long?,READ,,(unset)
0x37903030,932196400,0x37903030,0x37,2,Long?,READ,,(unset)
0x37903038,932196408,0x37903038,0x37,2,Long?,READ,,(unset)
0x37903040,932196416,0x37903040,0x37,2,Long?,READ,,(unset)
0x37904010,932200464,0x37904010,0x37,2,Long?,READ,,(unset)
0x37904012,932200466,0x37904012,0x37,2,Long?,READ,,(unset)
0x37904014,932200468,0x37904014,0x37,2,Long?,READ,,(unset)
0x37904023,932200483,0x37904023,0x37,2,Long?,READ,,(unset)
0x37904025,932200485,0x37904025,0x37,2,Long?,READ,,(unset)
0x37904028,932200488,0x37904028,0x37,2,Long?,READ,,(unset)
0x3790402A,932200490,0x3790402A,0x37,2,Long?,READ,,(unset)
0x3790402C,932200492,0x3790402C,0x37,2,Long?,READ,,(unset)
0x3790402E,932200494,0x3790402E,0x37,2,Long?,READ,,(unset)
0x37904030,932200496,0x37904030,0x37,2,Long?,READ,,(unset)
0x37904038,932200504,0x37904038,0x37,2,Long?,READ,,(unset)
0x37904040,932200512,0x37904040,0x37,2,Long?,READ,,(unset)
0x37905010,932204560,0x37905010,0x37,2,Long?,READ,,(unset)
0x3790501C,932204572,0x3790501C,0x37,2,Long?,READ,,(unset)
0x37905033,932204595,0x37905033,0x37,2,Long?,READ,,(unset)
0x37905034,932204596,0x37905034,0x37,2,Long?,READ,,(unset)
0x3790603D,932208701,0x3790603D,0x37,2,Long?,READ,,(unset)
0x3790603E,932208702,0x3790603E,0x37,2,Long?,READ,,(unset)
0x37907010,932212752,0x37907010,0x37,2,Long?,READ,,(unset)
0x37907011,932212753,0x37907011,0x37,2,Long?,READ,,(unset)
0x37907013,932212755,0x37907013,0x37,2,Long?,READ,,(unset)
0x37907018,932212760,0x37907018,0x37,2,Long?,READ,,(unset)
0x37907020,932212768,0x37907020,0x37,2,Long?,READ,,(unset)
0x37907028,932212776,0x37907028,0x37,2,Long?,READ,,(unset)
0x3790702B,932212779,0x3790702B,0x37,2,Long?,READ,,(unset)
0x37907030,932212784,0x37907030,0x37,2,Long?,READ,,(unset)
0x37907033,932212787,0x37907033,0x37,2,Long?,READ,,(unset)
0x3790703E,932212798,0x3790703E,0x37,2,Long?,READ,,(unset)
0x37907041,932212801,0x37907041,0x37,2,Long?,READ,,(unset)
0x37907045,932212805,0x37907045,0x37,2,Long?,READ,,(unset)
0x37908028,932216872,0x37908028,0x37,2,Long?,READ,4,CHARGING
0x37908038,932216888,0x37908038,0x37,2,Long?,READ,,(unset)
0x37908040,932216896,0x37908040,0x37,2,Long?,READ,,(unset)
0x37909018,932220952,0x37909018,0x37,2,Long?,READ,,(unset)
0x37909024,932220964,0x37909024,0x37,4,Double?,READ,4,CHARGING
0x37909034,932220980,0x37909034,0x37,2,Long?,READ,,(unset)
0x37909040,932220992,0x37909040,0x37,4,Double?,READ,4,CHARGING
0x3790A018,932225048,0x3790A018,0x37,4,Double?,READ,4,CHARGING
0x3790A020,932225056,0x3790A020,0x37,2,Long?,READ,,(unset)
0x3790A02B,932225067,0x3790A02B,0x37,2,Long?,READ,,(unset)
0x3790A038,932225080,0x3790A038,0x37,4,Double?,READ,4,CHARGING
0x3790B010,932229136,0x3790B010,0x37,4,Double?,READ,4,CHARGING
0x3790B018,932229144,0x3790B018,0x37,2,Long?,READ,,(unset)
0x3790B03A,932229178,0x3790B03A,0x37,4,Double?,READ,,(unset)
0x3790C010,932233232,0x3790C010,0x37,2,Long?,READ,,(unset)
0x3790C01A,932233242,0x3790C01A,0x37,4,Double?,READ,4,CHARGING
0x3790C01D,932233245,0x3790C01D,0x37,4,Double?,READ,4,CHARGING
0x3790C020,932233248,0x3790C020,0x37,4,Double?,READ,4,CHARGING
0x3790C023,932233251,0x3790C023,0x37,4,Double?,READ,4,CHARGING
0x3790C03E,932233278,0x3790C03E,0x37,2,Long?,READ,,(unset)
0x3790C040,932233280,0x3790C040,0x37,2,Long?,READ,,(unset)
0x3790C042,932233282,0x3790C042,0x37,2,Long?,READ,,(unset)
0x3790C044,932233284,0x3790C044,0x37,2,Long?,READ,,(unset)
0x37D00828,936380456,0x37D00828,0x37,1,Integer?,READ,4,CHARGING
0x37F00000,938475520,0x37F00000,0x37,2,Long?,READ,,(unset)
0x37F00008,938475528,0x37F00008,0x37,1,Integer?,READ,,(unset)
0x37F0000E,938475534,0x37F0000E,0x37,2,Long?,READ,,(unset)
0x37F00040,938475584,0x37F00040,0x37,2,Long?,READ,,(unset)
0x37F00042,938475586,0x37F00042,0x37,2,Long?,READ,,(unset)
0x37F8CE55,939052629,0x37F8CE55,0x37,12,?12,READ,,(unset)
0x382A44BF,942294207,0x382A44BF,0x38,12,?12,READ,,(unset)
0x38400000,943718400,0x38400000,0x38,2,Long?,READ,,(unset)
0x38400022,943718434,0x38400022,0x38,23,?23,READ,,(unset)
0x38400032,943718450,0x38400032,0x38,2,Long?,READ,,(unset)
0x38400046,943718470,0x38400046,0x38,1,Integer?,READ,,(unset)
0x38500000,944766976,0x38500000,0x38,2,Long?,READ,,(unset)
0x38600000,945815552,0x38600000,0x38,2,Long?,READ,,(unset)
0x38800018,947912728,0x38800018,0x38,2,Long?,READ,,(unset)
0x38800020,947912736,0x38800020,0x38,2,Long?,READ,,(unset)
0x38800038,947912760,0x38800038,0x38,2,Long?,READ,,(unset)
0x3880003A,947912762,0x3880003A,0x38,2,Long?,READ,,(unset)
0x38800040,947912768,0x38800040,0x38,2,Long?,READ,,(unset)
0x38800041,947912769,0x38800041,0x38,2,Long?,READ,,(unset)
0x38A00000,950009856,0x38A00000,0x38,2,Long?,READ,,(unset)
0x38A00008,950009864,0x38A00008,0x38,17,?17,READ,,(unset)
0x38A0000A,950009866,0x38A0000A,0x38,17,?17,READ,,(unset)
0x38A0000C,950009868,0x38A0000C,0x38,17,?17,READ,,(unset)
0x38A00010,950009872,0x38A00010,0x38,17,?17,READ,,(unset)
0x38A00012,950009874,0x38A00012,0x38,17,?17,READ,,(unset)
0x38A00014,950009876,0x38A00014,0x38,17,?17,READ,,(unset)
0x38A00018,950009880,0x38A00018,0x38,17,?17,READ,,(unset)
0x38A0001A,950009882,0x38A0001A,0x38,17,?17,READ,,(unset)
0x38A0001C,950009884,0x38A0001C,0x38,1,Integer?,READ,,(unset)
0x38A00020,950009888,0x38A00020,0x38,11,?,READ,,(unset)
0x38A00026,950009894,0x38A00026,0x38,17,?17,READ,,(unset)
0x38A00028,950009896,0x38A00028,0x38,2,Long?,READ,,(unset)
0x38A0002C,950009900,0x38A0002C,0x38,17,?17,READ,,(unset)
0x38A00033,950009907,0x38A00033,0x38,17,?17,READ,,(unset)
0x38B00000,951058432,0x38B00000,0x38,2,Long?,READ,,(unset)
0x38B00024,951058468,0x38B00024,0x38,1,Integer?,READ,,(unset)
0x38B00026,951058470,0x38B00026,0x38,1,Integer?,READ,,(unset)
0x38D00000,953155584,0x38D00000,0x38,2,Long?,READ,,(unset)
0x38D00008,953155592,0x38D00008,0x38,1,Integer?,READ,,(unset)
0x38D00010,953155600,0x38D00010,0x38,1,Integer?,READ,,(unset)
0x38D00018,953155608,0x38D00018,0x38,1,Integer?,READ,,(unset)
0x38D00020,953155616,0x38D00020,0x38,1,Integer?,READ,,(unset)
0x38D00028,953155624,0x38D00028,0x38,1,Integer?,READ,,(unset)
0x38D00030,953155632,0x38D00030,0x38,1,Integer?,READ,,(unset)
0x38D00032,953155634,0x38D00032,0x38,1,Integer?,READ,,(unset)
0x38D00034,953155636,0x38D00034,0x38,1,Integer?,READ,,(unset)
0x38D00036,953155638,0x38D00036,0x38,1,Integer?,READ,,(unset)
0x38D00038,953155640,0x38D00038,0x38,1,Integer?,READ,,(unset)
0x38D0003A,953155642,0x38D0003A,0x38,1,Integer?,READ,,(unset)
0x38D0003C,953155644,0x38D0003C,0x38,1,Integer?,READ,,(unset)
0x38D0003E,953155646,0x38D0003E,0x38,1,Integer?,READ,,(unset)
0x38D00040,953155648,0x38D00040,0x38,1,Integer?,READ,,(unset)
0x38D00042,953155650,0x38D00042,0x38,1,Integer?,READ,,(unset)
0x38D00044,953155652,0x38D00044,0x38,1,Integer?,READ,,(unset)
0x38D00046,953155654,0x38D00046,0x38,1,Integer?,READ,,(unset)
0x38D00048,953155656,0x38D00048,0x38,1,Integer?,READ,,(unset)
0x38D0004A,953155658,0x38D0004A,0x38,1,Integer?,READ,,(unset)
0x38D0004C,953155660,0x38D0004C,0x38,1,Integer?,READ,,(unset)
0x38D00050,953155664,0x38D00050,0x38,1,Integer?,READ,,(unset)
0x38D00058,953155672,0x38D00058,0x38,1,Integer?,READ,,(unset)
0x38D00060,953155680,0x38D00060,0x38,1,Integer?,READ,,(unset)
0x38D00068,953155688,0x38D00068,0x38,1,Integer?,READ,,(unset)
0x38D00070,953155696,0x38D00070,0x38,1,Integer?,READ,,(unset)
0x38D00078,953155704,0x38D00078,0x38,1,Integer?,READ,,(unset)
0x38D0007A,953155706,0x38D0007A,0x38,1,Integer?,READ,,(unset)
0x38D0007C,953155708,0x38D0007C,0x38,1,Integer?,READ,,(unset)
0x38D0007E,953155710,0x38D0007E,0x38,1,Integer?,READ,,(unset)
0x38D00080,953155712,0x38D00080,0x38,1,Integer?,READ,,(unset)
0x38D00082,953155714,0x38D00082,0x38,1,Integer?,READ,,(unset)
0x38D00084,953155716,0x38D00084,0x38,1,Integer?,READ,,(unset)
0x38D00086,953155718,0x38D00086,0x38,1,Integer?,READ,,(unset)
0x38D00088,953155720,0x38D00088,0x38,1,Integer?,READ,,(unset)
0x38D0008A,953155722,0x38D0008A,0x38,1,Integer?,READ,,(unset)
0x38D0008C,953155724,0x38D0008C,0x38,1,Integer?,READ,,(unset)
0x38D0008E,953155726,0x38D0008E,0x38,1,Integer?,READ,,(unset)
0x38D00090,953155728,0x38D00090,0x38,1,Integer?,READ,,(unset)
0x38D00092,953155730,0x38D00092,0x38,1,Integer?,READ,,(unset)
0x38D00094,953155732,0x38D00094,0x38,1,Integer?,READ,,(unset)
0x39002038,956309560,0x39002038,0x39,,?,READ,,(unset)
0x39100000,957349888,0x39100000,0x39,2,Long?,READ,,(unset)
0x39100008,957349896,0x39100008,0x39,2,Long?,READ,,(unset)
0x39100010,957349904,0x39100010,0x39,2,Long?,READ,,(unset)
0x39100018,957349912,0x39100018,0x39,2,Long?,READ,,(unset)
0x39100020,957349920,0x39100020,0x39,2,Long?,READ,,(unset)
0x39100028,957349928,0x39100028,0x39,1,Integer?,READ,,(unset)
0x39100030,957349936,0x39100030,0x39,1,Integer?,READ,,(unset)
0x39100038,957349944,0x39100038,0x39,1,Integer?,READ,,(unset)
0x39100040,957349952,0x39100040,0x39,1,Integer?,READ,,(unset)
0x39100048,957349960,0x39100048,0x39,2,Long?,READ,,(unset)
0x3910004A,957349962,0x3910004A,0x39,2,Long?,READ,,(unset)
0x3910004C,957349964,0x3910004C,0x39,2,Long?,READ,,(unset)
0x3910004E,957349966,0x3910004E,0x39,2,Long?,READ,,(unset)
0x39100050,957349968,0x39100050,0x39,1,Integer?,READ,,(unset)
0x39100052,957349970,0x39100052,0x39,1,Integer?,READ,,(unset)
0x3910005E,957349982,0x3910005E,0x39,1,Integer?,READ,,(unset)
0x39100064,957349988,0x39100064,0x39,1,Integer?,READ,,(unset)
0x39100065,957349989,0x39100065,0x39,1,Integer?,READ,,(unset)
0x39100070,957350000,0x39100070,0x39,2,Long?,READ,,(unset)
0x39100072,957350002,0x39100072,0x39,2,Long?,READ,,(unset)
0x39100074,957350004,0x39100074,0x39,2,Long?,READ,,(unset)
0x39100076,957350006,0x39100076,0x39,2,Long?,READ,,(unset)
0x39100078,957350008,0x39100078,0x39,2,Long?,READ,,(unset)
0x39100079,957350009,0x39100079,0x39,2,Long?,READ,,(unset)
0x3910007A,957350010,0x3910007A,0x39,2,Long?,READ,,(unset)
0x3910007B,957350011,0x3910007B,0x39,2,Long?,READ,,(unset)
0x39100088,957350024,0x39100088,0x39,2,Long?,READ,,(unset)
0x3910008A,957350026,0x3910008A,0x39,2,Long?,READ,,(unset)
0x3910008C,957350028,0x3910008C,0x39,2,Long?,READ,,(unset)
0x3910008E,957350030,0x3910008E,0x39,2,Long?,READ,,(unset)
0x39100090,957350032,0x39100090,0x39,1,Integer?,READ,,(unset)
0x39100092,957350034,0x39100092,0x39,1,Integer?,READ,,(unset)
0x39100096,957350038,0x39100096,0x39,1,Integer?,READ,,(unset)
0x39100098,957350040,0x39100098,0x39,1,Integer?,READ,,(unset)
0x3910009A,957350042,0x3910009A,0x39,1,Integer?,READ,,(unset)
0x3910009C,957350044,0x3910009C,0x39,1,Integer?,READ,,(unset)
0x391000A0,957350048,0x391000A0,0x39,2,Long?,READ,,(unset)
0x391000A4,957350052,0x391000A4,0x39,2,Long?,READ,,(unset)
0x391000A6,957350054,0x391000A6,0x39,2,Long?,READ,,(unset)
0x391000C0,957350080,0x391000C0,0x39,2,Long?,READ,,(unset)
0x391000C2,957350082,0x391000C2,0x39,2,Long?,READ,,(unset)
0x391000C4,957350084,0x391000C4,0x39,2,Long?,READ,,(unset)
0x391000C6,957350086,0x391000C6,0x39,2,Long?,READ,,(unset)
0x39100110,957350160,0x39100110,0x39,1,Integer?,READ,,(unset)
0x39100112,957350162,0x39100112,0x39,2,Long?,READ,,(unset)
0x39100114,957350164,0x39100114,0x39,2,Long?,READ,,(unset)
0x39100116,957350166,0x39100116,0x39,2,Long?,READ,,(unset)
0x39100118,957350168,0x39100118,0x39,2,Long?,READ,,(unset)
0x39100119,957350169,0x39100119,0x39,2,Long?,READ,,(unset)
0x3910011C,957350172,0x3910011C,0x39,2,Long?,READ,,(unset)
0x39100120,957350176,0x39100120,0x39,2,Long?,READ,,(unset)
0x39100123,957350179,0x39100123,0x39,2,Long?,READ,,(unset)
0x39400000,960495616,0x39400000,0x39,2,Long?,READ,,(unset)
0x39400008,960495624,0x39400008,0x39,34,?,READ,,(unset)
0x39400010,960495632,0x39400010,0x39,1,Integer?,READ,,(unset)
0x39400015,960495637,0x39400015,0x39,1,Integer?,READ,,(unset)
0x3940001C,960495644,0x3940001C,0x39,1,Integer?,READ,,(unset)
0x39400033,960495667,0x39400033,0x39,17,?17,READ,,(unset)
0x39400034,960495668,0x39400034,0x39,19,?,READ,,(unset)
0x39400036,960495670,0x39400036,0x39,19,?,READ,,(unset)
0x39400038,960495672,0x39400038,0x39,19,?,READ,,(unset)
0x3940003A,960495674,0x3940003A,0x39,19,?,READ,,(unset)
0x3940003C,960495676,0x3940003C,0x39,19,?,READ,,(unset)
0x39500000,961544192,0x39500000,0x39,2,Long?,READ,,(unset)
0x3950000C,961544204,0x3950000C,0x39,13,?13,READ,,(unset)
0x3950000F,961544207,0x3950000F,0x39,13,?13,READ,,(unset)
0x39500012,961544210,0x39500012,0x39,13,?13,READ,,(unset)
0x39500015,961544213,0x39500015,0x39,13,?13,READ,,(unset)
0x39500018,961544216,0x39500018,0x39,13,?13,READ,,(unset)
0x3950001B,961544219,0x3950001B,0x39,13,?13,READ,,(unset)
0x39500020,961544224,0x39500020,0x39,13,?13,READ,,(unset)
0x39600000,962592768,0x39600000,0x39,2,Long?,READ,,(unset)
0x39600014,962592788,0x39600014,0x39,2,Long?,READ,,(unset)
0x39600015,962592789,0x39600015,0x39,2,Long?,READ,,(unset)
0x39600016,962592790,0x39600016,0x39,2,Long?,READ,,(unset)
0x39600017,962592791,0x39600017,0x39,2,Long?,READ,,(unset)
0x3960002A,962592810,0x3960002A,0x39,12,?12,READ,,(unset)
0x3960003C,962592828,0x3960003C,0x39,1,Integer?,READ,,(unset)
0x3960003E,962592830,0x3960003E,0x39,2,Long?,READ,,(unset)
0x39600047,962592839,0x39600047,0x39,19,?,READ,,(unset)
0x39E00024,970981412,0x39E00024,0x39,3,Float?,READ,,(unset)
0x3A000000,973078528,0x3A000000,0x3A,2,Long?,READ,,(unset)
0x3A200008,975175688,0x3A200008,0x3A,12,?12,READ,,(unset)
0x3A300000,976224256,0x3A300000,0x3A,2,Long?,READ,,(unset)
0x3A300008,976224264,0x3A300008,0x3A,1,Integer?,READ,,(unset)
0x3A30000A,976224266,0x3A30000A,0x3A,1,Integer?,READ,,(unset)
0x3A300010,976224272,0x3A300010,0x3A,1,Integer?,READ,,(unset)
0x3A300012,976224274,0x3A300012,0x3A,1,Integer?,READ,,(unset)
0x3A300016,976224278,0x3A300016,0x3A,1,Integer?,READ,,(unset)
0x3A300018,976224280,0x3A300018,0x3A,1,Integer?,READ,,(unset)
0x3A500000,978321408,0x3A500000,0x3A,2,Long?,READ,,(unset)
0x3A500008,978321416,0x3A500008,0x3A,17,?17,READ,,(unset)
0x3A500010,978321424,0x3A500010,0x3A,17,?17,READ,,(unset)
0x3A500014,978321428,0x3A500014,0x3A,17,?17,READ,,(unset)
0x3A500018,978321432,0x3A500018,0x3A,17,?17,READ,,(unset)
0x3A50001C,978321436,0x3A50001C,0x3A,17,?17,READ,,(unset)
0x3A500020,978321440,0x3A500020,0x3A,17,?17,READ,,(unset)
0x3A500030,978321456,0x3A500030,0x3A,17,?17,READ,,(unset)
0x3A500038,978321464,0x3A500038,0x3A,17,?17,READ,,(unset)
0x3A500040,978321472,0x3A500040,0x3A,17,?17,READ,,(unset)
0x3A500048,978321480,0x3A500048,0x3A,17,?17,READ,,(unset)
0x3A60000E,979369998,0x3A60000E,0x3A,1,Integer?,READ,,(unset)
0x3A600016,979370006,0x3A600016,0x3A,1,Integer?,READ,,(unset)
0x3A600022,979370018,0x3A600022,0x3A,1,Integer?,READ,,(unset)
0x3A700000,980418560,0x3A700000,0x3A,2,Long?,READ,,(unset)
0x3A700008,980418568,0x3A700008,0x3A,3,Float?,READ,,(unset)
0x3A70000E,980418574,0x3A70000E,0x3A,3,Float?,READ,,(unset)
0x3A700010,980418576,0x3A700010,0x3A,3,Float?,READ,,(unset)
0x3A700012,980418578,0x3A700012,0x3A,3,Float?,READ,,(unset)
0x3A700014,980418580,0x3A700014,0x3A,3,Float?,READ,,(unset)
0x3A700016,980418582,0x3A700016,0x3A,3,Float?,READ,,(unset)
0x3A700018,980418584,0x3A700018,0x3A,3,Float?,READ,,(unset)
0x3A70001A,980418586,0x3A70001A,0x3A,3,Float?,READ,,(unset)
0x3A70001C,980418588,0x3A70001C,0x3A,3,Float?,READ,,(unset)
0x3A70001E,980418590,0x3A70001E,0x3A,3,Float?,READ,,(unset)
0x3A700020,980418592,0x3A700020,0x3A,3,Float?,READ,,(unset)
0x3A700022,980418594,0x3A700022,0x3A,3,Float?,READ,,(unset)
0x3A700024,980418596,0x3A700024,0x3A,3,Float?,READ,,(unset)
0x3A700026,980418598,0x3A700026,0x3A,3,Float?,READ,,(unset)
0x3A700028,980418600,0x3A700028,0x3A,3,Float?,READ,,(unset)
0x3A70002C,980418604,0x3A70002C,0x3A,1,Integer?,READ,,(unset)
0x3A700030,980418608,0x3A700030,0x3A,1,Integer?,READ,,(unset)
0x3A700032,980418610,0x3A700032,0x3A,1,Integer?,READ,,(unset)
0x3A700038,980418616,0x3A700038,0x3A,17,?17,READ,,(unset)
0x3A70003A,980418618,0x3A70003A,0x3A,17,?17,READ,,(unset)
0x3A70003C,980418620,0x3A70003C,0x3A,1,Integer?,READ,,(unset)
0x3A70003D,980418621,0x3A70003D,0x3A,23,?23,READ,,(unset)
0x3A700042,980418626,0x3A700042,0x3A,17,?17,READ,,(unset)
0x3AB00000,984612864,0x3AB00000,0x3A,2,Long?,READ,,(unset)
0x3AB00033,984612915,0x3AB00033,0x3A,17,?17,READ,,(unset)
0x3AC00000,985661440,0x3AC00000,0x3A,2,Long?,READ,,(unset)
0x3AC0000B,985661451,0x3AC0000B,0x3A,17,?17,READ,,(unset)
0x3AC00013,985661459,0x3AC00013,0x3A,1,Integer?,READ,,(unset)
0x3AC00017,985661463,0x3AC00017,0x3A,17,?17,READ,,(unset)
0x3AC00018,985661464,0x3AC00018,0x3A,17,?17,READ,,(unset)
0x3AC0001C,985661468,0x3AC0001C,0x3A,17,?17,READ,,(unset)
0x3AC0001F,985661471,0x3AC0001F,0x3A,17,?17,READ,,(unset)
0x3AC00020,985661472,0x3AC00020,0x3A,17,?17,READ,,(unset)
0x3AC00022,985661474,0x3AC00022,0x3A,17,?17,READ,,(unset)
0x3AC00024,985661476,0x3AC00024,0x3A,17,?17,READ,,(unset)
0x3AC0002A,985661482,0x3AC0002A,0x3A,17,?17,READ,,(unset)
0x3AC0002C,985661484,0x3AC0002C,0x3A,17,?17,READ,,(unset)
0x3AC00030,985661488,0x3AC00030,0x3A,17,?17,READ,,(unset)
0x3AC00032,985661490,0x3AC00032,0x3A,17,?17,READ,,(unset)
0x3AD00000,986710016,0x3AD00000,0x3A,2,Long?,READ,,(unset)
0x3AD0000B,986710027,0x3AD0000B,0x3A,17,?17,READ,,(unset)
0x3AD00013,986710035,0x3AD00013,0x3A,1,Integer?,READ,,(unset)
0x3AD00017,986710039,0x3AD00017,0x3A,17,?17,READ,,(unset)
0x3AD00018,986710040,0x3AD00018,0x3A,17,?17,READ,,(unset)
0x3AD0001C,986710044,0x3AD0001C,0x3A,17,?17,READ,,(unset)
0x3AD00022,986710050,0x3AD00022,0x3A,17,?17,READ,,(unset)
0x3AD00028,986710056,0x3AD00028,0x3A,17,?17,READ,,(unset)
0x3AE00000,987758592,0x3AE00000,0x3A,2,Long?,READ,,(unset)
0x3AE00008,987758600,0x3AE00008,0x3A,1,Integer?,READ,,(unset)
0x3AE0000D,987758605,0x3AE0000D,0x3A,1,Integer?,READ,,(unset)
0x3AE00010,987758608,0x3AE00010,0x3A,1,Integer?,READ,,(unset)
0x3AE00016,987758614,0x3AE00016,0x3A,1,Integer?,READ,,(unset)
0x3AE00018,987758616,0x3AE00018,0x3A,1,Integer?,READ,,(unset)
0x3AE0001D,987758621,0x3AE0001D,0x3A,1,Integer?,READ,,(unset)
0x3AE00020,987758624,0x3AE00020,0x3A,1,Integer?,READ,,(unset)
0x3AE00022,987758626,0x3AE00022,0x3A,1,Integer?,READ,,(unset)
0x3AE0002E,987758638,0x3AE0002E,0x3A,1,Integer?,READ,,(unset)
0x3AE00030,987758640,0x3AE00030,0x3A,1,Integer?,READ,,(unset)
0x3AE00038,987758648,0x3AE00038,0x3A,1,Integer?,READ,,(unset)
0x3AE0003B,987758651,0x3AE0003B,0x3A,1,Integer?,READ,,(unset)
0x3AE00040,987758656,0x3AE00040,0x3A,1,Integer?,READ,,(unset)
0x3AF00008,988807176,0x3AF00008,0x3A,2,Long?,READ,4,CHARGING
0x3AF00010,988807184,0x3AF00010,0x3A,2,Long?,READ,4,CHARGING
0x3AF00018,988807192,0x3AF00018,0x3A,2,Long?,READ,4,CHARGING
0x3AF00020,988807200,0x3AF00020,0x3A,2,Long?,READ,4,CHARGING
0x3AF00028,988807208,0x3AF00028,0x3A,2,Long?,READ,4,CHARGING
0x3AF00030,988807216,0x3AF00030,0x3A,2,Long?,READ,4,CHARGING
0x3AF00038,988807224,0x3AF00038,0x3A,2,Long?,READ,4,CHARGING
0x3AF00043,988807235,0x3AF00043,0x3A,2,Long?,READ,,(unset)
0x3AF00045,988807237,0x3AF00045,0x3A,2,Long?,READ,,(unset)
0x3AF00046,988807238,0x3AF00046,0x3A,1,Integer?,READ,,(unset)
0x3B000000,989855744,0x3B000000,0x3B,2,Long?,READ,,(unset)
0x3B000017,989855767,0x3B000017,0x3B,12,?12,READ,,(unset)
0x3B000018,989855768,0x3B000018,0x3B,12,?12,READ,,(unset)
0x3B00002F,989855791,0x3B00002F,0x3B,12,?12,READ,,(unset)
0x3B300000,993001472,0x3B300000,0x3B,2,Long?,READ,,(unset)
0x3B300008,993001480,0x3B300008,0x3B,1,Integer?,READ,,(unset)
0x3B300014,993001492,0x3B300014,0x3B,1,Integer?,READ,,(unset)
0x3B300018,993001496,0x3B300018,0x3B,1,Integer?,READ,,(unset)
0x3B400000,994050048,0x3B400000,0x3B,2,Long?,READ,,(unset)
0x3B400008,994050056,0x3B400008,0x3B,11,?,READ,4,CHARGING
0x3B400010,994050064,0x3B400010,0x3B,11,?,READ,4,CHARGING
0x3B400020,994050080,0x3B400020,0x3B,11,?,READ,,(unset)
0x3B400028,994050088,0x3B400028,0x3B,11,?,READ,,(unset)
0x3B400042,994050114,0x3B400042,0x3B,1,Integer?,READ,,(unset)
0x3B400044,994050116,0x3B400044,0x3B,1,Integer?,READ,,(unset)
0x3B400046,994050118,0x3B400046,0x3B,17,?17,READ,,(unset)
0x3B400046,994050118,0x3B400046,0x3B,11,?,READ,,(unset)
0x3B400047,994050119,0x3B400047,0x3B,11,?,READ,,(unset)
0x3B400442,994051138,0x3B400442,0x3B,11,?,READ,,(unset)
0x3B500012,995098642,0x3B500012,0x3B,4,Double?,READ,,(unset)
0x3B500015,995098645,0x3B500015,0x3B,13,?13,READ,,(unset)
0x3B50003C,995098684,0x3B50003C,0x3B,13,?13,READ,,(unset)
0x3B50003E,995098686,0x3B50003E,0x3B,13,?13,READ,,(unset)
0x3B600000,996147200,0x3B600000,0x3B,2,Long?,READ,,(unset)
0x3B600008,996147208,0x3B600008,0x3B,1,Integer?,READ,,(unset)
0x3B60000C,996147212,0x3B60000C,0x3B,1,Integer?,READ,,(unset)
0x3B900018,999292952,0x3B900018,0x3B,1,Integer?,READ,,(unset)
0x3B900038,999292984,0x3B900038,0x3B,34,?,READ,,(unset)
0x3BA00000,1000341504,0x3BA00000,0x3B,1,Integer?,READ,,(unset)
0x3BA00008,1000341512,0x3BA00008,0x3B,1,Integer?,READ,,(unset)
0x3BA00020,1000341536,0x3BA00020,0x3B,1,Integer?,READ,,(unset)
0x3BB00000,1001390080,0x3BB00000,0x3B,2,Long?,READ,,(unset)
0x3BB00040,1001390144,0x3BB00040,0x3B,24,?24,READ,,(unset)
0x3BD00000,1003487232,0x3BD00000,0x3B,2,Long?,READ,,(unset)
0x3BD00115,1003487509,0x3BD00115,0x3B,1,Integer?,READ,,(unset)
0x3BD00117,1003487511,0x3BD00117,0x3B,1,Integer?,READ,,(unset)
0x3BD00148,1003487560,0x3BD00148,0x3B,11,?,READ,,(unset)
0x3BD00155,1003487573,0x3BD00155,0x3B,11,?,READ,,(unset)
0x3BD00156,1003487574,0x3BD00156,0x3B,11,?,READ,,(unset)
0x3BD00158,1003487576,0x3BD00158,0x3B,11,?,READ,,(unset)
0x3BD00165,1003487589,0x3BD00165,0x3B,11,?,READ,,(unset)
0x3BD00168,1003487592,0x3BD00168,0x3B,3,Float?,READ,4,CHARGING
0x3BD00170,1003487600,0x3BD00170,0x3B,3,Float?,READ,,(unset)
0x3BD00178,1003487608,0x3BD00178,0x3B,1,Integer?,READ,,(unset)
0x3BD00182,1003487618,0x3BD00182,0x3B,11,?,READ,,(unset)
0x3BD00183,1003487619,0x3BD00183,0x3B,1,Integer?,READ,,(unset)
0x3BD00184,1003487620,0x3BD00184,0x3B,1,Integer?,READ,,(unset)
0x3BD00188,1003487624,0x3BD00188,0x3B,3,Float?,READ,,(unset)
0x3BD00196,1003487638,0x3BD00196,0x3B,1,Integer?,READ,,(unset)
0x3BD001C6,1003487686,0x3BD001C6,0x3B,17,?17,READ,,(unset)
0x3BD001C8,1003487688,0x3BD001C8,0x3B,17,?17,READ,,(unset)
0x3BD001F0,1003487728,0x3BD001F0,0x3B,2,Long?,READ,,(unset)
0x3BD001F2,1003487730,0x3BD001F2,0x3B,2,Long?,READ,,(unset)
0x3BD001F8,1003487736,0x3BD001F8,0x3B,1,Integer?,READ,,(unset)
0x3BD00204,1003487748,0x3BD00204,0x3B,1,Integer?,READ,,(unset)
0x3BD00206,1003487750,0x3BD00206,0x3B,1,Integer?,READ,,(unset)
0x3BE00000,1004535808,0x3BE00000,0x3B,2,Long?,READ,,(unset)
0x3BF00000,1005584384,0x3BF00000,0x3B,2,Long?,READ,,(unset)
0x3BF00008,1005584392,0x3BF00008,0x3B,17,?17,READ,,(unset)
0x3BF00010,1005584400,0x3BF00010,0x3B,17,?17,READ,,(unset)
0x3BF00014,1005584404,0x3BF00014,0x3B,17,?17,READ,,(unset)
0x3BF00018,1005584408,0x3BF00018,0x3B,17,?17,READ,,(unset)
0x3C100000,1007681536,0x3C100000,0x3C,2,Long?,READ,,(unset)
0x3C100026,1007681574,0x3C100026,0x3C,34,?,READ,,(unset)
0x3C100028,1007681576,0x3C100028,0x3C,34,?,READ,,(unset)
0x3C10002F,1007681583,0x3C10002F,0x3C,34,?,READ,,(unset)
0x3C100031,1007681585,0x3C100031,0x3C,34,?,READ,,(unset)
0x3C200008,1008730120,0x3C200008,0x3C,9,?9,READ,,(unset)
0x3C20000A,1008730122,0x3C20000A,0x3C,9,?9,READ,,(unset)
0x3C20000C,1008730124,0x3C20000C,0x3C,9,?9,READ,,(unset)
0x3C500000,1011875840,0x3C500000,0x3C,2,Long?,READ,,(unset)
0x3C500008,1011875848,0x3C500008,0x3C,1,Integer?,READ,,(unset)
0x3C500012,1011875858,0x3C500012,0x3C,17,?17,READ,,(unset)
0x3C500014,1011875860,0x3C500014,0x3C,3,Float?,READ,,(unset)
0x3C50001C,1011875868,0x3C50001C,0x3C,3,Float?,READ,,(unset)
0x3C50001E,1011875870,0x3C50001E,0x3C,17,?17,READ,,(unset)
0x3C500020,1011875872,0x3C500020,0x3C,3,Float?,READ,,(unset)
0x3C500022,1011875874,0x3C500022,0x3C,3,Float?,READ,,(unset)
0x3C500024,1011875876,0x3C500024,0x3C,3,Float?,READ,,(unset)
0x3C500028,1011875880,0x3C500028,0x3C,3,Float?,READ,,(unset)
0x3C500032,1011875890,0x3C500032,0x3C,17,?17,READ,,(unset)
0x3C500035,1011875893,0x3C500035,0x3C,17,?17,READ,,(unset)
0x3C500038,1011875896,0x3C500038,0x3C,17,?17,READ,,(unset)
0x3C50003A,1011875898,0x3C50003A,0x3C,17,?17,READ,,(unset)
0x3C50003C,1011875900,0x3C50003C,0x3C,17,?17,READ,,(unset)
0x3C500043,1011875907,0x3C500043,0x3C,17,?17,READ,,(unset)
0x3C500046,1011875910,0x3C500046,0x3C,17,?17,READ,,(unset)
0x3C800000,1015021568,0x3C800000,0x3C,2,Long?,READ,,(unset)
0x3C800018,1015021592,0x3C800018,0x3C,24,?24,READ,,(unset)
0x3C80001C,1015021596,0x3C80001C,0x3C,24,?24,READ,,(unset)
0x3C800020,1015021600,0x3C800020,0x3C,24,?24,READ,,(unset)
0x3C800023,1015021603,0x3C800023,0x3C,24,?24,READ,,(unset)
0x3C800024,1015021604,0x3C800024,0x3C,24,?24,READ,,(unset)
0x3C800040,1015021632,0x3C800040,0x3C,24,?24,READ,,(unset)
0x3CA00000,1017118720,0x3CA00000,0x3C,2,Long?,READ,,(unset)
0x3CA00010,1017118736,0x3CA00010,0x3C,1,Integer?,READ,,(unset)
0x3CA0001C,1017118748,0x3CA0001C,0x3C,1,Integer?,READ,,(unset)
0x3CA0001F,1017118751,0x3CA0001F,0x3C,1,Integer?,READ,,(unset)
0x3CA00020,1017118752,0x3CA00020,0x3C,1,Integer?,READ,,(unset)
0x3CA00021,1017118753,0x3CA00021,0x3C,1,Integer?,READ,,(unset)
0x3CA00024,1017118756,0x3CA00024,0x3C,2,Long?,READ,,(unset)
0x3CA00028,1017118760,0x3CA00028,0x3C,1,Integer?,READ,,(unset)
0x3CA00029,1017118761,0x3CA00029,0x3C,1,Integer?,READ,,(unset)
0x3CA0002A,1017118762,0x3CA0002A,0x3C,1,Integer?,READ,,(unset)
0x3CA0002B,1017118763,0x3CA0002B,0x3C,1,Integer?,READ,,(unset)
0x3CA0002C,1017118764,0x3CA0002C,0x3C,1,Integer?,READ,,(unset)
0x3CA00030,1017118768,0x3CA00030,0x3C,1,Integer?,READ,,(unset)
0x3CA00031,1017118769,0x3CA00031,0x3C,1,Integer?,READ,,(unset)
0x3CA00032,1017118770,0x3CA00032,0x3C,2,Long?,READ,,(unset)
0x3CA00038,1017118776,0x3CA00038,0x3C,1,Integer?,READ,,(unset)
0x3CA00039,1017118777,0x3CA00039,0x3C,1,Integer?,READ,,(unset)
0x3CA0003C,1017118780,0x3CA0003C,0x3C,1,Integer?,READ,,(unset)
0x3CA0003E,1017118782,0x3CA0003E,0x3C,1,Integer?,READ,,(unset)
0x3CA00040,1017118784,0x3CA00040,0x3C,1,Integer?,READ,,(unset)
0x3CA00043,1017118787,0x3CA00043,0x3C,1,Integer?,READ,,(unset)
0x3CD00000,1020264448,0x3CD00000,0x3C,33,?,READ,,(unset)
0x3CD00008,1020264456,0x3CD00008,0x3C,33,?,READ,,(unset)
0x3CD0000C,1020264460,0x3CD0000C,0x3C,33,?,READ,,(unset)
0x3CD0000D,1020264461,0x3CD0000D,0x3C,33,?,READ,,(unset)
0x3CD00010,1020264464,0x3CD00010,0x3C,33,?,READ,,(unset)
0x3CD00012,1020264466,0x3CD00012,0x3C,33,?,READ,,(unset)
0x3CD00014,1020264468,0x3CD00014,0x3C,33,?,READ,,(unset)
0x3CD00018,1020264472,0x3CD00018,0x3C,33,?,READ,,(unset)
0x3CD00028,1020264488,0x3CD00028,0x3C,33,?,READ,4,CHARGING
0x3CD00042,1020264514,0x3CD00042,0x3C,33,?,READ,,(unset)
0x3CD00044,1020264516,0x3CD00044,0x3C,33,?,READ,,(unset)
0x3CD00046,1020264518,0x3CD00046,0x3C,33,?,READ,,(unset)
0x3CE00000,1021313024,0x3CE00000,0x3C,2,Long?,READ,,(unset)
0x3CF00000,1022361600,0x3CF00000,0x3C,2,Long?,READ,,(unset)
0x3D200000,1025507328,0x3D200000,0x3D,2,Long?,READ,,(unset)
0x3D200032,1025507378,0x3D200032,0x3D,1,Integer?,READ,,(unset)
0x3D200034,1025507380,0x3D200034,0x3D,1,Integer?,READ,,(unset)
0x3D200037,1025507383,0x3D200037,0x3D,1,Integer?,READ,,(unset)
0x3D20003A,1025507386,0x3D20003A,0x3D,1,Integer?,READ,,(unset)
0x3D20003C,1025507388,0x3D20003C,0x3D,1,Integer?,READ,,(unset)
0x3D20003E,1025507390,0x3D20003E,0x3D,1,Integer?,READ,,(unset)
0x3D200040,1025507392,0x3D200040,0x3D,1,Integer?,READ,,(unset)
0x3D300000,1026555904,0x3D300000,0x3D,2,Long?,READ,,(unset)
0x3D4001F2,1027604978,0x3D4001F2,0x3D,1,Integer?,READ,,(unset)
0x3D4001F4,1027604980,0x3D4001F4,0x3D,1,Integer?,READ,,(unset)
0x3D4001F6,1027604982,0x3D4001F6,0x3D,1,Integer?,READ,,(unset)
0x3D600000,1029701632,0x3D600000,0x3D,2,Long?,READ,,(unset)
0x3D600008,1029701640,0x3D600008,0x3D,1,Integer?,READ,,(unset)
0x3D60000A,1029701642,0x3D60000A,0x3D,1,Integer?,READ,,(unset)
0x3D60000C,1029701644,0x3D60000C,0x3D,1,Integer?,READ,,(unset)
0x3D600012,1029701650,0x3D600012,0x3D,2,Long?,READ,,(unset)
0x3D600018,1029701656,0x3D600018,0x3D,1,Integer?,READ,,(unset)
0x3D60002A,1029701674,0x3D60002A,0x3D,1,Integer?,READ,,(unset)
0x3D600030,1029701680,0x3D600030,0x3D,1,Integer?,READ,,(unset)
0x3D600035,1029701685,0x3D600035,0x3D,1,Integer?,READ,,(unset)
0x3D600038,1029701688,0x3D600038,0x3D,1,Integer?,READ,,(unset)
0x3D60003A,1029701690,0x3D60003A,0x3D,1,Integer?,READ,,(unset)
0x3D60003F,1029701695,0x3D60003F,0x3D,1,Integer?,READ,,(unset)
0x3D600040,1029701696,0x3D600040,0x3D,1,Integer?,READ,,(unset)
0x3D600042,1029701698,0x3D600042,0x3D,1,Integer?,READ,,(unset)
0x3D600045,1029701701,0x3D600045,0x3D,1,Integer?,READ,,(unset)
0x3D800000,1031798784,0x3D800000,0x3D,2,Long?,READ,,(unset)
0x3D800030,1031798832,0x3D800030,0x3D,13,?13,READ,,(unset)
0x3D800038,1031798840,0x3D800038,0x3D,,?,READ,,(unset)
0x3D800040,1031798848,0x3D800040,0x3D,13,?13,READ,4,CHARGING
0x3D901000,1032851456,0x3D901000,0x3D,2,Long?,READ,,(unset)
0x3D901010,1032851472,0x3D901010,0x3D,3,Float?,READ,,(unset)
0x3D901011,1032851473,0x3D901011,0x3D,3,Float?,READ,,(unset)
0x3D901012,1032851474,0x3D901012,0x3D,3,Float?,READ,,(unset)
0x3D901013,1032851475,0x3D901013,0x3D,3,Float?,READ,,(unset)
0x3D901014,1032851476,0x3D901014,0x3D,3,Float?,READ,,(unset)
0x3D901015,1032851477,0x3D901015,0x3D,3,Float?,READ,,(unset)
0x3D901016,1032851478,0x3D901016,0x3D,3,Float?,READ,,(unset)
0x3D901017,1032851479,0x3D901017,0x3D,3,Float?,READ,,(unset)
0x3D901018,1032851480,0x3D901018,0x3D,3,Float?,READ,,(unset)
0x3D901019,1032851481,0x3D901019,0x3D,3,Float?,READ,,(unset)
0x3D90101A,1032851482,0x3D90101A,0x3D,3,Float?,READ,,(unset)
0x3D90101B,1032851483,0x3D90101B,0x3D,3,Float?,READ,,(unset)
0x3D90101C,1032851484,0x3D90101C,0x3D,3,Float?,READ,,(unset)
0x3D90101D,1032851485,0x3D90101D,0x3D,3,Float?,READ,,(unset)
0x3D90101E,1032851486,0x3D90101E,0x3D,3,Float?,READ,,(unset)
0x3D90101F,1032851487,0x3D90101F,0x3D,3,Float?,READ,,(unset)
0x3D901020,1032851488,0x3D901020,0x3D,3,Float?,READ,,(unset)
0x3D901021,1032851489,0x3D901021,0x3D,3,Float?,READ,,(unset)
0x3D901022,1032851490,0x3D901022,0x3D,3,Float?,READ,,(unset)
0x3D901023,1032851491,0x3D901023,0x3D,3,Float?,READ,,(unset)
0x3D901024,1032851492,0x3D901024,0x3D,3,Float?,READ,,(unset)
0x3D901025,1032851493,0x3D901025,0x3D,3,Float?,READ,,(unset)
0x3D901026,1032851494,0x3D901026,0x3D,3,Float?,READ,,(unset)
0x3D901027,1032851495,0x3D901027,0x3D,3,Float?,READ,,(unset)
0x3D901028,1032851496,0x3D901028,0x3D,3,Float?,READ,,(unset)
0x3D901029,1032851497,0x3D901029,0x3D,3,Float?,READ,,(unset)
0x3D90102A,1032851498,0x3D90102A,0x3D,3,Float?,READ,,(unset)
0x3D90102B,1032851499,0x3D90102B,0x3D,3,Float?,READ,,(unset)
0x3D90102C,1032851500,0x3D90102C,0x3D,3,Float?,READ,,(unset)
0x3D90102D,1032851501,0x3D90102D,0x3D,3,Float?,READ,,(unset)
0x3D90102E,1032851502,0x3D90102E,0x3D,3,Float?,READ,,(unset)
0x3D90102F,1032851503,0x3D90102F,0x3D,3,Float?,READ,,(unset)
0x3D901030,1032851504,0x3D901030,0x3D,3,Float?,READ,,(unset)
0x3D901031,1032851505,0x3D901031,0x3D,3,Float?,READ,,(unset)
0x3D901032,1032851506,0x3D901032,0x3D,3,Float?,READ,,(unset)
0x3D901033,1032851507,0x3D901033,0x3D,3,Float?,READ,,(unset)
0x3D901034,1032851508,0x3D901034,0x3D,3,Float?,READ,,(unset)
0x3D901035,1032851509,0x3D901035,0x3D,3,Float?,READ,,(unset)
0x3D901036,1032851510,0x3D901036,0x3D,3,Float?,READ,,(unset)
0x3D901037,1032851511,0x3D901037,0x3D,3,Float?,READ,,(unset)
0x3D901038,1032851512,0x3D901038,0x3D,3,Float?,READ,,(unset)
0x3D901039,1032851513,0x3D901039,0x3D,3,Float?,READ,,(unset)
0x3D90103A,1032851514,0x3D90103A,0x3D,3,Float?,READ,,(unset)
0x3D90103B,1032851515,0x3D90103B,0x3D,3,Float?,READ,,(unset)
0x3D90103C,1032851516,0x3D90103C,0x3D,3,Float?,READ,,(unset)
0x3D90103D,1032851517,0x3D90103D,0x3D,3,Float?,READ,,(unset)
0x3D90103E,1032851518,0x3D90103E,0x3D,3,Float?,READ,,(unset)
0x3D90103F,1032851519,0x3D90103F,0x3D,3,Float?,READ,,(unset)
0x3D901040,1032851520,0x3D901040,0x3D,3,Float?,READ,,(unset)
0x3D901041,1032851521,0x3D901041,0x3D,3,Float?,READ,,(unset)
0x3D901042,1032851522,0x3D901042,0x3D,3,Float?,READ,,(unset)
0x3D901043,1032851523,0x3D901043,0x3D,3,Float?,READ,,(unset)
0x3D901044,1032851524,0x3D901044,0x3D,3,Float?,READ,,(unset)
0x3D901045,1032851525,0x3D901045,0x3D,3,Float?,READ,,(unset)
0x3D901046,1032851526,0x3D901046,0x3D,3,Float?,READ,,(unset)
0x3D901047,1032851527,0x3D901047,0x3D,3,Float?,READ,,(unset)
0x3D902000,1032855552,0x3D902000,0x3D,2,Long?,READ,,(unset)
0x3D902010,1032855568,0x3D902010,0x3D,3,Float?,READ,,(unset)
0x3D902011,1032855569,0x3D902011,0x3D,3,Float?,READ,,(unset)
0x3D902012,1032855570,0x3D902012,0x3D,3,Float?,READ,,(unset)
0x3D902013,1032855571,0x3D902013,0x3D,3,Float?,READ,,(unset)
0x3D902014,1032855572,0x3D902014,0x3D,3,Float?,READ,,(unset)
0x3D902015,1032855573,0x3D902015,0x3D,3,Float?,READ,,(unset)
0x3D902016,1032855574,0x3D902016,0x3D,3,Float?,READ,,(unset)
0x3D902017,1032855575,0x3D902017,0x3D,3,Float?,READ,,(unset)
0x3D902018,1032855576,0x3D902018,0x3D,3,Float?,READ,,(unset)
0x3D902019,1032855577,0x3D902019,0x3D,3,Float?,READ,,(unset)
0x3D90201A,1032855578,0x3D90201A,0x3D,3,Float?,READ,,(unset)
0x3D90201B,1032855579,0x3D90201B,0x3D,3,Float?,READ,,(unset)
0x3D90201C,1032855580,0x3D90201C,0x3D,3,Float?,READ,,(unset)
0x3D90201D,1032855581,0x3D90201D,0x3D,3,Float?,READ,,(unset)
0x3D90201E,1032855582,0x3D90201E,0x3D,3,Float?,READ,,(unset)
0x3D90201F,1032855583,0x3D90201F,0x3D,3,Float?,READ,,(unset)
0x3D902020,1032855584,0x3D902020,0x3D,3,Float?,READ,,(unset)
0x3D902021,1032855585,0x3D902021,0x3D,3,Float?,READ,,(unset)
0x3D902022,1032855586,0x3D902022,0x3D,3,Float?,READ,,(unset)
0x3D902023,1032855587,0x3D902023,0x3D,3,Float?,READ,,(unset)
0x3D902024,1032855588,0x3D902024,0x3D,3,Float?,READ,,(unset)
0x3D902025,1032855589,0x3D902025,0x3D,3,Float?,READ,,(unset)
0x3D902026,1032855590,0x3D902026,0x3D,3,Float?,READ,,(unset)
0x3D902027,1032855591,0x3D902027,0x3D,3,Float?,READ,,(unset)
0x3D902028,1032855592,0x3D902028,0x3D,3,Float?,READ,,(unset)
0x3D902029,1032855593,0x3D902029,0x3D,3,Float?,READ,,(unset)
0x3D90202A,1032855594,0x3D90202A,0x3D,3,Float?,READ,,(unset)
0x3D90202B,1032855595,0x3D90202B,0x3D,3,Float?,READ,,(unset)
0x3D90202C,1032855596,0x3D90202C,0x3D,3,Float?,READ,,(unset)
0x3D90202D,1032855597,0x3D90202D,0x3D,3,Float?,READ,,(unset)
0x3D90202E,1032855598,0x3D90202E,0x3D,3,Float?,READ,,(unset)
0x3D90202F,1032855599,0x3D90202F,0x3D,3,Float?,READ,,(unset)
0x3D902030,1032855600,0x3D902030,0x3D,3,Float?,READ,,(unset)
0x3D902034,1032855604,0x3D902034,0x3D,3,Float?,READ,,(unset)
0x3D90203C,1032855612,0x3D90203C,0x3D,3,Float?,READ,,(unset)
0x3D90203D,1032855613,0x3D90203D,0x3D,3,Float?,READ,,(unset)
0x3D903000,1032859648,0x3D903000,0x3D,2,Long?,READ,,(unset)
0x3D903010,1032859664,0x3D903010,0x3D,3,Float?,READ,,(unset)
0x3D903011,1032859665,0x3D903011,0x3D,3,Float?,READ,,(unset)
0x3D903012,1032859666,0x3D903012,0x3D,3,Float?,READ,,(unset)
0x3D903013,1032859667,0x3D903013,0x3D,3,Float?,READ,,(unset)
0x3D903014,1032859668,0x3D903014,0x3D,3,Float?,READ,,(unset)
0x3D903015,1032859669,0x3D903015,0x3D,3,Float?,READ,,(unset)
0x3D903016,1032859670,0x3D903016,0x3D,3,Float?,READ,,(unset)
0x3D903017,1032859671,0x3D903017,0x3D,3,Float?,READ,,(unset)
0x3D903018,1032859672,0x3D903018,0x3D,3,Float?,READ,,(unset)
0x3D903019,1032859673,0x3D903019,0x3D,3,Float?,READ,,(unset)
0x3D90301A,1032859674,0x3D90301A,0x3D,3,Float?,READ,,(unset)
0x3D90301B,1032859675,0x3D90301B,0x3D,3,Float?,READ,,(unset)
0x3D90301C,1032859676,0x3D90301C,0x3D,3,Float?,READ,,(unset)
0x3D90301D,1032859677,0x3D90301D,0x3D,3,Float?,READ,,(unset)
0x3D90301E,1032859678,0x3D90301E,0x3D,3,Float?,READ,,(unset)
0x3D90301F,1032859679,0x3D90301F,0x3D,3,Float?,READ,,(unset)
0x3D903020,1032859680,0x3D903020,0x3D,3,Float?,READ,,(unset)
0x3D903021,1032859681,0x3D903021,0x3D,3,Float?,READ,,(unset)
0x3D903022,1032859682,0x3D903022,0x3D,3,Float?,READ,,(unset)
0x3D903023,1032859683,0x3D903023,0x3D,3,Float?,READ,,(unset)
0x3D903025,1032859685,0x3D903025,0x3D,3,Float?,READ,,(unset)
0x3D903026,1032859686,0x3D903026,0x3D,3,Float?,READ,,(unset)
0x3D903027,1032859687,0x3D903027,0x3D,3,Float?,READ,,(unset)
0x3D903028,1032859688,0x3D903028,0x3D,3,Float?,READ,,(unset)
0x3D903029,1032859689,0x3D903029,0x3D,3,Float?,READ,,(unset)
0x3D90302A,1032859690,0x3D90302A,0x3D,3,Float?,READ,,(unset)
0x3D90302B,1032859691,0x3D90302B,0x3D,3,Float?,READ,,(unset)
0x3D904000,1032863744,0x3D904000,0x3D,2,Long?,READ,,(unset)
0x3D904010,1032863760,0x3D904010,0x3D,22,?22,READ,,(unset)
0x3D90401B,1032863771,0x3D90401B,0x3D,22,?22,READ,,(unset)
0x3D904026,1032863782,0x3D904026,0x3D,22,?22,READ,4,CHARGING
0x3D904032,1032863794,0x3D904032,0x3D,22,?22,READ,4,CHARGING
0x3D90403D,1032863805,0x3D90403D,0x3D,6,?,READ,,(unset)
0x3D905000,1032867840,0x3D905000,0x3D,2,Long?,READ,,(unset)
0x3D905010,1032867856,0x3D905010,0x3D,15,?,READ,,(unset)
0x3D90502B,1032867883,0x3D90502B,0x3D,22,?22,READ,4,CHARGING
0x3D90502D,1032867885,0x3D90502D,0x3D,22,?22,READ,4,CHARGING
0x3D906000,1032871936,0x3D906000,0x3D,2,Long?,READ,,(unset)
0x3D906010,1032871952,0x3D906010,0x3D,22,?22,READ,,(unset)
0x3D90601B,1032871963,0x3D90601B,0x3D,22,?22,READ,,(unset)
0x3D90601C,1032871964,0x3D90601C,0x3D,22,?22,READ,,(unset)
0x3D906025,1032871973,0x3D906025,0x3D,22,?22,READ,,(unset)
0x3D906028,1032871976,0x3D906028,0x3D,22,?22,READ,,(unset)
0x3D906030,1032871984,0x3D906030,0x3D,22,?22,READ,4,CHARGING
0x3D90702C,1032876076,0x3D90702C,0x3D,22,?22,READ,,(unset)
0x3D907030,1032876080,0x3D907030,0x3D,1,Integer?,READ,,(unset)
0x3D908000,1032880128,0x3D908000,0x3D,2,Long?,READ,,(unset)
0x3D908023,1032880163,0x3D908023,0x3D,1,Integer?,READ,,(unset)
0x3D911000,1032916992,0x3D911000,0x3D,2,Long?,READ,,(unset)
0x3D911010,1032917008,0x3D911010,0x3D,3,Float?,READ,,(unset)
0x3D911011,1032917009,0x3D911011,0x3D,3,Float?,READ,,(unset)
0x3D911013,1032917011,0x3D911013,0x3D,3,Float?,READ,,(unset)
0x3D911014,1032917012,0x3D911014,0x3D,3,Float?,READ,,(unset)
0x3D911015,1032917013,0x3D911015,0x3D,3,Float?,READ,,(unset)
0x3D911016,1032917014,0x3D911016,0x3D,3,Float?,READ,,(unset)
0x3D911017,1032917015,0x3D911017,0x3D,3,Float?,READ,,(unset)
0x3D911018,1032917016,0x3D911018,0x3D,3,Float?,READ,,(unset)
0x3D911019,1032917017,0x3D911019,0x3D,3,Float?,READ,,(unset)
0x3D91101A,1032917018,0x3D91101A,0x3D,3,Float?,READ,,(unset)
0x3D91101B,1032917019,0x3D91101B,0x3D,3,Float?,READ,,(unset)
0x3D91101C,1032917020,0x3D91101C,0x3D,3,Float?,READ,,(unset)
0x3D91101D,1032917021,0x3D91101D,0x3D,3,Float?,READ,,(unset)
0x3D91101E,1032917022,0x3D91101E,0x3D,3,Float?,READ,,(unset)
0x3D91101F,1032917023,0x3D91101F,0x3D,3,Float?,READ,,(unset)
0x3D911020,1032917024,0x3D911020,0x3D,3,Float?,READ,,(unset)
0x3D911021,1032917025,0x3D911021,0x3D,3,Float?,READ,,(unset)
0x3D911022,1032917026,0x3D911022,0x3D,3,Float?,READ,,(unset)
0x3D911023,1032917027,0x3D911023,0x3D,3,Float?,READ,,(unset)
0x3D911024,1032917028,0x3D911024,0x3D,3,Float?,READ,,(unset)
0x3D911025,1032917029,0x3D911025,0x3D,3,Float?,READ,,(unset)
0x3D911026,1032917030,0x3D911026,0x3D,3,Float?,READ,,(unset)
0x3D911027,1032917031,0x3D911027,0x3D,3,Float?,READ,,(unset)
0x3D911028,1032917032,0x3D911028,0x3D,3,Float?,READ,,(unset)
0x3D911029,1032917033,0x3D911029,0x3D,3,Float?,READ,,(unset)
0x3D91102A,1032917034,0x3D91102A,0x3D,3,Float?,READ,,(unset)
0x3D91102B,1032917035,0x3D91102B,0x3D,3,Float?,READ,,(unset)
0x3D91102C,1032917036,0x3D91102C,0x3D,3,Float?,READ,,(unset)
0x3D91102D,1032917037,0x3D91102D,0x3D,3,Float?,READ,,(unset)
0x3D91102E,1032917038,0x3D91102E,0x3D,3,Float?,READ,,(unset)
0x3D91102F,1032917039,0x3D91102F,0x3D,3,Float?,READ,,(unset)
0x3D93EA25,1033103909,0x3D93EA25,0x3D,12,?12,READ,,(unset)
0x3D955000,1033195520,0x3D955000,0x3D,22,?22,READ,,(unset)
0x3D955010,1033195536,0x3D955010,0x3D,22,?22,READ,,(unset)
0x3D956000,1033199616,0x3D956000,0x3D,2,Long?,READ,,(unset)
0x3D957000,1033203712,0x3D957000,0x3D,22,?22,READ,,(unset)
0x3D95701C,1033203740,0x3D95701C,0x3D,22,?22,READ,4,CHARGING
0x3D958000,1033207808,0x3D958000,0x3D,2,Long?,READ,,(unset)
0x3D959000,1033211904,0x3D959000,0x3D,2,Long?,READ,,(unset)
0x3D95A000,1033216000,0x3D95A000,0x3D,2,Long?,READ,,(unset)
0x3D95A018,1033216024,0x3D95A018,0x3D,22,?22,READ,4,CHARGING
0x3D95A02C,1033216044,0x3D95A02C,0x3D,22,?22,READ,4,CHARGING
0x3D95B000,1033220096,0x3D95B000,0x3D,2,Long?,READ,,(unset)
0x3D95B010,1033220112,0x3D95B010,0x3D,8,?,READ,,(unset)
0x3D95C000,1033224192,0x3D95C000,0x3D,2,Long?,READ,,(unset)
0x3D95C044,1033224260,0x3D95C044,0x3D,3,Float?,READ,,(unset)
0x3D95D000,1033228288,0x3D95D000,0x3D,2,Long?,READ,,(unset)
0x3D95D010,1033228304,0x3D95D010,0x3D,3,Float?,READ,,(unset)
0x3D95D011,1033228305,0x3D95D011,0x3D,3,Float?,READ,,(unset)
0x3D95D012,1033228306,0x3D95D012,0x3D,3,Float?,READ,,(unset)
0x3D95D013,1033228307,0x3D95D013,0x3D,3,Float?,READ,,(unset)
0x3D95D014,1033228308,0x3D95D014,0x3D,3,Float?,READ,,(unset)
0x3D95D015,1033228309,0x3D95D015,0x3D,3,Float?,READ,,(unset)
0x3D95D016,1033228310,0x3D95D016,0x3D,3,Float?,READ,,(unset)
0x3D95D017,1033228311,0x3D95D017,0x3D,3,Float?,READ,,(unset)
0x3D95D018,1033228312,0x3D95D018,0x3D,3,Float?,READ,,(unset)
0x3D95D019,1033228313,0x3D95D019,0x3D,3,Float?,READ,,(unset)
0x3D95D01A,1033228314,0x3D95D01A,0x3D,3,Float?,READ,,(unset)
0x3D95D01B,1033228315,0x3D95D01B,0x3D,3,Float?,READ,,(unset)
0x3D95D01C,1033228316,0x3D95D01C,0x3D,3,Float?,READ,,(unset)
0x3D95D01D,1033228317,0x3D95D01D,0x3D,3,Float?,READ,,(unset)
0x3D95D01E,1033228318,0x3D95D01E,0x3D,3,Float?,READ,,(unset)
0x3D95D01F,1033228319,0x3D95D01F,0x3D,3,Float?,READ,,(unset)
0x3D95D020,1033228320,0x3D95D020,0x3D,3,Float?,READ,,(unset)
0x3D95D021,1033228321,0x3D95D021,0x3D,3,Float?,READ,,(unset)
0x3D95D022,1033228322,0x3D95D022,0x3D,3,Float?,READ,,(unset)
0x3D95D023,1033228323,0x3D95D023,0x3D,3,Float?,READ,,(unset)
0x3D95D024,1033228324,0x3D95D024,0x3D,3,Float?,READ,,(unset)
0x3D95D025,1033228325,0x3D95D025,0x3D,3,Float?,READ,,(unset)
0x3D95D026,1033228326,0x3D95D026,0x3D,3,Float?,READ,,(unset)
0x3D95D027,1033228327,0x3D95D027,0x3D,3,Float?,READ,,(unset)
0x3D95D028,1033228328,0x3D95D028,0x3D,3,Float?,READ,,(unset)
0x3D95D029,1033228329,0x3D95D029,0x3D,3,Float?,READ,,(unset)
0x3D95D02A,1033228330,0x3D95D02A,0x3D,3,Float?,READ,,(unset)
0x3D95D02B,1033228331,0x3D95D02B,0x3D,3,Float?,READ,,(unset)
0x3D95D02C,1033228332,0x3D95D02C,0x3D,3,Float?,READ,,(unset)
0x3D95D02D,1033228333,0x3D95D02D,0x3D,3,Float?,READ,,(unset)
0x3D95D02E,1033228334,0x3D95D02E,0x3D,3,Float?,READ,,(unset)
0x3D95D02F,1033228335,0x3D95D02F,0x3D,3,Float?,READ,,(unset)
0x3D95D030,1033228336,0x3D95D030,0x3D,3,Float?,READ,,(unset)
0x3D95D031,1033228337,0x3D95D031,0x3D,3,Float?,READ,,(unset)
0x3D95D032,1033228338,0x3D95D032,0x3D,3,Float?,READ,,(unset)
0x3D95D033,1033228339,0x3D95D033,0x3D,3,Float?,READ,,(unset)
0x3D95D034,1033228340,0x3D95D034,0x3D,3,Float?,READ,,(unset)
0x3D95D035,1033228341,0x3D95D035,0x3D,3,Float?,READ,,(unset)
0x3D95D036,1033228342,0x3D95D036,0x3D,3,Float?,READ,,(unset)
0x3D95D037,1033228343,0x3D95D037,0x3D,3,Float?,READ,,(unset)
0x3D95D038,1033228344,0x3D95D038,0x3D,3,Float?,READ,,(unset)
0x3D95D039,1033228345,0x3D95D039,0x3D,3,Float?,READ,,(unset)
0x3D95D03A,1033228346,0x3D95D03A,0x3D,3,Float?,READ,,(unset)
0x3D95D03B,1033228347,0x3D95D03B,0x3D,3,Float?,READ,,(unset)
0x3D95D03C,1033228348,0x3D95D03C,0x3D,3,Float?,READ,,(unset)
0x3D95D03D,1033228349,0x3D95D03D,0x3D,3,Float?,READ,,(unset)
0x3D95D03E,1033228350,0x3D95D03E,0x3D,3,Float?,READ,,(unset)
0x3D9AA000,1033543680,0x3D9AA000,0x3D,2,Long?,READ,,(unset)
0x3D9AA024,1033543716,0x3D9AA024,0x3D,22,?22,READ,4,CHARGING
0x3DA00000,1033895936,0x3DA00000,0x3D,13,?13,READ,,(unset)
0x3DA00008,1033895944,0x3DA00008,0x3D,13,?13,READ,,(unset)
0x3DA0000A,1033895946,0x3DA0000A,0x3D,13,?13,READ,,(unset)
0x3DA00014,1033895956,0x3DA00014,0x3D,26,?,READ,,(unset)
0x3DA00016,1033895958,0x3DA00016,0x3D,26,?,READ,,(unset)
0x3DA00034,1033895988,0x3DA00034,0x3D,13,?13,READ,,(unset)
0x3DA00038,1033895992,0x3DA00038,0x3D,13,?13,READ,,(unset)
0x3DA00044,1033896004,0x3DA00044,0x3D,4,Double?,READ,,(unset)
0x3DB00000,1034944512,0x3DB00000,0x3D,2,Long?,READ,,(unset)
0x3DB0011E,1034944798,0x3DB0011E,0x3D,13,?13,READ,,(unset)
0x3DB00164,1034944868,0x3DB00164,0x3D,13,?13,READ,,(unset)
0x3DB00166,1034944870,0x3DB00166,0x3D,13,?13,READ,,(unset)
0x3DB001EC,1034945004,0x3DB001EC,0x3D,13,?13,READ,,(unset)
0x3DB001EE,1034945006,0x3DB001EE,0x3D,13,?13,READ,,(unset)
0x3DB001F0,1034945008,0x3DB001F0,0x3D,13,?13,READ,,(unset)
0x3DD00000,1037041664,0x3DD00000,0x3D,2,Long?,READ,,(unset)
0x3DD00028,1037041704,0x3DD00028,0x3D,12,?12,READ,,(unset)
0x3DD0002A,1037041706,0x3DD0002A,0x3D,12,?12,READ,,(unset)
0x3DD0002C,1037041708,0x3DD0002C,0x3D,12,?12,READ,,(unset)
0x3DD0002E,1037041710,0x3DD0002E,0x3D,12,?12,READ,,(unset)
0x3DD00030,1037041712,0x3DD00030,0x3D,12,?12,READ,,(unset)
0x3DD00038,1037041720,0x3DD00038,0x3D,12,?12,READ,,(unset)
0x3DE01030,1038094384,0x3DE01030,0x3D,1,Integer?,READ,,(unset)
0x3DF00000,1039138816,0x3DF00000,0x3D,2,Long?,READ,,(unset)
0x3DF00020,1039138848,0x3DF00020,0x3D,1,Integer?,READ,,(unset)
0x3E000000,1040187392,0x3E000000,0x3E,2,Long?,READ,,(unset)
0x3E000008,1040187400,0x3E000008,0x3E,17,?17,READ,,(unset)
0x3E000010,1040187408,0x3E000010,0x3E,17,?17,READ,,(unset)
0x3E000014,1040187412,0x3E000014,0x3E,17,?17,READ,,(unset)
0x3E100000,1041235968,0x3E100000,0x3E,2,Long?,READ,,(unset)
0x3E10000E,1041235982,0x3E10000E,0x3E,34,?,READ,,(unset)
0x3E100013,1041235987,0x3E100013,0x3E,34,?,READ,,(unset)
0x3E10001A,1041235994,0x3E10001A,0x3E,34,?,READ,,(unset)
0x3E100020,1041236000,0x3E100020,0x3E,34,?,READ,,(unset)
0x3E100040,1041236032,0x3E100040,0x3E,34,?,READ,,(unset)
0x3E100042,1041236034,0x3E100042,0x3E,34,?,READ,,(unset)
0x3E100043,1041236035,0x3E100043,0x3E,34,?,READ,,(unset)
0x3E300000,1043333120,0x3E300000,0x3E,2,Long?,READ,,(unset)
0x3E605000,1046499328,0x3E605000,0x3E,2,Long?,READ,,(unset)
0x3E605010,1046499344,0x3E605010,0x3E,23,?23,READ,,(unset)
0x3E605018,1046499352,0x3E605018,0x3E,23,?23,READ,,(unset)
0x3E60501E,1046499358,0x3E60501E,0x3E,23,?23,READ,,(unset)
0x3E605020,1046499360,0x3E605020,0x3E,23,?23,READ,,(unset)
0x3E605024,1046499364,0x3E605024,0x3E,23,?23,READ,,(unset)
0x3E700000,1047527424,0x3E700000,0x3E,2,Long?,READ,,(unset)
0x3E700008,1047527432,0x3E700008,0x3E,17,?17,READ,,(unset)
0x3E70000D,1047527437,0x3E70000D,0x3E,17,?17,READ,,(unset)
0x3E700028,1047527464,0x3E700028,0x3E,17,?17,READ,,(unset)
0x3E800000,1048576000,0x3E800000,0x3E,2,Long?,READ,,(unset)
0x3E800008,1048576008,0x3E800008,0x3E,17,?17,READ,,(unset)
0x3E805000,1048596480,0x3E805000,0x3E,2,Long?,READ,,(unset)
0x3E805010,1048596496,0x3E805010,0x3E,2,Long?,READ,,(unset)
0x3E80A000,1048616960,0x3E80A000,0x3E,2,Long?,READ,,(unset)
0x3E816000,1048666112,0x3E816000,0x3E,2,Long?,READ,,(unset)
0x3E82A010,1048748048,0x3E82A010,0x3E,2,Long?,READ,,(unset)
0x3E82A014,1048748052,0x3E82A014,0x3E,2,Long?,READ,,(unset)
0x3E82B010,1048752144,0x3E82B010,0x3E,1,Integer?,READ,,(unset)
0x3E82E010,1048764432,0x3E82E010,0x3E,2,Long?,READ,,(unset)
0x3E8FA010,1049600016,0x3E8FA010,0x3E,2,Long?,READ,,(unset)
0x3E8FD010,1049612304,0x3E8FD010,0x3E,21,?,READ,,(unset)
0x3E900000,1049624576,0x3E900000,0x3E,2,Long?,READ,,(unset)
0x3E900008,1049624584,0x3E900008,0x3E,13,?13,READ,,(unset)
0x3E900010,1049624592,0x3E900010,0x3E,13,?13,READ,,(unset)
0x3E900018,1049624600,0x3E900018,0x3E,13,?13,READ,,(unset)
0x3E900020,1049624608,0x3E900020,0x3E,13,?13,READ,,(unset)
0x3E900028,1049624616,0x3E900028,0x3E,13,?13,READ,,(unset)
0x3E900030,1049624624,0x3E900030,0x3E,13,?13,READ,,(unset)
0x3E900038,1049624632,0x3E900038,0x3E,13,?13,READ,,(unset)
0x3E900040,1049624640,0x3E900040,0x3E,13,?13,READ,,(unset)
0x3EA00028,1050673192,0x3EA00028,0x3E,1,Integer?,READ,,(unset)
0x3EC00000,1052770304,0x3EC00000,0x3E,2,Long?,READ,,(unset)
0x3F100000,1058013184,0x3F100000,0x3F,13,?13,READ,,(unset)
0x3F100008,1058013192,0x3F100008,0x3F,13,?13,READ,,(unset)
0x3F100009,1058013193,0x3F100009,0x3F,13,?13,READ,,(unset)
0x3F10000B,1058013195,0x3F10000B,0x3F,13,?13,READ,,(unset)
0x3F10000D,1058013197,0x3F10000D,0x3F,1,Integer?,READ,,(unset)
0x3F100010,1058013200,0x3F100010,0x3F,13,?13,READ,,(unset)
0x3F300000,1060110336,0x3F300000,0x3F,2,Long?,READ,,(unset)
0x3F300008,1060110344,0x3F300008,0x3F,13,?13,READ,,(unset)
0x3F30000A,1060110346,0x3F30000A,0x3F,13,?13,READ,,(unset)
0x3F30000C,1060110348,0x3F30000C,0x3F,13,?13,READ,,(unset)
0x3F300010,1060110352,0x3F300010,0x3F,13,?13,READ,,(unset)
0x3F300014,1060110356,0x3F300014,0x3F,13,?13,READ,,(unset)
0x3F300016,1060110358,0x3F300016,0x3F,13,?13,READ,,(unset)
0x3F300018,1060110360,0x3F300018,0x3F,13,?13,READ,,(unset)
0x3F30001A,1060110362,0x3F30001A,0x3F,13,?13,READ,,(unset)
0x3F30001D,1060110365,0x3F30001D,0x3F,13,?13,READ,,(unset)
0x3F300020,1060110368,0x3F300020,0x3F,13,?13,READ,,(unset)
0x3F300024,1060110372,0x3F300024,0x3F,13,?13,READ,,(unset)
0x3F300028,1060110376,0x3F300028,0x3F,13,?13,READ,,(unset)
0x3F300030,1060110384,0x3F300030,0x3F,13,?13,READ,,(unset)
0x3F30003C,1060110396,0x3F30003C,0x3F,13,?13,READ,,(unset)
0x3F30003E,1060110398,0x3F30003E,0x3F,13,?13,READ,,(unset)
0x3F300040,1060110400,0x3F300040,0x3F,13,?13,READ,,(unset)
0x3F300046,1060110406,0x3F300046,0x3F,17,?17,READ,,(unset)
0x3F500008,1062207496,0x3F500008,0x3F,25,?,READ,,(unset)
0x3FA04000,1067466752,0x3FA04000,0x3F,2,Long?,READ,,(unset)
0x3FA04010,1067466768,0x3FA04010,0x3F,1,Integer?,READ,,(unset)
0x3FA04017,1067466775,0x3FA04017,0x3F,1,Integer?,READ,,(unset)
0x3FA0401B,1067466779,0x3FA0401B,0x3F,1,Integer?,READ,,(unset)
0x3FA04020,1067466784,0x3FA04020,0x3F,1,Integer?,READ,,(unset)
0x3FA04025,1067466789,0x3FA04025,0x3F,1,Integer?,READ,,(unset)
0x3FA0402B,1067466795,0x3FA0402B,0x3F,1,Integer?,READ,,(unset)
0x3FA04031,1067466801,0x3FA04031,0x3F,1,Integer?,READ,,(unset)
0x3FA04038,1067466808,0x3FA04038,0x3F,1,Integer?,READ,4,CHARGING
0x3FA04042,1067466818,0x3FA04042,0x3F,1,Integer?,READ,4,CHARGING
0x3FA0405A,1067466842,0x3FA0405A,0x3F,1,Integer?,READ,,(unset)
0x3FA04061,1067466849,0x3FA04061,0x3F,1,Integer?,READ,,(unset)
0x3FA04068,1067466856,0x3FA04068,0x3F,1,Integer?,READ,,(unset)
0x3FA0406F,1067466863,0x3FA0406F,0x3F,1,Integer?,READ,,(unset)
0x3FA04076,1067466870,0x3FA04076,0x3F,1,Integer?,READ,,(unset)
0x3FA0407D,1067466877,0x3FA0407D,0x3F,1,Integer?,READ,,(unset)
0x3FA04084,1067466884,0x3FA04084,0x3F,1,Integer?,READ,,(unset)
0x3FA0408B,1067466891,0x3FA0408B,0x3F,1,Integer?,READ,,(unset)
0x3FA04092,1067466898,0x3FA04092,0x3F,1,Integer?,READ,4,CHARGING
0x3FA0409C,1067466908,0x3FA0409C,0x3F,1,Integer?,READ,4,CHARGING
0x3FA040A6,1067466918,0x3FA040A6,0x3F,1,Integer?,READ,4,CHARGING
0x3FA040B0,1067466928,0x3FA040B0,0x3F,1,Integer?,READ,4,CHARGING
0x3FA040BA,1067466938,0x3FA040BA,0x3F,1,Integer?,READ,4,CHARGING
0x3FA040C5,1067466949,0x3FA040C5,0x3F,1,Integer?,READ,4,CHARGING
0x3FA040D0,1067466960,0x3FA040D0,0x3F,1,Integer?,READ,4,CHARGING
0x3FA040D9,1067466969,0x3FA040D9,0x3F,1,Integer?,READ,4,CHARGING
0x3FA040E2,1067466978,0x3FA040E2,0x3F,1,Integer?,READ,4,CHARGING
0x3FA040EA,1067466986,0x3FA040EA,0x3F,1,Integer?,READ,4,CHARGING
0x3FA040F3,1067466995,0x3FA040F3,0x3F,1,Integer?,READ,4,CHARGING
0x3FA040FC,1067467004,0x3FA040FC,0x3F,1,Integer?,READ,4,CHARGING
0x3FA04104,1067467012,0x3FA04104,0x3F,1,Integer?,READ,4,CHARGING
0x3FA0410E,1067467022,0x3FA0410E,0x3F,1,Integer?,READ,4,CHARGING
0x3FA04119,1067467033,0x3FA04119,0x3F,1,Integer?,READ,4,CHARGING
0x3FA04124,1067467044,0x3FA04124,0x3F,1,Integer?,READ,4,CHARGING
0x3FA0412D,1067467053,0x3FA0412D,0x3F,1,Integer?,READ,,(unset)
0x3FA0412F,1067467055,0x3FA0412F,0x3F,1,Integer?,READ,,(unset)
0x3FA04137,1067467063,0x3FA04137,0x3F,1,Integer?,READ,,(unset)
0x3FA04139,1067467065,0x3FA04139,0x3F,1,Integer?,READ,,(unset)
0x3FA04140,1067467072,0x3FA04140,0x3F,1,Integer?,READ,,(unset)
0x3FA04141,1067467073,0x3FA04141,0x3F,1,Integer?,READ,,(unset)
0x3FA04148,1067467080,0x3FA04148,0x3F,1,Integer?,READ,,(unset)
0x3FA0414B,1067467083,0x3FA0414B,0x3F,1,Integer?,READ,,(unset)
0x3FA04152,1067467090,0x3FA04152,0x3F,1,Integer?,READ,,(unset)
0x3FA04155,1067467093,0x3FA04155,0x3F,1,Integer?,READ,,(unset)
0x3FA0415C,1067467100,0x3FA0415C,0x3F,1,Integer?,READ,,(unset)
0x3FA0415D,1067467101,0x3FA0415D,0x3F,1,Integer?,READ,,(unset)
0x3FA04164,1067467108,0x3FA04164,0x3F,1,Integer?,READ,,(unset)
0x3FA04169,1067467113,0x3FA04169,0x3F,1,Integer?,READ,,(unset)
0x3FA04170,1067467120,0x3FA04170,0x3F,1,Integer?,READ,4,CHARGING
0x3FA0417C,1067467132,0x3FA0417C,0x3F,1,Integer?,READ,4,CHARGING
0x3FA04187,1067467143,0x3FA04187,0x3F,1,Integer?,READ,4,CHARGING
0x3FA04192,1067467154,0x3FA04192,0x3F,1,Integer?,READ,,(unset)
0x3FA04199,1067467161,0x3FA04199,0x3F,1,Integer?,READ,,(unset)
0x3FA041A0,1067467168,0x3FA041A0,0x3F,1,Integer?,READ,4,CHARGING
0x3FA041A6,1067467174,0x3FA041A6,0x3F,1,Integer?,READ,,(unset)
0x3FA041AD,1067467181,0x3FA041AD,0x3F,1,Integer?,READ,4,CHARGING
0x3FA041B6,1067467190,0x3FA041B6,0x3F,1,Integer?,READ,,(unset)
0x3FA041BD,1067467197,0x3FA041BD,0x3F,1,Integer?,READ,,(unset)
0x3FA041C4,1067467204,0x3FA041C4,0x3F,1,Integer?,READ,,(unset)
0x3FA041CB,1067467211,0x3FA041CB,0x3F,1,Integer?,READ,,(unset)
0x3FA041D2,1067467218,0x3FA041D2,0x3F,1,Integer?,READ,4,CHARGING
0x3FA041DC,1067467228,0x3FA041DC,0x3F,1,Integer?,READ,4,CHARGING
0x3FA041E4,1067467236,0x3FA041E4,0x3F,1,Integer?,READ,4,CHARGING
0x3FA041EA,1067467242,0x3FA041EA,0x3F,1,Integer?,READ,4,CHARGING
0x3FA041F0,1067467248,0x3FA041F0,0x3F,1,Integer?,READ,,(unset)
0x3FA041F7,1067467255,0x3FA041F7,0x3F,1,Integer?,READ,,(unset)
0x3FA041FE,1067467262,0x3FA041FE,0x3F,1,Integer?,READ,,(unset)
0x3FB00000,1068498944,0x3FB00000,0x3F,2,Long?,READ,,(unset)
0x3FB00010,1068498960,0x3FB00010,0x3F,2,Long?,READ,,(unset)
0x3FB00012,1068498962,0x3FB00012,0x3F,2,Long?,READ,,(unset)
0x3FD00014,1070596116,0x3FD00014,0x3F,9,?9,READ,,(unset)
0x3FE00000,1071644672,0x3FE00000,0x3F,2,Long?,READ,,(unset)
0x3FE0000A,1071644682,0x3FE0000A,0x3F,17,?17,READ,,(unset)
0x3FE0000C,1071644684,0x3FE0000C,0x3F,17,?17,READ,,(unset)
0x3FE0000E,1071644686,0x3FE0000E,0x3F,17,?17,READ,,(unset)
0x3FE00010,1071644688,0x3FE00010,0x3F,17,?17,READ,,(unset)
0x3FE00012,1071644690,0x3FE00012,0x3F,17,?17,READ,,(unset)
0x3FE00014,1071644692,0x3FE00014,0x3F,17,?17,READ,,(unset)
0x3FE00016,1071644694,0x3FE00016,0x3F,17,?17,READ,,(unset)
0x3FE00018,1071644696,0x3FE00018,0x3F,17,?17,READ,,(unset)
0x3FE0001B,1071644699,0x3FE0001B,0x3F,17,?17,READ,,(unset)
0x3FF00000,1072693248,0x3FF00000,0x3F,1,Integer?,READ,,(unset)
0x3FF00008,1072693256,0x3FF00008,0x3F,1,Integer?,READ,,(unset)
0x3FF00009,1072693257,0x3FF00009,0x3F,1,Integer?,READ,,(unset)
0x3FF0000A,1072693258,0x3FF0000A,0x3F,1,Integer?,READ,,(unset)
0x3FF0000E,1072693262,0x3FF0000E,0x3F,1,Integer?,READ,,(unset)
0x3FF0000F,1072693263,0x3FF0000F,0x3F,12,?12,READ,,(unset)
0x3FF0000F,1072693263,0x3FF0000F,0x3F,1,Integer?,READ,,(unset)
0x3FF00010,1072693264,0x3FF00010,0x3F,17,?17,READ,,(unset)
0x3FF00018,1072693272,0x3FF00018,0x3F,11,?,READ,,(unset)
0x3FF00026,1072693286,0x3FF00026,0x3F,1,Integer?,READ,,(unset)
0x3FF00028,1072693288,0x3FF00028,0x3F,11,?,READ,,(unset)
0x3FF0002B,1072693291,0x3FF0002B,0x3F,1,Integer?,READ,,(unset)
0x3FF0002D,1072693293,0x3FF0002D,0x3F,1,Integer?,READ,,(unset)
0x3FF00030,1072693296,0x3FF00030,0x3F,1,Integer?,READ,,(unset)
0x3FF00035,1072693301,0x3FF00035,0x3F,1,Integer?,READ,,(unset)
0x3FF00036,1072693302,0x3FF00036,0x3F,11,?,READ,,(unset)
0x3FF0003B,1072693307,0x3FF0003B,0x3F,1,Integer?,READ,,(unset)
0x3FF00040,1072693312,0x3FF00040,0x3F,1,Integer?,READ,,(unset)
0x3FF00043,1072693315,0x3FF00043,0x3F,1,Integer?,READ,,(unset)
0x3FF00046,1072693318,0x3FF00046,0x3F,1,Integer?,READ,,(unset)
0x3FF00046,1072693318,0x3FF00046,0x3F,,?,READ,,(unset)
0x3FF00047,1072693319,0x3FF00047,0x3F,,?,READ,,(unset)
0x3FF00165,1072693605,0x3FF00165,0x3F,11,?,READ,,(unset)
0x40100000,1074790400,0x40100000,0x40,2,Long?,READ,,(unset)
0x40100008,1074790408,0x40100008,0x40,1,Integer?,READ,,(unset)
0x40100010,1074790416,0x40100010,0x40,2,Long?,READ,,(unset)
0x40100012,1074790418,0x40100012,0x40,2,Long?,READ,,(unset)
0x4010001B,1074790427,0x4010001B,0x40,1,Integer?,READ,,(unset)
0x4010001C,1074790428,0x4010001C,0x40,2,Long?,READ,,(unset)
0x40100022,1074790434,0x40100022,0x40,2,Long?,READ,,(unset)
0x40100036,1074790454,0x40100036,0x40,2,Long?,READ,,(unset)
0x40100038,1074790456,0x40100038,0x40,2,Long?,READ,,(unset)
0x40200000,1075838976,0x40200000,0x40,2,Long?,READ,,(unset)
0x4020000C,1075838988,0x4020000C,0x40,1,Integer?,READ,,(unset)
0x40200010,1075838992,0x40200010,0x40,1,Integer?,READ,,(unset)
0x4020001B,1075839003,0x4020001B,0x40,1,Integer?,READ,,(unset)
0x40200023,1075839011,0x40200023,0x40,1,Integer?,READ,,(unset)
0x40200024,1075839012,0x40200024,0x40,1,Integer?,READ,,(unset)
0x40200025,1075839013,0x40200025,0x40,1,Integer?,READ,,(unset)
0x40200026,1075839014,0x40200026,0x40,1,Integer?,READ,,(unset)
0x40200027,1075839015,0x40200027,0x40,1,Integer?,READ,,(unset)
0x40200037,1075839031,0x40200037,0x40,1,Integer?,READ,,(unset)
0x4020003C,1075839036,0x4020003C,0x40,1,Integer?,READ,,(unset)
0x4020003D,1075839037,0x4020003D,0x40,2,Long?,READ,,(unset)
0x4020003E,1075839038,0x4020003E,0x40,2,Long?,READ,,(unset)
0x40200040,1075839040,0x40200040,0x40,1,Integer?,READ,,(unset)
0x40200044,1075839044,0x40200044,0x40,1,Integer?,READ,,(unset)
0x40200046,1075839046,0x40200046,0x40,1,Integer?,READ,,(unset)
0x40333010,1077096464,0x40333010,0x40,2,Long?,READ,1,SETTING
0x40334013,1077100563,0x40334013,0x40,2,Long?,READ,,(unset)
0x40335020,1077104672,0x40335020,0x40,2,Long?,READ,,(unset)
0x40335028,1077104680,0x40335028,0x40,2,Long?,READ,,(unset)
0x40335030,1077104688,0x40335030,0x40,2,Long?,READ,,(unset)
0x40350010,1077215248,0x40350010,0x40,3,Float?,READ,,(unset)
0x40350012,1077215250,0x40350012,0x40,3,Float?,READ,,(unset)
0x40350015,1077215253,0x40350015,0x40,3,Float?,READ,,(unset)
0x4035001A,1077215258,0x4035001A,0x40,2,Long?,READ,,(unset)
0x4035001D,1077215261,0x4035001D,0x40,3,Float?,READ,,(unset)
0x40350020,1077215264,0x40350020,0x40,2,Long?,READ,,(unset)
0x40351010,1077219344,0x40351010,0x40,3,Float?,READ,,(unset)
0x40351012,1077219346,0x40351012,0x40,3,Float?,READ,,(unset)
0x4036B020,1077325856,0x4036B020,0x40,2,Long?,READ,,(unset)
0x4036B030,1077325872,0x4036B030,0x40,2,Long?,READ,,(unset)
0x4036C010,1077329936,0x4036C010,0x40,3,Float?,READ,1,SETTING
0x4036D010,1077334032,0x4036D010,0x40,3,Float?,READ,,(unset)
0x40400000,1077936128,0x40400000,0x40,13,?13,READ,,(unset)
0x40400009,1077936137,0x40400009,0x40,13,?13,READ,,(unset)
0x4040000A,1077936138,0x4040000A,0x40,13,?13,READ,,(unset)
0x4040000B,1077936139,0x4040000B,0x40,13,?13,READ,,(unset)
0x4040000C,1077936140,0x4040000C,0x40,13,?13,READ,,(unset)
0x4040000D,1077936141,0x4040000D,0x40,13,?13,READ,,(unset)
0x40400010,1077936144,0x40400010,0x40,13,?13,READ,,(unset)
0x40400012,1077936146,0x40400012,0x40,13,?13,READ,,(unset)
0x40400014,1077936148,0x40400014,0x40,13,?13,READ,,(unset)
0x40400016,1077936150,0x40400016,0x40,13,?13,READ,,(unset)
0x40400018,1077936152,0x40400018,0x40,13,?13,READ,,(unset)
0x4040001C,1077936156,0x4040001C,0x40,13,?13,READ,,(unset)
0x40400020,1077936160,0x40400020,0x40,13,?13,READ,,(unset)
0x40400022,1077936162,0x40400022,0x40,13,?13,READ,,(unset)
0x40400024,1077936164,0x40400024,0x40,13,?13,READ,,(unset)
0x40400027,1077936167,0x40400027,0x40,13,?13,READ,,(unset)
0x40400028,1077936168,0x40400028,0x40,13,?13,READ,,(unset)
0x40400030,1077936176,0x40400030,0x40,13,?13,READ,,(unset)
0x40400038,1077936184,0x40400038,0x40,13,?13,READ,,(unset)
0x40400040,1077936192,0x40400040,0x40,13,?13,READ,,(unset)
0x40400042,1077936194,0x40400042,0x40,2,Long?,READ,,(unset)
0x40500000,1078984704,0x40500000,0x40,2,Long?,READ,,(unset)
0x406000F0,1080033520,0x406000F0,0x40,2,Long?,READ,,(unset)
0x40601000,1080037376,0x40601000,0x40,2,Long?,READ,,(unset)
0x40601010,1080037392,0x40601010,0x40,2,Long?,READ,,(unset)
0x40601012,1080037394,0x40601012,0x40,2,Long?,READ,,(unset)
0x40601014,1080037396,0x40601014,0x40,2,Long?,READ,,(unset)
0x40601016,1080037398,0x40601016,0x40,2,Long?,READ,,(unset)
0x40601018,1080037400,0x40601018,0x40,2,Long?,READ,,(unset)
0x4060101A,1080037402,0x4060101A,0x40,2,Long?,READ,,(unset)
0x4060101C,1080037404,0x4060101C,0x40,2,Long?,READ,,(unset)
0x4060101E,1080037406,0x4060101E,0x40,2,Long?,READ,,(unset)
0x40601020,1080037408,0x40601020,0x40,2,Long?,READ,,(unset)
0x40601022,1080037410,0x40601022,0x40,2,Long?,READ,,(unset)
0x40601024,1080037412,0x40601024,0x40,2,Long?,READ,,(unset)
0x40601028,1080037416,0x40601028,0x40,2,Long?,READ,,(unset)
0x40601030,1080037424,0x40601030,0x40,2,Long?,READ,,(unset)
0x40601038,1080037432,0x40601038,0x40,2,Long?,READ,,(unset)
0x40603018,1080045592,0x40603018,0x40,1,Integer?,READ,,(unset)
0x40700000,1081081856,0x40700000,0x40,2,Long?,READ,,(unset)
0x40700008,1081081864,0x40700008,0x40,16,?,READ,,(unset)
0x4070000A,1081081866,0x4070000A,0x40,2,Long?,READ,,(unset)
0x4070000C,1081081868,0x4070000C,0x40,2,Long?,READ,,(unset)
0x4070000E,1081081870,0x4070000E,0x40,2,Long?,READ,,(unset)
0x40700014,1081081876,0x40700014,0x40,1,Integer?,READ,,(unset)
0x40700016,1081081878,0x40700016,0x40,1,Integer?,READ,,(unset)
0x4070001A,1081081882,0x4070001A,0x40,1,Integer?,READ,,(unset)
0x4070001C,1081081884,0x4070001C,0x40,1,Integer?,READ,,(unset)
0x4070001E,1081081886,0x4070001E,0x40,34,?,READ,,(unset)
0x40700028,1081081896,0x40700028,0x40,4,Double?,READ,,(unset)
0x4070002A,1081081898,0x4070002A,0x40,4,Double?,READ,,(unset)
0x40700036,1081081910,0x40700036,0x40,1,Integer?,READ,,(unset)
0x40700041,1081081921,0x40700041,0x40,1,Integer?,READ,,(unset)
0x40800000,1082130432,0x40800000,0x40,2,Long?,READ,,(unset)
0x40800008,1082130440,0x40800008,0x40,13,?13,READ,,(unset)
0x40800010,1082130448,0x40800010,0x40,2,Long?,READ,,(unset)
0x40800013,1082130451,0x40800013,0x40,2,Long?,READ,,(unset)
0x40B10010,1085341712,0x40B10010,0x40,1,Integer?,READ,,(unset)
0x40C0101E,1086328862,0x40C0101E,0x40,14,?,READ,,(unset)
0x40C01030,1086328880,0x40C01030,0x40,13,?13,READ,,(unset)
0x40C0103B,1086328891,0x40C0103B,0x40,3,Float?,READ,,(unset)
0x40C03012,1086337042,0x40C03012,0x40,3,Float?,READ,,(unset)
0x40C03014,1086337044,0x40C03014,0x40,1,Integer?,READ,,(unset)
0x40C03018,1086337048,0x40C03018,0x40,3,Float?,READ,,(unset)
0x40C03020,1086337056,0x40C03020,0x40,3,Float?,READ,,(unset)
0x40C0302E,1086337070,0x40C0302E,0x40,1,Integer?,READ,,(unset)
0x40C03032,1086337074,0x40C03032,0x40,3,Float?,READ,,(unset)
0x40C03035,1086337077,0x40C03035,0x40,3,Float?,READ,,(unset)
0x40C03046,1086337094,0x40C03046,0x40,14,?,READ,,(unset)
0x40C0401E,1086341150,0x40C0401E,0x40,1,Integer?,READ,,(unset)
0x40C06018,1086349336,0x40C06018,0x40,3,Float?,READ,,(unset)
0x40C06034,1086349364,0x40C06034,0x40,3,Float?,READ,,(unset)
0x40C07000,1086353408,0x40C07000,0x40,2,Long?,READ,,(unset)
0x40C07010,1086353424,0x40C07010,0x40,3,Float?,READ,,(unset)
0x40C07015,1086353429,0x40C07015,0x40,3,Float?,READ,,(unset)
0x40C07018,1086353432,0x40C07018,0x40,3,Float?,READ,,(unset)
0x40C0B010,1086369808,0x40C0B010,0x40,3,Float?,READ,,(unset)
0x40C0B013,1086369811,0x40C0B013,0x40,3,Float?,READ,,(unset)
0x40C0B016,1086369814,0x40C0B016,0x40,3,Float?,READ,,(unset)
0x40C0B01A,1086369818,0x40C0B01A,0x40,3,Float?,READ,,(unset)
0x40C0B01C,1086369820,0x40C0B01C,0x40,3,Float?,READ,,(unset)
0x40C0B01E,1086369822,0x40C0B01E,0x40,3,Float?,READ,,(unset)
0x40C0B020,1086369824,0x40C0B020,0x40,3,Float?,READ,,(unset)
0x40C0B022,1086369826,0x40C0B022,0x40,1,Integer?,READ,,(unset)
0x40D00000,1087373312,0x40D00000,0x40,2,Long?,READ,,(unset)
0x40D00008,1087373320,0x40D00008,0x40,6,?,READ,4,CHARGING
0x40D00010,1087373328,0x40D00010,0x40,2,Long?,READ,,(unset)
0x40D00018,1087373336,0x40D00018,0x40,5,?,READ,,(unset)
0x40D00020,1087373344,0x40D00020,0x40,5,?,READ,,(unset)
0x40D00026,1087373350,0x40D00026,0x40,1,Integer?,READ,,(unset)
0x40D00028,1087373352,0x40D00028,0x40,6,?,READ,,(unset)
0x4100000D,1090519053,0x4100000D,0x41,12,?12,READ,,(unset)
0x41000010,1090519056,0x41000010,0x41,2,Long?,READ,,(unset)
0x41000024,1090519076,0x41000024,0x41,11,?,READ,,(unset)
0x41700000,1097859072,0x41700000,0x41,2,Long?,READ,,(unset)
0x41700008,1097859080,0x41700008,0x41,33,?,READ,,(unset)
0x41700009,1097859081,0x41700009,0x41,33,?,READ,,(unset)
0x4170000A,1097859082,0x4170000A,0x41,33,?,READ,,(unset)
0x4170000B,1097859083,0x4170000B,0x41,33,?,READ,,(unset)
0x4170000E,1097859086,0x4170000E,0x41,33,?,READ,,(unset)
0x41700010,1097859088,0x41700010,0x41,33,?,READ,,(unset)
0x41800000,1098907648,0x41800000,0x41,12,?12,READ,,(unset)
0x41800008,1098907656,0x41800008,0x41,12,?12,READ,,(unset)
0x41800010,1098907664,0x41800010,0x41,12,?12,READ,,(unset)
0x41800012,1098907666,0x41800012,0x41,12,?12,READ,,(unset)
0x41800014,1098907668,0x41800014,0x41,12,?12,READ,,(unset)
0x41800015,1098907669,0x41800015,0x41,12,?12,READ,,(unset)
0x41800016,1098907670,0x41800016,0x41,12,?12,READ,,(unset)
0x41800018,1098907672,0x41800018,0x41,12,?12,READ,,(unset)
0x4180001A,1098907674,0x4180001A,0x41,12,?12,READ,,(unset)
0x4180001C,1098907676,0x4180001C,0x41,12,?12,READ,,(unset)
0x4180001E,1098907678,0x4180001E,0x41,12,?12,READ,,(unset)
0x41800020,1098907680,0x41800020,0x41,12,?12,READ,,(unset)
0x41800022,1098907682,0x41800022,0x41,12,?12,READ,,(unset)
0x41800028,1098907688,0x41800028,0x41,12,?12,READ,,(unset)
0x4180002C,1098907692,0x4180002C,0x41,12,?12,READ,,(unset)
0x4180002E,1098907694,0x4180002E,0x41,12,?12,READ,,(unset)
0x41800038,1098907704,0x41800038,0x41,12,?12,READ,,(unset)
0x41A00000,1101004800,0x41A00000,0x41,2,Long?,READ,,(unset)
0x41A00008,1101004808,0x41A00008,0x41,2,Long?,READ,,(unset)
0x41A00010,1101004816,0x41A00010,0x41,2,Long?,READ,,(unset)
0x41A00018,1101004824,0x41A00018,0x41,2,Long?,READ,,(unset)
0x41A0001A,1101004826,0x41A0001A,0x41,2,Long?,READ,,(unset)
0x41A0001C,1101004828,0x41A0001C,0x41,2,Long?,READ,,(unset)
0x41A00020,1101004832,0x41A00020,0x41,2,Long?,READ,,(unset)
0x41A00023,1101004835,0x41A00023,0x41,2,Long?,READ,,(unset)
0x41A0002C,1101004844,0x41A0002C,0x41,2,Long?,READ,,(unset)
0x41A0002F,1101004847,0x41A0002F,0x41,2,Long?,READ,,(unset)
0x41A00030,1101004848,0x41A00030,0x41,2,Long?,READ,,(unset)
0x41A00034,1101004852,0x41A00034,0x41,2,Long?,READ,,(unset)
0x41A00038,1101004856,0x41A00038,0x41,2,Long?,READ,,(unset)
0x41A00039,1101004857,0x41A00039,0x41,2,Long?,READ,,(unset)
0x41A0003C,1101004860,0x41A0003C,0x41,2,Long?,READ,,(unset)
0x41A00040,1101004864,0x41A00040,0x41,2,Long?,READ,,(unset)
0x41C00000,1103101952,0x41C00000,0x41,2,Long?,READ,,(unset)
0x41C00008,1103101960,0x41C00008,0x41,1,Integer?,READ,,(unset)
0x41C0000B,1103101963,0x41C0000B,0x41,1,Integer?,READ,,(unset)
0x41C00010,1103101968,0x41C00010,0x41,2,Long?,READ,,(unset)
0x41C00011,1103101969,0x41C00011,0x41,2,Long?,READ,,(unset)
0x41C00012,1103101970,0x41C00012,0x41,2,Long?,READ,,(unset)
0x41C00013,1103101971,0x41C00013,0x41,2,Long?,READ,,(unset)
0x41C00018,1103101976,0x41C00018,0x41,1,Integer?,READ,,(unset)
0x41C00022,1103101986,0x41C00022,0x41,1,Integer?,READ,,(unset)
0x41E00000,1105199104,0x41E00000,0x41,2,Long?,READ,,(unset)
0x41E00008,1105199112,0x41E00008,0x41,4,Double?,READ,,(unset)
0x41E00009,1105199113,0x41E00009,0x41,4,Double?,READ,,(unset)
0x41E0000B,1105199115,0x41E0000B,0x41,4,Double?,READ,,(unset)
0x41E00010,1105199120,0x41E00010,0x41,4,Double?,READ,,(unset)
0x41E00012,1105199122,0x41E00012,0x41,4,Double?,READ,,(unset)
0x41E00014,1105199124,0x41E00014,0x41,4,Double?,READ,,(unset)
0x41E0001C,1105199132,0x41E0001C,0x41,4,Double?,READ,,(unset)
0x41E00020,1105199136,0x41E00020,0x41,4,Double?,READ,,(unset)
0x41E00024,1105199140,0x41E00024,0x41,4,Double?,READ,,(unset)
0x41E00028,1105199144,0x41E00028,0x41,4,Double?,READ,,(unset)
0x41E00030,1105199152,0x41E00030,0x41,4,Double?,READ,,(unset)
0x41E00038,1105199160,0x41E00038,0x41,4,Double?,READ,,(unset)
0x41E00040,1105199168,0x41E00040,0x41,4,Double?,READ,,(unset)
0x41F00000,1106247680,0x41F00000,0x41,2,Long?,READ,,(unset)
0x41F00008,1106247688,0x41F00008,0x41,1,Integer?,READ,,(unset)
0x41F0000C,1106247692,0x41F0000C,0x41,1,Integer?,READ,,(unset)
0x41F0000E,1106247694,0x41F0000E,0x41,1,Integer?,READ,,(unset)
0x41F00010,1106247696,0x41F00010,0x41,1,Integer?,READ,,(unset)
0x41F00018,1106247704,0x41F00018,0x41,1,Integer?,READ,,(unset)
0x41F0001A,1106247706,0x41F0001A,0x41,1,Integer?,READ,,(unset)
0x420A1010,1107955728,0x420A1010,0x42,3,Float?,READ,,(unset)
0x420B1010,1108021264,0x420B1010,0x42,3,Float?,READ,,(unset)
0x420C1010,1108086800,0x420C1010,0x42,3,Float?,READ,,(unset)
0x420D1010,1108152336,0x420D1010,0x42,3,Float?,READ,,(unset)
0x42100010,1108344848,0x42100010,0x42,23,?23,READ,,(unset)
0x42100014,1108344852,0x42100014,0x42,23,?23,READ,,(unset)
0x42100018,1108344856,0x42100018,0x42,23,?23,READ,,(unset)
0x4210001C,1108344860,0x4210001C,0x42,23,?23,READ,,(unset)
0x4210001E,1108344862,0x4210001E,0x42,23,?23,READ,,(unset)
0x42100020,1108344864,0x42100020,0x42,23,?23,READ,,(unset)
0x42100023,1108344867,0x42100023,0x42,23,?23,READ,,(unset)
0x42100024,1108344868,0x42100024,0x42,23,?23,READ,,(unset)
0x42100028,1108344872,0x42100028,0x42,23,?23,READ,,(unset)
0x4210002A,1108344874,0x4210002A,0x42,23,?23,READ,,(unset)
0x4210002F,1108344879,0x4210002F,0x42,23,?23,READ,,(unset)
0x42100034,1108344884,0x42100034,0x42,23,?23,READ,,(unset)
0x42100039,1108344889,0x42100039,0x42,23,?23,READ,,(unset)
0x4210003E,1108344894,0x4210003E,0x42,23,?23,READ,,(unset)
0x42100044,1108344900,0x42100044,0x42,23,?23,READ,,(unset)
0x42400008,1111490568,0x42400008,0x42,23,?23,READ,,(unset)
0x4240000B,1111490571,0x4240000B,0x42,23,?23,READ,,(unset)
0x425001D8,1112539608,0x425001D8,0x42,1,Integer?,READ,,(unset)
0x425001E4,1112539620,0x425001E4,0x42,1,Integer?,READ,,(unset)
0x42900000,1116733440,0x42900000,0x42,2,Long?,READ,,(unset)
0x4290000E,1116733454,0x4290000E,0x42,1,Integer?,READ,,(unset)
0x42900010,1116733456,0x42900010,0x42,1,Integer?,READ,,(unset)
0x42900016,1116733462,0x42900016,0x42,1,Integer?,READ,,(unset)
0x42900018,1116733464,0x42900018,0x42,1,Integer?,READ,,(unset)
0x42900019,1116733465,0x42900019,0x42,1,Integer?,READ,,(unset)
0x42900020,1116733472,0x42900020,0x42,1,Integer?,READ,,(unset)
0x42900038,1116733496,0x42900038,0x42,1,Integer?,READ,,(unset)
0x42B00008,1118830600,0x42B00008,0x42,23,?23,READ,,(unset)
0x42B0000E,1118830606,0x42B0000E,0x42,23,?23,READ,,(unset)
0x42B00010,1118830608,0x42B00010,0x42,23,?23,READ,,(unset)
0x42B00015,1118830613,0x42B00015,0x42,23,?23,READ,,(unset)
0x42B00018,1118830616,0x42B00018,0x42,23,?23,READ,,(unset)
0x42B0001D,1118830621,0x42B0001D,0x42,23,?23,READ,,(unset)
0x42B00020,1118830624,0x42B00020,0x42,23,?23,READ,,(unset)
0x42D0000E,1120927758,0x42D0000E,0x42,13,?13,READ,,(unset)
0x42E00000,1121976320,0x42E00000,0x42,2,Long?,READ,,(unset)
0x42E00008,1121976328,0x42E00008,0x42,1,Integer?,READ,,(unset)
0x42E0000C,1121976332,0x42E0000C,0x42,1,Integer?,READ,,(unset)
0x42E00010,1121976336,0x42E00010,0x42,1,Integer?,READ,,(unset)
0x42E00017,1121976343,0x42E00017,0x42,1,Integer?,READ,,(unset)
0x42E00020,1121976352,0x42E00020,0x42,1,Integer?,READ,,(unset)
0x42E0002B,1121976363,0x42E0002B,0x42,1,Integer?,READ,,(unset)
0x42E0003E,1121976382,0x42E0003E,0x42,17,?17,READ,,(unset)
0x42E0003F,1121976383,0x42E0003F,0x42,1,Integer?,READ,,(unset)
0x42E00040,1121976384,0x42E00040,0x42,1,Integer?,READ,,(unset)
0x42E00044,1121976388,0x42E00044,0x42,17,?17,READ,,(unset)
0x42E00046,1121976390,0x42E00046,0x42,17,?17,READ,,(unset)
0x42F00000,1123024896,0x42F00000,0x42,2,Long?,READ,,(unset)
0x42F0000C,1123024908,0x42F0000C,0x42,1,Integer?,READ,,(unset)
0x42F00010,1123024912,0x42F00010,0x42,1,Integer?,READ,,(unset)
0x42F0001B,1123024923,0x42F0001B,0x42,1,Integer?,READ,,(unset)
0x42F00023,1123024931,0x42F00023,0x42,1,Integer?,READ,,(unset)
0x42F00024,1123024932,0x42F00024,0x42,1,Integer?,READ,,(unset)
0x42F00025,1123024933,0x42F00025,0x42,1,Integer?,READ,,(unset)
0x42F00026,1123024934,0x42F00026,0x42,1,Integer?,READ,,(unset)
0x42F00027,1123024935,0x42F00027,0x42,1,Integer?,READ,,(unset)
0x42F00037,1123024951,0x42F00037,0x42,1,Integer?,READ,,(unset)
0x42F0003C,1123024956,0x42F0003C,0x42,1,Integer?,READ,,(unset)
0x42F0003D,1123024957,0x42F0003D,0x42,2,Long?,READ,,(unset)
0x42F00041,1123024961,0x42F00041,0x42,1,Integer?,READ,,(unset)
0x42F00042,1123024962,0x42F00042,0x42,2,Long?,READ,,(unset)
0x42F00044,1123024964,0x42F00044,0x42,2,Long?,READ,,(unset)
0x42F00046,1123024966,0x42F00046,0x42,1,Integer?,READ,,(unset)
0x43000008,1124073480,0x43000008,0x43,1,Integer?,READ,1,SETTING
0x43200000,1126170624,0x43200000,0x43,2,Long?,READ,,(unset)
0x43200008,1126170632,0x43200008,0x43,12,?12,READ,,(unset)
0x43200009,1126170633,0x43200009,0x43,12,?12,READ,,(unset)
0x4320000A,1126170634,0x4320000A,0x43,12,?12,READ,,(unset)
0x4320000B,1126170635,0x4320000B,0x43,12,?12,READ,,(unset)
0x4320000C,1126170636,0x4320000C,0x43,12,?12,READ,,(unset)
0x4320000D,1126170637,0x4320000D,0x43,12,?12,READ,,(unset)
0x4320000E,1126170638,0x4320000E,0x43,12,?12,READ,,(unset)
0x4320000F,1126170639,0x4320000F,0x43,12,?12,READ,,(unset)
0x43200010,1126170640,0x43200010,0x43,12,?12,READ,,(unset)
0x43200014,1126170644,0x43200014,0x43,12,?12,READ,,(unset)
0x43200015,1126170645,0x43200015,0x43,12,?12,READ,,(unset)
0x43200016,1126170646,0x43200016,0x43,12,?12,READ,,(unset)
0x43200017,1126170647,0x43200017,0x43,12,?12,READ,,(unset)
0x43200018,1126170648,0x43200018,0x43,12,?12,READ,,(unset)
0x43200019,1126170649,0x43200019,0x43,12,?12,READ,,(unset)
0x4320001A,1126170650,0x4320001A,0x43,12,?12,READ,,(unset)
0x4320001B,1126170651,0x4320001B,0x43,12,?12,READ,,(unset)
0x4320001C,1126170652,0x4320001C,0x43,12,?12,READ,,(unset)
0x4320001D,1126170653,0x4320001D,0x43,12,?12,READ,,(unset)
0x4320001E,1126170654,0x4320001E,0x43,12,?12,READ,,(unset)
0x4320001F,1126170655,0x4320001F,0x43,12,?12,READ,,(unset)
0x43200020,1126170656,0x43200020,0x43,12,?12,READ,,(unset)
0x43200024,1126170660,0x43200024,0x43,1,Integer?,READ,,(unset)
0x43200026,1126170662,0x43200026,0x43,12,?12,READ,,(unset)
0x43200028,1126170664,0x43200028,0x43,12,?12,READ,,(unset)
0x4320002A,1126170666,0x4320002A,0x43,12,?12,READ,,(unset)
0x4320002C,1126170668,0x4320002C,0x43,12,?12,READ,,(unset)
0x4320002E,1126170670,0x4320002E,0x43,12,?12,READ,,(unset)
0x43200030,1126170672,0x43200030,0x43,12,?12,READ,,(unset)
0x43200032,1126170674,0x43200032,0x43,12,?12,READ,,(unset)
0x43200036,1126170678,0x43200036,0x43,12,?12,READ,,(unset)
0x43200038,1126170680,0x43200038,0x43,12,?12,READ,,(unset)
0x4320003A,1126170682,0x4320003A,0x43,12,?12,READ,,(unset)
0x4320003C,1126170684,0x4320003C,0x43,12,?12,READ,,(unset)
0x4320003E,1126170686,0x4320003E,0x43,12,?12,READ,,(unset)
0x43200040,1126170688,0x43200040,0x43,12,?12,READ,,(unset)
0x43278BA8,1126665128,0x43278BA8,0x43,1,Integer?,READ,,(unset)
0x43300000,1127219200,0x43300000,0x43,2,Long?,READ,,(unset)
0x43300008,1127219208,0x43300008,0x43,13,?13,READ,,(unset)
0x4330000A,1127219210,0x4330000A,0x43,13,?13,READ,,(unset)
0x4330000E,1127219214,0x4330000E,0x43,13,?13,READ,,(unset)
0x43300010,1127219216,0x43300010,0x43,13,?13,READ,,(unset)
0x43300012,1127219218,0x43300012,0x43,13,?13,READ,,(unset)
0x43300014,1127219220,0x43300014,0x43,13,?13,READ,,(unset)
0x43300017,1127219223,0x43300017,0x43,13,?13,READ,,(unset)
0x43300018,1127219224,0x43300018,0x43,13,?13,READ,,(unset)
0x4330001A,1127219226,0x4330001A,0x43,1,Integer?,READ,,(unset)
0x4330001C,1127219228,0x4330001C,0x43,13,?13,READ,,(unset)
0x4330001E,1127219230,0x4330001E,0x43,13,?13,READ,,(unset)
0x43300020,1127219232,0x43300020,0x43,13,?13,READ,,(unset)
0x43300023,1127219235,0x43300023,0x43,13,?13,READ,,(unset)
0x43300025,1127219237,0x43300025,0x43,26,?,READ,,(unset)
0x43300028,1127219240,0x43300028,0x43,13,?13,READ,,(unset)
0x4330002A,1127219242,0x4330002A,0x43,13,?13,READ,,(unset)
0x4330002C,1127219244,0x4330002C,0x43,13,?13,READ,,(unset)
0x43300030,1127219248,0x43300030,0x43,13,?13,READ,,(unset)
0x43300034,1127219252,0x43300034,0x43,13,?13,READ,,(unset)
0x4330003F,1127219263,0x4330003F,0x43,13,?13,READ,,(unset)
0x43400000,1128267776,0x43400000,0x43,13,?13,READ,,(unset)
0x43400008,1128267784,0x43400008,0x43,1,Integer?,READ,,(unset)
0x4340000A,1128267786,0x4340000A,0x43,1,Integer?,READ,,(unset)
0x43400013,1128267795,0x43400013,0x43,3,Float?,READ,,(unset)
0x43400015,1128267797,0x43400015,0x43,10,?,READ,,(unset)
0x4340001C,1128267804,0x4340001C,0x43,3,Float?,READ,,(unset)
0x43400020,1128267808,0x43400020,0x43,3,Float?,READ,,(unset)
0x43400024,1128267812,0x43400024,0x43,3,Float?,READ,,(unset)
0x43400028,1128267816,0x43400028,0x43,16,?,READ,4,CHARGING
0x43400030,1128267824,0x43400030,0x43,16,?,READ,,(unset)
0x43400031,1128267825,0x43400031,0x43,13,?13,READ,,(unset)
0x43400032,1128267826,0x43400032,0x43,13,?13,READ,,(unset)
0x43400035,1128267829,0x43400035,0x43,10,?,READ,,(unset)
0x43400038,1128267832,0x43400038,0x43,13,?13,READ,,(unset)
0x43600000,1130364928,0x43600000,0x43,2,Long?,READ,,(unset)
0x43600008,1130364936,0x43600008,0x43,1,Integer?,READ,,(unset)
0x4360000A,1130364938,0x4360000A,0x43,1,Integer?,READ,,(unset)
0x43600012,1130364946,0x43600012,0x43,1,Integer?,READ,,(unset)
0x43600014,1130364948,0x43600014,0x43,1,Integer?,READ,,(unset)
0x43600016,1130364950,0x43600016,0x43,1,Integer?,READ,,(unset)
0x43600018,1130364952,0x43600018,0x43,1,Integer?,READ,,(unset)
0x43600022,1130364962,0x43600022,0x43,1,Integer?,READ,,(unset)
0x43600024,1130364964,0x43600024,0x43,1,Integer?,READ,,(unset)
0x43600028,1130364968,0x43600028,0x43,1,Integer?,READ,,(unset)
0x4360002A,1130364970,0x4360002A,0x43,1,Integer?,READ,,(unset)
0x43700000,1131413504,0x43700000,0x43,2,Long?,READ,,(unset)
0x43700018,1131413528,0x43700018,0x43,1,Integer?,READ,,(unset)
0x4370001C,1131413532,0x4370001C,0x43,1,Integer?,READ,,(unset)
0x43700020,1131413536,0x43700020,0x43,2,Long?,READ,,(unset)
0x43700023,1131413539,0x43700023,0x43,1,Integer?,READ,,(unset)
0x43700028,1131413544,0x43700028,0x43,1,Integer?,READ,,(unset)
0x43700030,1131413552,0x43700030,0x43,2,Long?,READ,,(unset)
0x43700033,1131413555,0x43700033,0x43,2,Long?,READ,,(unset)
0x43700036,1131413558,0x43700036,0x43,2,Long?,READ,,(unset)
0x43700038,1131413560,0x43700038,0x43,1,Integer?,READ,,(unset)
0x43700039,1131413561,0x43700039,0x43,1,Integer?,READ,,(unset)
0x4370003E,1131413566,0x4370003E,0x43,2,Long?,READ,,(unset)
0x43700046,1131413574,0x43700046,0x43,2,Long?,READ,,(unset)
0x43800000,1132462080,0x43800000,0x43,2,Long?,READ,,(unset)
0x43800008,1132462088,0x43800008,0x43,15,?,READ,,(unset)
0x4380000A,1132462090,0x4380000A,0x43,15,?,READ,,(unset)
0x4380000C,1132462092,0x4380000C,0x43,15,?,READ,,(unset)
0x4380000E,1132462094,0x4380000E,0x43,15,?,READ,,(unset)
0x43800010,1132462096,0x43800010,0x43,15,?,READ,,(unset)
0x43800012,1132462098,0x43800012,0x43,15,?,READ,,(unset)
0x43800014,1132462100,0x43800014,0x43,15,?,READ,,(unset)
0x43800016,1132462102,0x43800016,0x43,15,?,READ,,(unset)
0x43800018,1132462104,0x43800018,0x43,15,?,READ,,(unset)
0x4380001A,1132462106,0x4380001A,0x43,15,?,READ,,(unset)
0x4380001C,1132462108,0x4380001C,0x43,4,Double?,READ,,(unset)
0x43800020,1132462112,0x43800020,0x43,4,Double?,READ,,(unset)
0x43800022,1132462114,0x43800022,0x43,4,Double?,READ,,(unset)
0x43800024,1132462116,0x43800024,0x43,4,Double?,READ,,(unset)
0x43800026,1132462118,0x43800026,0x43,4,Double?,READ,,(unset)
0x43800028,1132462120,0x43800028,0x43,4,Double?,READ,,(unset)
0x4380002B,1132462123,0x4380002B,0x43,4,Double?,READ,,(unset)
0x43800038,1132462136,0x43800038,0x43,4,Double?,READ,,(unset)
0x43A00008,1134559240,0x43A00008,0x43,2,Long?,READ,,(unset)
0x43A00010,1134559248,0x43A00010,0x43,15,?,READ,,(unset)
0x43A00018,1134559256,0x43A00018,0x43,15,?,READ,,(unset)
0x43A00028,1134559272,0x43A00028,0x43,22,?22,READ,,(unset)
0x43A00030,1134559280,0x43A00030,0x43,,?,READ,,(unset)
0x43B00008,1135607816,0x43B00008,0x43,15,?,READ,,(unset)
0x43B00010,1135607824,0x43B00010,0x43,15,?,READ,,(unset)
0x43B00018,1135607832,0x43B00018,0x43,15,?,READ,,(unset)
0x43B00020,1135607840,0x43B00020,0x43,15,?,READ,,(unset)
0x43B00028,1135607848,0x43B00028,0x43,15,?,READ,,(unset)
0x43B00030,1135607856,0x43B00030,0x43,15,?,READ,,(unset)
0x43B00038,1135607864,0x43B00038,0x43,15,?,READ,,(unset)
0x43D00008,1137704968,0x43D00008,0x43,,?,READ,,(unset)
0x43D00010,1137704976,0x43D00010,0x43,,?,READ,4,CHARGING
0x43D00020,1137704992,0x43D00020,0x43,,?,READ,4,CHARGING
0x43D00030,1137705008,0x43D00030,0x43,,?,READ,4,CHARGING
0x43D00040,1137705024,0x43D00040,0x43,,?,READ,,(unset)
0x43E00000,1138753536,0x43E00000,0x43,2,Long?,READ,,(unset)
0x43F01000,1139806208,0x43F01000,0x43,2,Long?,READ,,(unset)
0x43F41000,1140068352,0x43F41000,0x43,2,Long?,READ,,(unset)
0x43FB1000,1140527104,0x43FB1000,0x43,2,Long?,READ,,(unset)
0x43FC2010,1140596752,0x43FC2010,0x43,3,Float?,READ,1,SETTING
0x43FC3010,1140600848,0x43FC3010,0x43,3,Float?,READ,1,SETTING
0x43FC4010,1140604944,0x43FC4010,0x43,3,Float?,READ,1,SETTING
0x43FC5010,1140609040,0x43FC5010,0x43,3,Float?,READ,1,SETTING
0x43FC6010,1140613136,0x43FC6010,0x43,3,Float?,READ,1,SETTING
0x43FC7010,1140617232,0x43FC7010,0x43,3,Float?,READ,1,SETTING
0x43FC8010,1140621328,0x43FC8010,0x43,3,Float?,READ,1,SETTING
0x43FC9010,1140625424,0x43FC9010,0x43,3,Float?,READ,1,SETTING
0x43FCA010,1140629520,0x43FCA010,0x43,3,Float?,READ,1,SETTING
0x43FCB010,1140633616,0x43FCB010,0x43,3,Float?,READ,1,SETTING
0x43FCC010,1140637712,0x43FCC010,0x43,3,Float?,READ,1,SETTING
0x43FCD010,1140641808,0x43FCD010,0x43,3,Float?,READ,1,SETTING
0x43FCE010,1140645904,0x43FCE010,0x43,3,Float?,READ,1,SETTING
0x43FD1000,1140658176,0x43FD1000,0x43,2,Long?,READ,,(unset)
0x44100008,1141899272,0x44100008,0x44,6,?,READ,,(unset)
0x44100018,1141899288,0x44100018,0x44,6,?,READ,4,CHARGING
0x44100028,1141899304,0x44100028,0x44,6,?,READ,,(unset)
0x44300000,1143996416,0x44300000,0x44,2,Long?,READ,,(unset)
0x44300014,1143996436,0x44300014,0x44,1,Integer?,READ,,(unset)
0x44300017,1143996439,0x44300017,0x44,1,Integer?,READ,,(unset)
0x44300018,1143996440,0x44300018,0x44,1,Integer?,READ,,(unset)
0x4430001C,1143996444,0x4430001C,0x44,1,Integer?,READ,,(unset)
0x44300020,1143996448,0x44300020,0x44,1,Integer?,READ,,(unset)
0x443000D4,1143996628,0x443000D4,0x44,1,Integer?,READ,,(unset)
0x443000D6,1143996630,0x443000D6,0x44,1,Integer?,READ,,(unset)
0x4430010A,1143996682,0x4430010A,0x44,4,Double?,READ,,(unset)
0x4430010B,1143996683,0x4430010B,0x44,4,Double?,READ,,(unset)
0x4430010C,1143996684,0x4430010C,0x44,4,Double?,READ,,(unset)
0x44400000,1145044992,0x44400000,0x44,2,Long?,READ,,(unset)
0x44400008,1145045000,0x44400008,0x44,4,Double?,READ,,(unset)
0x44400018,1145045016,0x44400018,0x44,4,Double?,READ,4,CHARGING
0x44400028,1145045032,0x44400028,0x44,22,?22,READ,,(unset)
0x44400030,1145045040,0x44400030,0x44,22,?22,READ,,(unset)
0x44400038,1145045048,0x44400038,0x44,22,?22,READ,,(unset)
0x44500008,1146093576,0x44500008,0x44,2,Long?,READ,4,CHARGING
0x44500010,1146093584,0x44500010,0x44,2,Long?,READ,,(unset)
0x44500018,1146093592,0x44500018,0x44,4,Double?,READ,,(unset)
0x44500020,1146093600,0x44500020,0x44,4,Double?,READ,,(unset)
0x44500028,1146093608,0x44500028,0x44,22,?22,READ,,(unset)
0x44500030,1146093616,0x44500030,0x44,22,?22,READ,,(unset)
0x44600010,1147142160,0x44600010,0x44,22,?22,READ,,(unset)
0x44600030,1147142192,0x44600030,0x44,22,?22,READ,,(unset)
0x44700000,1148190720,0x44700000,0x44,2,Long?,READ,,(unset)
0x44700010,1148190736,0x44700010,0x44,22,?22,READ,,(unset)
0x44700020,1148190752,0x44700020,0x44,22,?22,READ,,(unset)
0x44700028,1148190760,0x44700028,0x44,22,?22,READ,,(unset)
0x44700038,1148190776,0x44700038,0x44,22,?22,READ,,(unset)
0x44900018,1150287896,0x44900018,0x44,16,?,READ,4,CHARGING
0x44900028,1150287912,0x44900028,0x44,13,?13,READ,,(unset)
0x4490003E,1150287934,0x4490003E,0x44,2,Long?,READ,,(unset)
0x44900040,1150287936,0x44900040,0x44,4,Double?,READ,,(unset)
0x44900042,1150287938,0x44900042,0x44,4,Double?,READ,,(unset)
0x44900047,1150287943,0x44900047,0x44,4,Double?,READ,,(unset)
0x44A00008,1151336456,0x44A00008,0x44,1,Integer?,READ,,(unset)
0x44A0000B,1151336459,0x44A0000B,0x44,4,Double?,READ,,(unset)
0x44A00014,1151336468,0x44A00014,0x44,4,Double?,READ,,(unset)
0x44A00016,1151336470,0x44A00016,0x44,4,Double?,READ,,(unset)
0x44A00020,1151336480,0x44A00020,0x44,22,?22,READ,,(unset)
0x44A0080E,1151338510,0x44A0080E,0x44,4,Double?,READ,,(unset)
0x44D00008,1154482184,0x44D00008,0x44,15,?,READ,,(unset)
0x44D00010,1154482192,0x44D00010,0x44,15,?,READ,,(unset)
0x44E00008,1155530760,0x44E00008,0x44,15,?,READ,,(unset)
0x44E00010,1155530768,0x44E00010,0x44,15,?,READ,,(unset)
0x44E00026,1155530790,0x44E00026,0x44,1,Integer?,READ,,(unset)
0x44E00028,1155530792,0x44E00028,0x44,15,?,READ,,(unset)
0x44E00038,1155530808,0x44E00038,0x44,15,?,READ,,(unset)
0x44F00000,1156579328,0x44F00000,0x44,2,Long?,READ,,(unset)
0x44F00008,1156579336,0x44F00008,0x44,2,Long?,READ,,(unset)
0x44F00010,1156579344,0x44F00010,0x44,2,Long?,READ,,(unset)
0x44F00012,1156579346,0x44F00012,0x44,2,Long?,READ,,(unset)
0x44F0001A,1156579354,0x44F0001A,0x44,2,Long?,READ,,(unset)
0x44F0001E,1156579358,0x44F0001E,0x44,2,Long?,READ,,(unset)
0x44F00025,1156579365,0x44F00025,0x44,2,Long?,READ,,(unset)
0x44F00028,1156579368,0x44F00028,0x44,2,Long?,READ,,(unset)
0x44F00030,1156579376,0x44F00030,0x44,2,Long?,READ,,(unset)
0x44F0003A,1156579386,0x44F0003A,0x44,2,Long?,READ,,(unset)
0x44F0005C,1156579420,0x44F0005C,0x44,2,Long?,READ,,(unset)
0x44F00070,1156579440,0x44F00070,0x44,31,?,READ,,(unset)
0x45200000,1159725056,0x45200000,0x45,2,Long?,READ,,(unset)
0x45200008,1159725064,0x45200008,0x45,1,Integer?,READ,,(unset)
0x4520000A,1159725066,0x4520000A,0x45,1,Integer?,READ,,(unset)
0x4520000E,1159725070,0x4520000E,0x45,1,Integer?,READ,,(unset)
0x45200015,1159725077,0x45200015,0x45,1,Integer?,READ,,(unset)
0x4520001B,1159725083,0x4520001B,0x45,1,Integer?,READ,,(unset)
0x45200020,1159725088,0x45200020,0x45,1,Integer?,READ,,(unset)
0x45200022,1159725090,0x45200022,0x45,1,Integer?,READ,,(unset)
0x45200023,1159725091,0x45200023,0x45,1,Integer?,READ,,(unset)
0x45200025,1159725093,0x45200025,0x45,1,Integer?,READ,,(unset)
0x45200028,1159725096,0x45200028,0x45,1,Integer?,READ,,(unset)
0x45200050,1159725136,0x45200050,0x45,1,Integer?,READ,4,CHARGING
0x45200058,1159725144,0x45200058,0x45,1,Integer?,READ,4,CHARGING
0x45200060,1159725152,0x45200060,0x45,1,Integer?,READ,4,CHARGING
0x45200068,1159725160,0x45200068,0x45,1,Integer?,READ,4,CHARGING
0x45200070,1159725168,0x45200070,0x45,1,Integer?,READ,4,CHARGING
0x45200078,1159725176,0x45200078,0x45,1,Integer?,READ,4,CHARGING
0x45200080,1159725184,0x45200080,0x45,1,Integer?,READ,4,CHARGING
0x45200088,1159725192,0x45200088,0x45,1,Integer?,READ,4,CHARGING
0x45200090,1159725200,0x45200090,0x45,1,Integer?,READ,4,CHARGING
0x45200098,1159725208,0x45200098,0x45,1,Integer?,READ,4,CHARGING
0x452000A0,1159725216,0x452000A0,0x45,1,Integer?,READ,4,CHARGING
0x452000A8,1159725224,0x452000A8,0x45,1,Integer?,READ,4,CHARGING
0x452000B0,1159725232,0x452000B0,0x45,1,Integer?,READ,4,CHARGING
0x452000B8,1159725240,0x452000B8,0x45,1,Integer?,READ,4,CHARGING
0x452000C0,1159725248,0x452000C0,0x45,2,Long?,READ,,(unset)
0x452000C2,1159725250,0x452000C2,0x45,2,Long?,READ,,(unset)
0x452000C4,1159725252,0x452000C4,0x45,2,Long?,READ,,(unset)
0x452000C8,1159725256,0x452000C8,0x45,2,Long?,READ,,(unset)
0x452000CA,1159725258,0x452000CA,0x45,2,Long?,READ,,(unset)
0x452000CC,1159725260,0x452000CC,0x45,2,Long?,READ,,(unset)
0x452000D8,1159725272,0x452000D8,0x45,1,Integer?,READ,,(unset)
0x452000D9,1159725273,0x452000D9,0x45,1,Integer?,READ,,(unset)
0x452000DA,1159725274,0x452000DA,0x45,1,Integer?,READ,,(unset)
0x452000F8,1159725304,0x452000F8,0x45,1,Integer?,READ,,(unset)
0x45200103,1159725315,0x45200103,0x45,1,Integer?,READ,,(unset)
0x45200108,1159725320,0x45200108,0x45,1,Integer?,READ,,(unset)
0x4520010C,1159725324,0x4520010C,0x45,1,Integer?,READ,,(unset)
0x45200120,1159725344,0x45200120,0x45,1,Integer?,READ,,(unset)
0x45300000,1160773632,0x45300000,0x45,2,Long?,READ,,(unset)
0x45300008,1160773640,0x45300008,0x45,12,?12,READ,,(unset)
0x45300009,1160773641,0x45300009,0x45,12,?12,READ,,(unset)
0x4530000A,1160773642,0x4530000A,0x45,12,?12,READ,,(unset)
0x4530000B,1160773643,0x4530000B,0x45,12,?12,READ,,(unset)
0x4530000C,1160773644,0x4530000C,0x45,12,?12,READ,,(unset)
0x4530000D,1160773645,0x4530000D,0x45,12,?12,READ,,(unset)
0x45300010,1160773648,0x45300010,0x45,12,?12,READ,,(unset)
0x45300012,1160773650,0x45300012,0x45,12,?12,READ,,(unset)
0x45300014,1160773652,0x45300014,0x45,12,?12,READ,,(unset)
0x45300016,1160773654,0x45300016,0x45,12,?12,READ,,(unset)
0x45300018,1160773656,0x45300018,0x45,12,?12,READ,,(unset)
0x4530001B,1160773659,0x4530001B,0x45,12,?12,READ,,(unset)
0x45400000,1161822208,0x45400000,0x45,2,Long?,READ,,(unset)
0x45400008,1161822216,0x45400008,0x45,1,Integer?,READ,,(unset)
0x4540000C,1161822220,0x4540000C,0x45,1,Integer?,READ,,(unset)
0x45400010,1161822224,0x45400010,0x45,12,?12,READ,,(unset)
0x45400011,1161822225,0x45400011,0x45,12,?12,READ,,(unset)
0x45400012,1161822226,0x45400012,0x45,12,?12,READ,,(unset)
0x45400014,1161822228,0x45400014,0x45,1,Integer?,READ,,(unset)
0x45400015,1161822229,0x45400015,0x45,1,Integer?,READ,,(unset)
0x45400018,1161822232,0x45400018,0x45,1,Integer?,READ,,(unset)
0x4540001B,1161822235,0x4540001B,0x45,1,Integer?,READ,,(unset)
0x4540001E,1161822238,0x4540001E,0x45,1,Integer?,READ,,(unset)
0x45400020,1161822240,0x45400020,0x45,14,?,READ,,(unset)
0x45400022,1161822242,0x45400022,0x45,1,Integer?,READ,,(unset)
0x45400025,1161822245,0x45400025,0x45,1,Integer?,READ,,(unset)
0x45400028,1161822248,0x45400028,0x45,12,?12,READ,,(unset)
0x45400029,1161822249,0x45400029,0x45,12,?12,READ,,(unset)
0x4540002A,1161822250,0x4540002A,0x45,12,?12,READ,,(unset)
0x4540002C,1161822252,0x4540002C,0x45,1,Integer?,READ,,(unset)
0x45400030,1161822256,0x45400030,0x45,1,Integer?,READ,,(unset)
0x4540003C,1161822268,0x4540003C,0x45,1,Integer?,READ,,(unset)
0x4540003E,1161822270,0x4540003E,0x45,1,Integer?,READ,,(unset)
0x45400040,1161822272,0x45400040,0x45,12,?12,READ,,(unset)
0x45400042,1161822274,0x45400042,0x45,1,Integer?,READ,,(unset)
0x45400044,1161822276,0x45400044,0x45,1,Integer?,READ,,(unset)
0x45400046,1161822278,0x45400046,0x45,1,Integer?,READ,,(unset)
0x45500000,1162870784,0x45500000,0x45,2,Long?,READ,,(unset)
0x45500027,1162870823,0x45500027,0x45,1,Integer?,READ,,(unset)
0x45500029,1162870825,0x45500029,0x45,1,Integer?,READ,,(unset)
0x45B00008,1169162248,0x45B00008,0x45,15,?,READ,,(unset)
0x45B00018,1169162264,0x45B00018,0x45,15,?,READ,,(unset)
0x45B00028,1169162280,0x45B00028,0x45,6,?,READ,4,CHARGING
0x45C00818,1170212888,0x45C00818,0x45,15,?,READ,,(unset)
0x45C00838,1170212920,0x45C00838,0x45,15,?,READ,,(unset)
0x45F00008,1173356552,0x45F00008,0x45,2,Long?,READ,1,SETTING
0x46100000,1175453696,0x46100000,0x46,2,Long?,READ,,(unset)
0x46100008,1175453704,0x46100008,0x46,22,?22,READ,,(unset)
0x4610000A,1175453706,0x4610000A,0x46,1,Integer?,READ,,(unset)
0x4610000C,1175453708,0x4610000C,0x46,1,Integer?,READ,,(unset)
0x4610000E,1175453710,0x4610000E,0x46,1,Integer?,READ,,(unset)
0x46100010,1175453712,0x46100010,0x46,1,Integer?,READ,,(unset)
0x46100011,1175453713,0x46100011,0x46,1,Integer?,READ,,(unset)
0x46100012,1175453714,0x46100012,0x46,1,Integer?,READ,,(unset)
0x46100013,1175453715,0x46100013,0x46,4,Double?,READ,,(unset)
0x46100018,1175453720,0x46100018,0x46,4,Double?,READ,,(unset)
0x4610001A,1175453722,0x4610001A,0x46,4,Double?,READ,,(unset)
0x46100026,1175453734,0x46100026,0x46,4,Double?,READ,,(unset)
0x46100030,1175453744,0x46100030,0x46,22,?22,READ,,(unset)
0x46100039,1175453753,0x46100039,0x46,22,?22,READ,,(unset)
0x4610003C,1175453756,0x4610003C,0x46,22,?22,READ,,(unset)
0x4610003D,1175453757,0x4610003D,0x46,22,?22,READ,,(unset)
0x46400036,1178599478,0x46400036,0x46,1,Integer?,READ,,(unset)
0x46400045,1178599493,0x46400045,0x46,1,Integer?,READ,,(unset)
0x46401034,1178603572,0x46401034,0x46,13,?13,READ,,(unset)
0x46402010,1178607632,0x46402010,0x46,3,Float?,READ,,(unset)
0x46402040,1178607680,0x46402040,0x46,1,Integer?,READ,,(unset)
0x46403010,1178611728,0x46403010,0x46,18,?,READ,4,CHARGING
0x46406010,1178624016,0x46406010,0x46,15,?,READ,,(unset)
0x46406018,1178624024,0x46406018,0x46,15,?,READ,,(unset)
0x46406020,1178624032,0x46406020,0x46,15,?,READ,,(unset)
0x46406028,1178624040,0x46406028,0x46,15,?,READ,,(unset)
0x46406030,1178624048,0x46406030,0x46,6,?,READ,4,CHARGING
0x46407010,1178628112,0x46407010,0x46,15,?,READ,,(unset)
0x46407020,1178628128,0x46407020,0x46,15,?,READ,,(unset)
0x46407038,1178628152,0x46407038,0x46,16,?,READ,,(unset)
0x4640703A,1178628154,0x4640703A,0x46,13,?13,READ,,(unset)
0x4640703C,1178628156,0x4640703C,0x46,4,Double?,READ,,(unset)
0x46500000,1179648000,0x46500000,0x46,2,Long?,READ,,(unset)
0x46500008,1179648008,0x46500008,0x46,3,Float?,READ,,(unset)
0x4650000A,1179648010,0x4650000A,0x46,3,Float?,READ,,(unset)
0x4650000C,1179648012,0x4650000C,0x46,3,Float?,READ,4,CHARGING
0x46500018,1179648024,0x46500018,0x46,3,Float?,READ,,(unset)
0x46800000,1182793728,0x46800000,0x46,2,Long?,READ,,(unset)
0x46C00000,1186988032,0x46C00000,0x46,2,Long?,READ,,(unset)
0x46C00008,1186988040,0x46C00008,0x46,4,Double?,READ,4,CHARGING
0x46C00018,1186988056,0x46C00018,0x46,4,Double?,READ,4,CHARGING
0x46C00030,1186988080,0x46C00030,0x46,4,Double?,READ,,(unset)
0x46C00031,1186988081,0x46C00031,0x46,4,Double?,READ,,(unset)
0x46C00032,1186988082,0x46C00032,0x46,4,Double?,READ,,(unset)
0x46C00033,1186988083,0x46C00033,0x46,4,Double?,READ,,(unset)
0x46C00034,1186988084,0x46C00034,0x46,4,Double?,READ,,(unset)
0x46C00035,1186988085,0x46C00035,0x46,4,Double?,READ,,(unset)
0x46C00036,1186988086,0x46C00036,0x46,4,Double?,READ,,(unset)
0x46C00038,1186988088,0x46C00038,0x46,4,Double?,READ,,(unset)
0x46C0003C,1186988092,0x46C0003C,0x46,1,Integer?,READ,,(unset)
0x46C0003E,1186988094,0x46C0003E,0x46,18,?,READ,,(unset)
0x46C00040,1186988096,0x46C00040,0x46,18,?,READ,,(unset)
0x46D00428,1188037672,0x46D00428,0x46,6,?,READ,,(unset)
0x46D00430,1188037680,0x46D00430,0x46,15,?,READ,,(unset)
0x46E00808,1189087240,0x46E00808,0x46,15,?,READ,,(unset)
0x46E00810,1189087248,0x46E00810,0x46,15,?,READ,,(unset)
0x47001018,1191186456,0x47001018,0x47,4,Double?,READ,,(unset)
0x47001020,1191186464,0x47001020,0x47,4,Double?,READ,,(unset)
0x47001028,1191186472,0x47001028,0x47,4,Double?,READ,,(unset)
0x47001030,1191186480,0x47001030,0x47,4,Double?,READ,,(unset)
0x47001038,1191186488,0x47001038,0x47,4,Double?,READ,,(unset)
0x47002000,1191190528,0x47002000,0x47,2,Long?,READ,,(unset)
0x47002011,1191190545,0x47002011,0x47,4,Double?,READ,,(unset)
0x47002012,1191190546,0x47002012,0x47,4,Double?,READ,,(unset)
0x47002013,1191190547,0x47002013,0x47,4,Double?,READ,,(unset)
0x47002014,1191190548,0x47002014,0x47,4,Double?,READ,,(unset)
0x47002015,1191190549,0x47002015,0x47,4,Double?,READ,,(unset)
0x47002016,1191190550,0x47002016,0x47,4,Double?,READ,,(unset)
0x47002017,1191190551,0x47002017,0x47,4,Double?,READ,,(unset)
0x47002018,1191190552,0x47002018,0x47,4,Double?,READ,,(unset)
0x47002019,1191190553,0x47002019,0x47,1,Integer?,READ,,(unset)
0x47002030,1191190576,0x47002030,0x47,4,Double?,READ,,(unset)
0x47003010,1191194640,0x47003010,0x47,4,Double?,READ,,(unset)
0x47003018,1191194648,0x47003018,0x47,4,Double?,READ,,(unset)
0x47003020,1191194656,0x47003020,0x47,4,Double?,READ,,(unset)
0x47003028,1191194664,0x47003028,0x47,4,Double?,READ,,(unset)
0x47003030,1191194672,0x47003030,0x47,4,Double?,READ,,(unset)
0x47003038,1191194680,0x47003038,0x47,4,Double?,READ,,(unset)
0x4700303A,1191194682,0x4700303A,0x47,4,Double?,READ,,(unset)
0x47004010,1191198736,0x47004010,0x47,4,Double?,READ,,(unset)
0x47004018,1191198744,0x47004018,0x47,4,Double?,READ,,(unset)
0x47004020,1191198752,0x47004020,0x47,4,Double?,READ,,(unset)
0x47004028,1191198760,0x47004028,0x47,4,Double?,READ,,(unset)
0x47004030,1191198768,0x47004030,0x47,4,Double?,READ,,(unset)
0x47004038,1191198776,0x47004038,0x47,4,Double?,READ,,(unset)
0x47007010,1191211024,0x47007010,0x47,4,Double?,READ,,(unset)
0x47007013,1191211027,0x47007013,0x47,4,Double?,READ,,(unset)
0x47007016,1191211030,0x47007016,0x47,4,Double?,READ,,(unset)
0x47007018,1191211032,0x47007018,0x47,4,Double?,READ,,(unset)
0x47007020,1191211040,0x47007020,0x47,4,Double?,READ,,(unset)
0x47500000,1196425216,0x47500000,0x47,2,Long?,READ,,(unset)
0x47500008,1196425224,0x47500008,0x47,20,?,READ,,(unset)
0x47500008,1196425224,0x47500008,0x47,19,?,READ,,(unset)
0x4750000A,1196425226,0x4750000A,0x47,20,?,READ,,(unset)
0x4750000C,1196425228,0x4750000C,0x47,1,Integer?,READ,,(unset)
0x4750000E,1196425230,0x4750000E,0x47,4,Double?,READ,,(unset)
0x47500018,1196425240,0x47500018,0x47,19,?,READ,,(unset)
0x4750001A,1196425242,0x4750001A,0x47,7,?,READ,,(unset)
0x4750001C,1196425244,0x4750001C,0x47,1,Integer?,READ,,(unset)
0x4750001E,1196425246,0x4750001E,0x47,1,Integer?,READ,,(unset)
0x47500020,1196425248,0x47500020,0x47,1,Integer?,READ,,(unset)
0x47500022,1196425250,0x47500022,0x47,1,Integer?,READ,,(unset)
0x4750002C,1196425260,0x4750002C,0x47,19,?,READ,,(unset)
0x4750002E,1196425262,0x4750002E,0x47,19,?,READ,,(unset)
0x47500030,1196425264,0x47500030,0x47,1,Integer?,READ,,(unset)
0x47500034,1196425268,0x47500034,0x47,1,Integer?,READ,,(unset)
0x4750003C,1196425276,0x4750003C,0x47,1,Integer?,READ,,(unset)
0x47800000,1199570944,0x47800000,0x47,2,Long?,READ,,(unset)
0x4780002C,1199570988,0x4780002C,0x47,2,Long?,READ,,(unset)
0x47900000,1200619520,0x47900000,0x47,2,Long?,READ,,(unset)
0x47900008,1200619528,0x47900008,0x47,1,Integer?,READ,,(unset)
0x4790000B,1200619531,0x4790000B,0x47,1,Integer?,READ,,(unset)
0x4790000E,1200619534,0x4790000E,0x47,1,Integer?,READ,,(unset)
0x47900010,1200619536,0x47900010,0x47,1,Integer?,READ,,(unset)
0x47900018,1200619544,0x47900018,0x47,1,Integer?,READ,,(unset)
0x47900019,1200619545,0x47900019,0x47,1,Integer?,READ,,(unset)
0x47900025,1200619557,0x47900025,0x47,1,Integer?,READ,,(unset)
0x4790004A,1200619594,0x4790004A,0x47,1,Integer?,READ,,(unset)
0x4790004C,1200619596,0x4790004C,0x47,1,Integer?,READ,,(unset)
0x4790004E,1200619598,0x4790004E,0x47,1,Integer?,READ,,(unset)
0x47900066,1200619622,0x47900066,0x47,4,Double?,READ,,(unset)
0x4790006C,1200619628,0x4790006C,0x47,4,Double?,READ,,(unset)
0x4790008E,1200619662,0x4790008E,0x47,4,Double?,READ,,(unset)
0x47900090,1200619664,0x47900090,0x47,4,Double?,READ,,(unset)
0x47900094,1200619668,0x47900094,0x47,4,Double?,READ,,(unset)
0x479000E9,1200619753,0x479000E9,0x47,4,Double?,READ,,(unset)
0x479000EB,1200619755,0x479000EB,0x47,4,Double?,READ,,(unset)
0x479000ED,1200619757,0x479000ED,0x47,4,Double?,READ,,(unset)
0x479000EF,1200619759,0x479000EF,0x47,4,Double?,READ,,(unset)
0x479000F1,1200619761,0x479000F1,0x47,4,Double?,READ,,(unset)
0x47900100,1200619776,0x47900100,0x47,1,Integer?,READ,,(unset)
0x47900158,1200619864,0x47900158,0x47,1,Integer?,READ,,(unset)
0x47900187,1200619911,0x47900187,0x47,1,Integer?,READ,,(unset)
0x479001A8,1200619944,0x479001A8,0x47,1,Integer?,READ,,(unset)
0x47A00000,1201668096,0x47A00000,0x47,2,Long?,READ,,(unset)
0x47A01010,1201672208,0x47A01010,0x47,1,Integer?,READ,,(unset)
0x47A01013,1201672211,0x47A01013,0x47,1,Integer?,READ,,(unset)
0x47F00008,1206910984,0x47F00008,0x47,2,Long?,READ,,(unset)
0x47F00010,1206910992,0x47F00010,0x47,2,Long?,READ,,(unset)
0x47F00012,1206910994,0x47F00012,0x47,2,Long?,READ,,(unset)
0x47F00014,1206910996,0x47F00014,0x47,2,Long?,READ,,(unset)
0x47F00018,1206911000,0x47F00018,0x47,2,Long?,READ,,(unset)
0x47F00038,1206911032,0x47F00038,0x47,2,Long?,READ,,(unset)
0x48001030,1207963696,0x48001030,0x48,2,Long?,READ,1,SETTING
0x48003028,1207971880,0x48003028,0x48,2,Long?,READ,,(unset)
0x48004000,1207975936,0x48004000,0x48,2,Long?,READ,,(unset)
0x48004010,1207975952,0x48004010,0x48,1,Integer?,READ,1,SETTING
0x48100000,1209008128,0x48100000,0x48,7,?,READ,,(unset)
0x4810000C,1209008140,0x4810000C,0x48,12,?12,READ,,(unset)
0x48100028,1209008168,0x48100028,0x48,7,?,READ,,(unset)
0x48400000,1212153856,0x48400000,0x48,2,Long?,READ,,(unset)
0x48400014,1212153876,0x48400014,0x48,13,?13,READ,,(unset)
0x48600000,1214251008,0x48600000,0x48,2,Long?,READ,,(unset)
0x48600008,1214251016,0x48600008,0x48,1,Integer?,READ,,(unset)
0x4860000B,1214251019,0x4860000B,0x48,1,Integer?,READ,,(unset)
0x48600010,1214251024,0x48600010,0x48,1,Integer?,READ,,(unset)
0x48600013,1214251027,0x48600013,0x48,1,Integer?,READ,,(unset)
0x48600016,1214251030,0x48600016,0x48,2,Long?,READ,,(unset)
0x4860001D,1214251037,0x4860001D,0x48,2,Long?,READ,,(unset)
0x48600030,1214251056,0x48600030,0x48,1,Integer?,READ,,(unset)
0x48600031,1214251057,0x48600031,0x48,1,Integer?,READ,,(unset)
0x48600032,1214251058,0x48600032,0x48,1,Integer?,READ,,(unset)
0x48600033,1214251059,0x48600033,0x48,1,Integer?,READ,,(unset)
0x4860003C,1214251068,0x4860003C,0x48,1,Integer?,READ,,(unset)
0x4860003D,1214251069,0x4860003D,0x48,1,Integer?,READ,,(unset)
0x4860003E,1214251070,0x4860003E,0x48,1,Integer?,READ,,(unset)
0x4860003F,1214251071,0x4860003F,0x48,1,Integer?,READ,,(unset)
0x48600040,1214251072,0x48600040,0x48,1,Integer?,READ,,(unset)
0x48700000,1215299584,0x48700000,0x48,2,Long?,READ,,(unset)
0x48700008,1215299592,0x48700008,0x48,2,Long?,READ,4,CHARGING
0x48700010,1215299600,0x48700010,0x48,2,Long?,READ,4,CHARGING
0x48700018,1215299608,0x48700018,0x48,2,Long?,READ,4,CHARGING
0x48700020,1215299616,0x48700020,0x48,2,Long?,READ,4,CHARGING
0x48700028,1215299624,0x48700028,0x48,2,Long?,READ,4,CHARGING
0x48700030,1215299632,0x48700030,0x48,2,Long?,READ,4,CHARGING
0x48700038,1215299640,0x48700038,0x48,2,Long?,READ,4,CHARGING
0x48700043,1215299651,0x48700043,0x48,2,Long?,READ,,(unset)
0x48700045,1215299653,0x48700045,0x48,2,Long?,READ,,(unset)
0x48800000,1216348160,0x48800000,0x48,2,Long?,READ,,(unset)
0x48800008,1216348168,0x48800008,0x48,2,Long?,READ,4,CHARGING
0x48800010,1216348176,0x48800010,0x48,2,Long?,READ,4,CHARGING
0x48800018,1216348184,0x48800018,0x48,2,Long?,READ,4,CHARGING
0x48800020,1216348192,0x48800020,0x48,2,Long?,READ,4,CHARGING
0x48800028,1216348200,0x48800028,0x48,2,Long?,READ,4,CHARGING
0x48800030,1216348208,0x48800030,0x48,2,Long?,READ,4,CHARGING
0x48800038,1216348216,0x48800038,0x48,2,Long?,READ,4,CHARGING
0x48900000,1217396736,0x48900000,0x48,2,Long?,READ,,(unset)
0x48900008,1217396744,0x48900008,0x48,2,Long?,READ,4,CHARGING
0x48900010,1217396752,0x48900010,0x48,2,Long?,READ,4,CHARGING
0x48900018,1217396760,0x48900018,0x48,2,Long?,READ,4,CHARGING
0x48900020,1217396768,0x48900020,0x48,2,Long?,READ,4,CHARGING
0x48900028,1217396776,0x48900028,0x48,2,Long?,READ,4,CHARGING
0x48900030,1217396784,0x48900030,0x48,2,Long?,READ,4,CHARGING
0x48900038,1217396792,0x48900038,0x48,2,Long?,READ,4,CHARGING
0x48A00000,1218445312,0x48A00000,0x48,2,Long?,READ,,(unset)
0x48A00008,1218445320,0x48A00008,0x48,13,?13,READ,,(unset)
0x48A0000C,1218445324,0x48A0000C,0x48,13,?13,READ,,(unset)
0x48A0000E,1218445326,0x48A0000E,0x48,13,?13,READ,,(unset)
0x48A00010,1218445328,0x48A00010,0x48,13,?13,READ,,(unset)
0x48A00018,1218445336,0x48A00018,0x48,13,?13,READ,,(unset)
0x48A00044,1218445380,0x48A00044,0x48,13,?13,READ,,(unset)
0x48A00046,1218445382,0x48A00046,0x48,13,?13,READ,,(unset)
0x48B02000,1219502080,0x48B02000,0x48,2,Long?,READ,,(unset)
0x48B02016,1219502102,0x48B02016,0x48,1,Integer?,READ,,(unset)
0x48B04000,1219510272,0x48B04000,0x48,2,Long?,READ,,(unset)
0x48B0403B,1219510331,0x48B0403B,0x48,,?,READ,,(unset)
0x48B06020,1219518496,0x48B06020,0x48,1,Integer?,READ,,(unset)
0x48B06021,1219518497,0x48B06021,0x48,1,Integer?,READ,,(unset)
0x48B06022,1219518498,0x48B06022,0x48,1,Integer?,READ,,(unset)
0x48B06023,1219518499,0x48B06023,0x48,1,Integer?,READ,,(unset)
0x48B06024,1219518500,0x48B06024,0x48,1,Integer?,READ,,(unset)
0x48B06025,1219518501,0x48B06025,0x48,1,Integer?,READ,,(unset)
0x48B06026,1219518502,0x48B06026,0x48,1,Integer?,READ,,(unset)
0x48B06027,1219518503,0x48B06027,0x48,1,Integer?,READ,,(unset)
0x48B06028,1219518504,0x48B06028,0x48,1,Integer?,READ,,(unset)
0x48B06029,1219518505,0x48B06029,0x48,1,Integer?,READ,,(unset)
0x48B0602A,1219518506,0x48B0602A,0x48,1,Integer?,READ,,(unset)
0x48B0602B,1219518507,0x48B0602B,0x48,1,Integer?,READ,,(unset)
0x48B0602C,1219518508,0x48B0602C,0x48,1,Integer?,READ,,(unset)
0x48B0602D,1219518509,0x48B0602D,0x48,6,?,READ,,(unset)
0x48B0602E,1219518510,0x48B0602E,0x48,1,Integer?,READ,,(unset)
0x48B0A000,1219534848,0x48B0A000,0x48,2,Long?,READ,,(unset)
0x48B0A010,1219534864,0x48B0A010,0x48,3,Float?,READ,4,CHARGING
0x48B0A01A,1219534874,0x48B0A01A,0x48,3,Float?,READ,4,CHARGING
0x48B0A024,1219534884,0x48B0A024,0x48,3,Float?,READ,4,CHARGING
0x48B0A03F,1219534911,0x48B0A03F,0x48,1,Integer?,READ,,(unset)
0x48B0A041,1219534913,0x48B0A041,0x48,1,Integer?,READ,,(unset)
0x48B0A043,1219534915,0x48B0A043,0x48,3,Float?,READ,,(unset)
0x48C00000,1220542464,0x48C00000,0x48,2,Long?,READ,,(unset)
0x48C00008,1220542472,0x48C00008,0x48,1,Integer?,READ,,(unset)
0x48C0000A,1220542474,0x48C0000A,0x48,1,Integer?,READ,,(unset)
0x48C0000D,1220542477,0x48C0000D,0x48,1,Integer?,READ,,(unset)
0x48C0000F,1220542479,0x48C0000F,0x48,1,Integer?,READ,,(unset)
0x48C00010,1220542480,0x48C00010,0x48,1,Integer?,READ,,(unset)
0x48C00018,1220542488,0x48C00018,0x48,1,Integer?,READ,,(unset)
0x48C0001B,1220542491,0x48C0001B,0x48,1,Integer?,READ,,(unset)
0x48C00021,1220542497,0x48C00021,0x48,1,Integer?,READ,,(unset)
0x48C00023,1220542499,0x48C00023,0x48,1,Integer?,READ,,(unset)
0x48C00025,1220542501,0x48C00025,0x48,1,Integer?,READ,,(unset)
0x48C00029,1220542505,0x48C00029,0x48,1,Integer?,READ,,(unset)
0x48C00030,1220542512,0x48C00030,0x48,1,Integer?,READ,,(unset)
0x48C00033,1220542515,0x48C00033,0x48,1,Integer?,READ,,(unset)
0x48C00037,1220542519,0x48C00037,0x48,1,Integer?,READ,,(unset)
0x48C0003B,1220542523,0x48C0003B,0x48,2,Long?,READ,,(unset)
0x48C0003D,1220542525,0x48C0003D,0x48,1,Integer?,READ,,(unset)
0x48C0003F,1220542527,0x48C0003F,0x48,1,Integer?,READ,,(unset)
0x48C00041,1220542529,0x48C00041,0x48,1,Integer?,READ,,(unset)
0x48E00000,1222639616,0x48E00000,0x48,2,Long?,READ,,(unset)
0x48E00008,1222639624,0x48E00008,0x48,1,Integer?,READ,,(unset)
0x48E0000A,1222639626,0x48E0000A,0x48,1,Integer?,READ,,(unset)
0x48E0000C,1222639628,0x48E0000C,0x48,1,Integer?,READ,,(unset)
0x48E0000E,1222639630,0x48E0000E,0x48,1,Integer?,READ,,(unset)
0x48E00010,1222639632,0x48E00010,0x48,2,Long?,READ,,(unset)
0x48E00012,1222639634,0x48E00012,0x48,2,Long?,READ,,(unset)
0x48E00016,1222639638,0x48E00016,0x48,2,Long?,READ,,(unset)
0x48E0001A,1222639642,0x48E0001A,0x48,1,Integer?,READ,,(unset)
0x48E0001E,1222639646,0x48E0001E,0x48,2,Long?,READ,,(unset)
0x48E0001F,1222639647,0x48E0001F,0x48,2,Long?,READ,,(unset)
0x48E00020,1222639648,0x48E00020,0x48,1,Integer?,READ,,(unset)
0x48E00022,1222639650,0x48E00022,0x48,2,Long?,READ,,(unset)
0x48E00024,1222639652,0x48E00024,0x48,2,Long?,READ,,(unset)
0x48E00025,1222639653,0x48E00025,0x48,2,Long?,READ,,(unset)
0x48E00028,1222639656,0x48E00028,0x48,2,Long?,READ,,(unset)
0x48E0002B,1222639659,0x48E0002B,0x48,2,Long?,READ,,(unset)
0x48E0002D,1222639661,0x48E0002D,0x48,2,Long?,READ,,(unset)
0x48E00030,1222639664,0x48E00030,0x48,2,Long?,READ,,(unset)
0x48E00033,1222639667,0x48E00033,0x48,2,Long?,READ,,(unset)
0x48E00036,1222639670,0x48E00036,0x48,2,Long?,READ,,(unset)
0x48E00037,1222639671,0x48E00037,0x48,2,Long?,READ,,(unset)
0x48E0003C,1222639676,0x48E0003C,0x48,2,Long?,READ,,(unset)
0x48E0003E,1222639678,0x48E0003E,0x48,2,Long?,READ,,(unset)
0x48F00000,1223688192,0x48F00000,0x48,6,?,READ,,(unset)
0x48F0000A,1223688202,0x48F0000A,0x48,6,?,READ,,(unset)
0x48F00010,1223688208,0x48F00010,0x48,6,?,READ,,(unset)
0x48F00013,1223688211,0x48F00013,0x48,6,?,READ,,(unset)
0x48F00042,1223688258,0x48F00042,0x48,1,Integer?,READ,,(unset)
0x49000000,1224736768,0x49000000,0x49,2,Long?,READ,,(unset)
0x49000018,1224736792,0x49000018,0x49,1,Integer?,READ,,(unset)
0x4900001A,1224736794,0x4900001A,0x49,1,Integer?,READ,,(unset)
0x4900001D,1224736797,0x4900001D,0x49,1,Integer?,READ,,(unset)
0x49000030,1224736816,0x49000030,0x49,1,Integer?,READ,,(unset)
0x49400000,1228931072,0x49400000,0x49,2,Long?,READ,,(unset)
0x4940000A,1228931082,0x4940000A,0x49,4,Double?,READ,,(unset)
0x4940000C,1228931084,0x4940000C,0x49,1,Integer?,READ,,(unset)
0x49400010,1228931088,0x49400010,0x49,1,Integer?,READ,,(unset)
0x49400014,1228931092,0x49400014,0x49,1,Integer?,READ,,(unset)
0x49400018,1228931096,0x49400018,0x49,1,Integer?,READ,,(unset)
0x4940001C,1228931100,0x4940001C,0x49,1,Integer?,READ,,(unset)
0x49400022,1228931106,0x49400022,0x49,1,Integer?,READ,,(unset)
0x49400024,1228931108,0x49400024,0x49,19,?,READ,,(unset)
0x49400029,1228931113,0x49400029,0x49,1,Integer?,READ,,(unset)
0x4940002A,1228931114,0x4940002A,0x49,1,Integer?,READ,,(unset)
0x4940002C,1228931116,0x4940002C,0x49,1,Integer?,READ,,(unset)
0x4940002E,1228931118,0x4940002E,0x49,1,Integer?,READ,,(unset)
0x49400030,1228931120,0x49400030,0x49,1,Integer?,READ,,(unset)
0x49400031,1228931121,0x49400031,0x49,1,Integer?,READ,,(unset)
0x49400038,1228931128,0x49400038,0x49,2,Long?,READ,,(unset)
0x4940003C,1228931132,0x4940003C,0x49,2,Long?,READ,,(unset)
0x4940003E,1228931134,0x4940003E,0x49,1,Integer?,READ,,(unset)
0x49400040,1228931136,0x49400040,0x49,1,Integer?,READ,,(unset)
0x49400041,1228931137,0x49400041,0x49,1,Integer?,READ,,(unset)
0x49400042,1228931138,0x49400042,0x49,1,Integer?,READ,,(unset)
0x49400043,1228931139,0x49400043,0x49,1,Integer?,READ,,(unset)
0x49400044,1228931140,0x49400044,0x49,1,Integer?,READ,,(unset)
0x49400045,1228931141,0x49400045,0x49,1,Integer?,READ,,(unset)
0x49601010,1231032336,0x49601010,0x49,4,Double?,READ,,(unset)
0x49601012,1231032338,0x49601012,0x49,4,Double?,READ,,(unset)
0x4960101C,1231032348,0x4960101C,0x49,12,?12,READ,,(unset)
0x49602000,1231036416,0x49602000,0x49,2,Long?,READ,,(unset)
0x49602027,1231036455,0x49602027,0x49,22,?22,READ,,(unset)
0x49603010,1231040528,0x49603010,0x49,17,?17,READ,,(unset)
0x4960501A,1231048730,0x4960501A,0x49,17,?17,READ,,(unset)
0x4960501E,1231048734,0x4960501E,0x49,1,Integer?,READ,,(unset)
0x49A0000C,1235222540,0x49A0000C,0x49,16,?,READ,,(unset)
0x49C00000,1237319680,0x49C00000,0x49,2,Long?,READ,,(unset)
0x49C0000A,1237319690,0x49C0000A,0x49,1,Integer?,READ,,(unset)
0x49C0000E,1237319694,0x49C0000E,0x49,21,?,READ,,(unset)
0x49C00010,1237319696,0x49C00010,0x49,21,?,READ,,(unset)
0x49C00025,1237319717,0x49C00025,0x49,3,Float?,READ,,(unset)
0x49C00028,1237319720,0x49C00028,0x49,1,Integer?,READ,,(unset)
0x49C0002C,1237319724,0x49C0002C,0x49,17,?17,READ,,(unset)
0x49C0002E,1237319726,0x49C0002E,0x49,21,?,READ,,(unset)
0x49F00000,1240465408,0x49F00000,0x49,2,Long?,READ,,(unset)
0x49F000C0,1240465600,0x49F000C0,0x49,34,?,READ,,(unset)
0x49F000CC,1240465612,0x49F000CC,0x49,34,?,READ,,(unset)
0x49F000D8,1240465624,0x49F000D8,0x49,34,?,READ,,(unset)
0x49F000E4,1240465636,0x49F000E4,0x49,34,?,READ,,(unset)
0x49F000F0,1240465648,0x49F000F0,0x49,34,?,READ,,(unset)
0x49F00118,1240465688,0x49F00118,0x49,34,?,READ,,(unset)
0x49F00120,1240465696,0x49F00120,0x49,34,?,READ,,(unset)
0x49F00137,1240465719,0x49F00137,0x49,4,Double?,READ,,(unset)
0x49F00168,1240465768,0x49F00168,0x49,17,?17,READ,,(unset)
0x49F001C7,1240465863,0x49F001C7,0x49,4,Double?,READ,,(unset)
0x49F001E6,1240465894,0x49F001E6,0x49,17,?17,READ,,(unset)
0x49F001F0,1240465904,0x49F001F0,0x49,17,?17,READ,,(unset)
0x49F001F8,1240465912,0x49F001F8,0x49,17,?17,READ,,(unset)
0x4A000189,1241514377,0x4A000189,0x4A,13,?13,READ,,(unset)
0x4A100000,1242562560,0x4A100000,0x4A,2,Long?,READ,,(unset)
0x4A100008,1242562568,0x4A100008,0x4A,13,?13,READ,,(unset)
0x4A10000B,1242562571,0x4A10000B,0x4A,13,?13,READ,,(unset)
0x4A100016,1242562582,0x4A100016,0x4A,13,?13,READ,,(unset)
0x4A100018,1242562584,0x4A100018,0x4A,13,?13,READ,,(unset)
0x4A10001F,1242562591,0x4A10001F,0x4A,13,?13,READ,,(unset)
0x4A100020,1242562592,0x4A100020,0x4A,13,?13,READ,,(unset)
0x4A100027,1242562599,0x4A100027,0x4A,13,?13,READ,,(unset)
0x4A100028,1242562600,0x4A100028,0x4A,13,?13,READ,,(unset)
0x4A10002F,1242562607,0x4A10002F,0x4A,13,?13,READ,,(unset)
0x4A100033,1242562611,0x4A100033,0x4A,13,?13,READ,,(unset)
0x4A100034,1242562612,0x4A100034,0x4A,13,?13,READ,,(unset)
0x4A100036,1242562614,0x4A100036,0x4A,13,?13,READ,,(unset)
0x4A100038,1242562616,0x4A100038,0x4A,13,?13,READ,,(unset)
0x4A10003B,1242562619,0x4A10003B,0x4A,13,?13,READ,,(unset)
0x4A10003C,1242562620,0x4A10003C,0x4A,13,?13,READ,,(unset)
0x4A100048,1242562632,0x4A100048,0x4A,13,?13,READ,1,SETTING
0x4A100050,1242562640,0x4A100050,0x4A,13,?13,READ,,(unset)
0x4A100060,1242562656,0x4A100060,0x4A,13,?13,READ,,(unset)
0x4A100088,1242562696,0x4A100088,0x4A,13,?13,READ,1,SETTING
0x4A100090,1242562704,0x4A100090,0x4A,13,?13,READ,,(unset)
0x4A1000A0,1242562720,0x4A1000A0,0x4A,13,?13,READ,,(unset)
0x4A1000C8,1242562760,0x4A1000C8,0x4A,13,?13,READ,1,SETTING
0x4A1000D0,1242562768,0x4A1000D0,0x4A,13,?13,READ,,(unset)
0x4A1000E0,1242562784,0x4A1000E0,0x4A,13,?13,READ,,(unset)
0x4A301800,1244665856,0x4A301800,0x4A,2,Long?,READ,,(unset)
0x4A301810,1244665872,0x4A301810,0x4A,22,?22,READ,4,CHARGING
0x4A302800,1244669952,0x4A302800,0x4A,2,Long?,READ,,(unset)
0x4A302843,1244670019,0x4A302843,0x4A,22,?22,READ,,(unset)
0x4A303800,1244674048,0x4A303800,0x4A,2,Long?,READ,,(unset)
0x4A305800,1244682240,0x4A305800,0x4A,2,Long?,READ,,(unset)
0x4A305810,1244682256,0x4A305810,0x4A,22,?22,READ,,(unset)
0x4A305818,1244682264,0x4A305818,0x4A,22,?22,READ,,(unset)
0x4A305820,1244682272,0x4A305820,0x4A,22,?22,READ,,(unset)
0x4A305828,1244682280,0x4A305828,0x4A,22,?22,READ,,(unset)
0x4A306826,1244686374,0x4A306826,0x4A,1,Integer?,READ,,(unset)
0x4A30682A,1244686378,0x4A30682A,0x4A,1,Integer?,READ,,(unset)
0x4A306832,1244686386,0x4A306832,0x4A,1,Integer?,READ,,(unset)
0x4A306836,1244686390,0x4A306836,0x4A,1,Integer?,READ,,(unset)
0x4A306838,1244686392,0x4A306838,0x4A,1,Integer?,READ,,(unset)
0x4A307810,1244690448,0x4A307810,0x4A,1,Integer?,READ,,(unset)
0x4A30781C,1244690460,0x4A30781C,0x4A,1,Integer?,READ,,(unset)
0x4A307828,1244690472,0x4A307828,0x4A,1,Integer?,READ,,(unset)
0x4A307829,1244690473,0x4A307829,0x4A,1,Integer?,READ,,(unset)
0x4A30782A,1244690474,0x4A30782A,0x4A,1,Integer?,READ,,(unset)
0x4A30782B,1244690475,0x4A30782B,0x4A,1,Integer?,READ,,(unset)
0x4A30782C,1244690476,0x4A30782C,0x4A,1,Integer?,READ,,(unset)
0x4A30782D,1244690477,0x4A30782D,0x4A,1,Integer?,READ,,(unset)
0x4A30782E,1244690478,0x4A30782E,0x4A,1,Integer?,READ,,(unset)
0x4A30782F,1244690479,0x4A30782F,0x4A,1,Integer?,READ,,(unset)
0x4A307830,1244690480,0x4A307830,0x4A,1,Integer?,READ,,(unset)
0x4A307831,1244690481,0x4A307831,0x4A,1,Integer?,READ,,(unset)
0x4A307832,1244690482,0x4A307832,0x4A,1,Integer?,READ,,(unset)
0x4A307833,1244690483,0x4A307833,0x4A,1,Integer?,READ,,(unset)
0x4A307834,1244690484,0x4A307834,0x4A,1,Integer?,READ,,(unset)
0x4A307835,1244690485,0x4A307835,0x4A,1,Integer?,READ,,(unset)
0x4A307837,1244690487,0x4A307837,0x4A,31,?,READ,,(unset)
0x4A307838,1244690488,0x4A307838,0x4A,1,Integer?,READ,,(unset)
0x4A307840,1244690496,0x4A307840,0x4A,1,Integer?,READ,,(unset)
0x4A30881B,1244694555,0x4A30881B,0x4A,1,Integer?,READ,,(unset)
0x4A308820,1244694560,0x4A308820,0x4A,1,Integer?,READ,,(unset)
0x4A308828,1244694568,0x4A308828,0x4A,1,Integer?,READ,,(unset)
0x4A30882D,1244694573,0x4A30882D,0x4A,1,Integer?,READ,,(unset)
0x4A308832,1244694578,0x4A308832,0x4A,1,Integer?,READ,,(unset)
0x4A308837,1244694583,0x4A308837,0x4A,1,Integer?,READ,,(unset)
0x4A30883C,1244694588,0x4A30883C,0x4A,1,Integer?,READ,,(unset)
0x4A308844,1244694596,0x4A308844,0x4A,1,Integer?,READ,,(unset)
0x4A309812,1244698642,0x4A309812,0x4A,1,Integer?,READ,,(unset)
0x4A30A810,1244702736,0x4A30A810,0x4A,1,Integer?,READ,,(unset)
0x4A30A840,1244702784,0x4A30A840,0x4A,1,Integer?,READ,,(unset)
0x4A401000,1245712384,0x4A401000,0x4A,2,Long?,READ,,(unset)
0x4A401010,1245712400,0x4A401010,0x4A,3,Float?,READ,,(unset)
0x4A401012,1245712402,0x4A401012,0x4A,3,Float?,READ,,(unset)
0x4A401018,1245712408,0x4A401018,0x4A,3,Float?,READ,,(unset)
0x4A401020,1245712416,0x4A401020,0x4A,3,Float?,READ,,(unset)
0x4A401028,1245712424,0x4A401028,0x4A,3,Float?,READ,,(unset)
0x4A401030,1245712432,0x4A401030,0x4A,3,Float?,READ,,(unset)
0x4A401038,1245712440,0x4A401038,0x4A,3,Float?,READ,,(unset)
0x4A402000,1245716480,0x4A402000,0x4A,2,Long?,READ,,(unset)
0x4A402010,1245716496,0x4A402010,0x4A,3,Float?,READ,,(unset)
0x4A402012,1245716498,0x4A402012,0x4A,3,Float?,READ,,(unset)
0x4A402018,1245716504,0x4A402018,0x4A,3,Float?,READ,,(unset)
0x4A402020,1245716512,0x4A402020,0x4A,3,Float?,READ,,(unset)
0x4A402028,1245716520,0x4A402028,0x4A,3,Float?,READ,,(unset)
0x4A402030,1245716528,0x4A402030,0x4A,3,Float?,READ,,(unset)
0x4A402038,1245716536,0x4A402038,0x4A,3,Float?,READ,,(unset)
0x4A402040,1245716544,0x4A402040,0x4A,3,Float?,READ,,(unset)
0x4A40A023,1245749283,0x4A40A023,0x4A,22,?22,READ,,(unset)
0x4A40A025,1245749285,0x4A40A025,0x4A,22,?22,READ,4,CHARGING
0x4A40B010,1245753360,0x4A40B010,0x4A,22,?22,READ,4,CHARGING
0x4A40B024,1245753380,0x4A40B024,0x4A,22,?22,READ,,(unset)
0x4A40B026,1245753382,0x4A40B026,0x4A,22,?22,READ,,(unset)
0x4A40B030,1245753392,0x4A40B030,0x4A,22,?22,READ,,(unset)
0x4A501000,1246760960,0x4A501000,0x4A,2,Long?,READ,,(unset)
0x4A501010,1246760976,0x4A501010,0x4A,22,?22,READ,4,CHARGING
0x4A501024,1246760996,0x4A501024,0x4A,22,?22,READ,4,CHARGING
0x4A50102E,1246761006,0x4A50102E,0x4A,22,?22,READ,,(unset)
0x4A501030,1246761008,0x4A501030,0x4A,22,?22,READ,4,CHARGING
0x4A501040,1246761024,0x4A501040,0x4A,22,?22,READ,,(unset)
0x4A501043,1246761027,0x4A501043,0x4A,3,Float?,READ,,(unset)
0x4A502000,1246765056,0x4A502000,0x4A,2,Long?,READ,,(unset)
0x4A502010,1246765072,0x4A502010,0x4A,22,?22,READ,,(unset)
0x4A50202B,1246765099,0x4A50202B,0x4A,3,Float?,READ,,(unset)
0x4A50203E,1246765118,0x4A50203E,0x4A,22,?22,READ,,(unset)
0x4A503000,1246769152,0x4A503000,0x4A,2,Long?,READ,,(unset)
0x4A503010,1246769168,0x4A503010,0x4A,22,?22,READ,,(unset)
0x4A503024,1246769188,0x4A503024,0x4A,22,?22,READ,,(unset)
0x4A503038,1246769208,0x4A503038,0x4A,3,Float?,READ,,(unset)
0x4A50303C,1246769212,0x4A50303C,0x4A,3,Float?,READ,,(unset)
0x4A50303F,1246769215,0x4A50303F,0x4A,3,Float?,READ,,(unset)
0x4A503040,1246769216,0x4A503040,0x4A,3,Float?,READ,,(unset)
0x4A504000,1246773248,0x4A504000,0x4A,2,Long?,READ,,(unset)
0x4A504010,1246773264,0x4A504010,0x4A,22,?22,READ,,(unset)
0x4A504024,1246773284,0x4A504024,0x4A,22,?22,READ,,(unset)
0x4A504038,1246773304,0x4A504038,0x4A,22,?22,READ,,(unset)
0x4A504043,1246773315,0x4A504043,0x4A,3,Float?,READ,,(unset)
0x4A505000,1246777344,0x4A505000,0x4A,2,Long?,READ,,(unset)
0x4A50501E,1246777374,0x4A50501E,0x4A,3,Float?,READ,,(unset)
0x4A505020,1246777376,0x4A505020,0x4A,3,Float?,READ,4,CHARGING
0x4A50502C,1246777388,0x4A50502C,0x4A,3,Float?,READ,,(unset)
0x4A505034,1246777396,0x4A505034,0x4A,3,Float?,READ,,(unset)
0x4A505037,1246777399,0x4A505037,0x4A,3,Float?,READ,,(unset)
0x4A505038,1246777400,0x4A505038,0x4A,22,?22,READ,4,CHARGING
0x4A505044,1246777412,0x4A505044,0x4A,3,Float?,READ,,(unset)
0x4A506000,1246781440,0x4A506000,0x4A,2,Long?,READ,,(unset)
0x4A506010,1246781456,0x4A506010,0x4A,3,Float?,READ,,(unset)
0x4A50601C,1246781468,0x4A50601C,0x4A,3,Float?,READ,,(unset)
0x4A506028,1246781480,0x4A506028,0x4A,3,Float?,READ,,(unset)
0x4A506034,1246781492,0x4A506034,0x4A,3,Float?,READ,,(unset)
0x4A506040,1246781504,0x4A506040,0x4A,3,Float?,READ,,(unset)
0x4A506043,1246781507,0x4A506043,0x4A,3,Float?,READ,,(unset)
0x4A506044,1246781508,0x4A506044,0x4A,3,Float?,READ,,(unset)
0x4A506045,1246781509,0x4A506045,0x4A,3,Float?,READ,,(unset)
0x4A506046,1246781510,0x4A506046,0x4A,3,Float?,READ,,(unset)
0x4A507000,1246785536,0x4A507000,0x4A,2,Long?,READ,,(unset)
0x4A507010,1246785552,0x4A507010,0x4A,22,?22,READ,4,CHARGING
0x4A50701A,1246785562,0x4A50701A,0x4A,22,?22,READ,4,CHARGING
0x4A507024,1246785572,0x4A507024,0x4A,3,Float?,READ,,(unset)
0x4A507027,1246785575,0x4A507027,0x4A,3,Float?,READ,,(unset)
0x4A507028,1246785576,0x4A507028,0x4A,22,?22,READ,4,CHARGING
0x4A507032,1246785586,0x4A507032,0x4A,22,?22,READ,4,CHARGING
0x4A507040,1246785600,0x4A507040,0x4A,22,?22,READ,,(unset)
0x4A508000,1246789632,0x4A508000,0x4A,2,Long?,READ,,(unset)
0x4A508010,1246789648,0x4A508010,0x4A,3,Float?,READ,4,CHARGING
0x4A508024,1246789668,0x4A508024,0x4A,22,?22,READ,4,CHARGING
0x4A508038,1246789688,0x4A508038,0x4A,3,Float?,READ,,(unset)
0x4A50803A,1246789690,0x4A50803A,0x4A,3,Float?,READ,,(unset)
0x4A508040,1246789696,0x4A508040,0x4A,3,Float?,READ,,(unset)
0x4A508043,1246789699,0x4A508043,0x4A,3,Float?,READ,,(unset)
0x4A508046,1246789702,0x4A508046,0x4A,3,Float?,READ,,(unset)
0x4A509000,1246793728,0x4A509000,0x4A,2,Long?,READ,,(unset)
0x4A509018,1246793752,0x4A509018,0x4A,3,Float?,READ,4,CHARGING
0x4A509024,1246793764,0x4A509024,0x4A,15,?,READ,,(unset)
0x4A509027,1246793767,0x4A509027,0x4A,21,?,READ,,(unset)
0x4A509030,1246793776,0x4A509030,0x4A,21,?,READ,,(unset)
0x4A509038,1246793784,0x4A509038,0x4A,21,?,READ,,(unset)
0x4A509040,1246793792,0x4A509040,0x4A,21,?,READ,,(unset)
0x4A50A000,1246797824,0x4A50A000,0x4A,2,Long?,READ,,(unset)
0x4A50A010,1246797840,0x4A50A010,0x4A,3,Float?,READ,,(unset)
0x4A50A012,1246797842,0x4A50A012,0x4A,3,Float?,READ,,(unset)
0x4A50A014,1246797844,0x4A50A014,0x4A,3,Float?,READ,,(unset)
0x4A50A016,1246797846,0x4A50A016,0x4A,3,Float?,READ,,(unset)
0x4A50A018,1246797848,0x4A50A018,0x4A,3,Float?,READ,,(unset)
0x4A50A021,1246797857,0x4A50A021,0x4A,3,Float?,READ,,(unset)
0x4A50A023,1246797859,0x4A50A023,0x4A,3,Float?,READ,,(unset)
0x4A50A024,1246797860,0x4A50A024,0x4A,3,Float?,READ,,(unset)
0x4A50A02D,1246797869,0x4A50A02D,0x4A,3,Float?,READ,,(unset)
0x4A50A030,1246797872,0x4A50A030,0x4A,3,Float?,READ,,(unset)
0x4A50A039,1246797881,0x4A50A039,0x4A,3,Float?,READ,,(unset)
0x4A50A03C,1246797884,0x4A50A03C,0x4A,3,Float?,READ,,(unset)
0x4A50A045,1246797893,0x4A50A045,0x4A,3,Float?,READ,,(unset)
0x4A50B000,1246801920,0x4A50B000,0x4A,2,Long?,READ,,(unset)
0x4A50B010,1246801936,0x4A50B010,0x4A,3,Float?,READ,,(unset)
0x4A50B012,1246801938,0x4A50B012,0x4A,3,Float?,READ,4,CHARGING
0x4A50B01C,1246801948,0x4A50B01C,0x4A,3,Float?,READ,4,CHARGING
0x4A50B034,1246801972,0x4A50B034,0x4A,3,Float?,READ,,(unset)
0x4A50B036,1246801974,0x4A50B036,0x4A,22,?22,READ,,(unset)
0x4A50B038,1246801976,0x4A50B038,0x4A,22,?22,READ,4,CHARGING
0x4A50C000,1246806016,0x4A50C000,0x4A,2,Long?,READ,,(unset)
0x4A50C01D,1246806045,0x4A50C01D,0x4A,3,Float?,READ,,(unset)
0x4A50C021,1246806049,0x4A50C021,0x4A,3,Float?,READ,,(unset)
0x4A50C030,1246806064,0x4A50C030,0x4A,22,?22,READ,,(unset)
0x4A50C038,1246806072,0x4A50C038,0x4A,4,Double?,READ,,(unset)
0x4A50C03A,1246806074,0x4A50C03A,0x4A,4,Double?,READ,,(unset)
0x4A50C03D,1246806077,0x4A50C03D,0x4A,4,Double?,READ,,(unset)
0x4A50C042,1246806082,0x4A50C042,0x4A,4,Double?,READ,,(unset)
0x4A710000,1248919552,0x4A710000,0x4A,2,Long?,READ,,(unset)
0x4A710010,1248919568,0x4A710010,0x4A,4,Double?,READ,,(unset)
0x4A710018,1248919576,0x4A710018,0x4A,4,Double?,READ,,(unset)
0x4A710020,1248919584,0x4A710020,0x4A,4,Double?,READ,,(unset)
0x4A710028,1248919592,0x4A710028,0x4A,4,Double?,READ,4,CHARGING
0x4A710034,1248919604,0x4A710034,0x4A,4,Double?,READ,4,CHARGING
0x4A720000,1248985088,0x4A720000,0x4A,2,Long?,READ,,(unset)
0x4A720010,1248985104,0x4A720010,0x4A,4,Double?,READ,,(unset)
0x4A72001C,1248985116,0x4A72001C,0x4A,4,Double?,READ,4,CHARGING
0x4A72002C,1248985132,0x4A72002C,0x4A,4,Double?,READ,,(unset)
0x4A720030,1248985136,0x4A720030,0x4A,4,Double?,READ,,(unset)
0x4A720038,1248985144,0x4A720038,0x4A,4,Double?,READ,,(unset)
0x4A730000,1249050624,0x4A730000,0x4A,2,Long?,READ,,(unset)
0x4A730010,1249050640,0x4A730010,0x4A,4,Double?,READ,,(unset)
0x4A73001C,1249050652,0x4A73001C,0x4A,4,Double?,READ,4,CHARGING
0x4A73002C,1249050668,0x4A73002C,0x4A,4,Double?,READ,,(unset)
0x4A730030,1249050672,0x4A730030,0x4A,4,Double?,READ,,(unset)
0x4A730038,1249050680,0x4A730038,0x4A,4,Double?,READ,,(unset)
0x4A730040,1249050688,0x4A730040,0x4A,4,Double?,READ,,(unset)
0x4A740010,1249116176,0x4A740010,0x4A,4,Double?,READ,,(unset)
0x4A740018,1249116184,0x4A740018,0x4A,4,Double?,READ,,(unset)
0x4A801010,1249906704,0x4A801010,0x4A,3,Float?,READ,,(unset)
0x4A801010,1249906704,0x4A801010,0x4A,2,Long?,READ,,(unset)
0x4A801018,1249906712,0x4A801018,0x4A,2,Long?,READ,,(unset)
0x4A80101C,1249906716,0x4A80101C,0x4A,23,?23,READ,,(unset)
0x4A80101E,1249906718,0x4A80101E,0x4A,23,?23,READ,,(unset)
0x4A801036,1249906742,0x4A801036,0x4A,23,?23,READ,,(unset)
0x4A802010,1249910800,0x4A802010,0x4A,23,?23,READ,,(unset)
0x4A802012,1249910802,0x4A802012,0x4A,23,?23,READ,,(unset)
0x4A802014,1249910804,0x4A802014,0x4A,23,?23,READ,,(unset)
0x4A802016,1249910806,0x4A802016,0x4A,23,?23,READ,,(unset)
0x4A802018,1249910808,0x4A802018,0x4A,23,?23,READ,,(unset)
0x4A80201A,1249910810,0x4A80201A,0x4A,23,?23,READ,,(unset)
0x4A80201C,1249910812,0x4A80201C,0x4A,23,?23,READ,,(unset)
0x4A80201E,1249910814,0x4A80201E,0x4A,23,?23,READ,,(unset)
0x4A802020,1249910816,0x4A802020,0x4A,23,?23,READ,,(unset)
0x4A900010,1250951184,0x4A900010,0x4A,12,?12,READ,,(unset)
0x4A900014,1250951188,0x4A900014,0x4A,12,?12,READ,,(unset)
0x4A900015,1250951189,0x4A900015,0x4A,18,?,READ,,(unset)
0x4A900017,1250951191,0x4A900017,0x4A,1,Integer?,READ,,(unset)
0x4A90001A,1250951194,0x4A90001A,0x4A,12,?12,READ,,(unset)
0x4A90002C,1250951212,0x4A90002C,0x4A,1,Integer?,READ,,(unset)
0x4A900036,1250951222,0x4A900036,0x4A,12,?12,READ,,(unset)
0x4A900038,1250951224,0x4A900038,0x4A,12,?12,READ,,(unset)
0x4A90003A,1250951226,0x4A90003A,0x4A,1,Integer?,READ,,(unset)
0x4AB00008,1253048328,0x4AB00008,0x4A,23,?23,READ,,(unset)
0x4AB0000D,1253048333,0x4AB0000D,0x4A,23,?23,READ,,(unset)
0x4AB00010,1253048336,0x4AB00010,0x4A,23,?23,READ,,(unset)
0x4AB00015,1253048341,0x4AB00015,0x4A,23,?23,READ,,(unset)
0x4AB00018,1253048344,0x4AB00018,0x4A,23,?23,READ,,(unset)
0x4AB0001D,1253048349,0x4AB0001D,0x4A,23,?23,READ,,(unset)
0x4AB00020,1253048352,0x4AB00020,0x4A,23,?23,READ,,(unset)
0x4AB00024,1253048356,0x4AB00024,0x4A,23,?23,READ,,(unset)
0x4AB00028,1253048360,0x4AB00028,0x4A,23,?23,READ,,(unset)
0x4AB0002C,1253048364,0x4AB0002C,0x4A,23,?23,READ,,(unset)
0x4AB00030,1253048368,0x4AB00030,0x4A,23,?23,READ,,(unset)
0x4AB00034,1253048372,0x4AB00034,0x4A,23,?23,READ,,(unset)
0x4AB00038,1253048376,0x4AB00038,0x4A,23,?23,READ,,(unset)
0x4AB0003C,1253048380,0x4AB0003C,0x4A,23,?23,READ,,(unset)
0x4AB00040,1253048384,0x4AB00040,0x4A,23,?23,READ,,(unset)
0x4AB00044,1253048388,0x4AB00044,0x4A,23,?23,READ,,(unset)
0x4AB00046,1253048390,0x4AB00046,0x4A,23,?23,READ,,(unset)
0x4AC0000D,1254096909,0x4AC0000D,0x4A,1,Integer?,READ,,(unset)
0x4AC0002C,1254096940,0x4AC0002C,0x4A,1,Integer?,READ,,(unset)
0x4AC00030,1254096944,0x4AC00030,0x4A,1,Integer?,READ,,(unset)
0x4AD00000,1255145472,0x4AD00000,0x4A,2,Long?,READ,,(unset)
0x4AD00008,1255145480,0x4AD00008,0x4A,23,?23,READ,,(unset)
0x4AD00009,1255145481,0x4AD00009,0x4A,23,?23,READ,,(unset)
0x4AD0000B,1255145483,0x4AD0000B,0x4A,23,?23,READ,,(unset)
0x4AD0000D,1255145485,0x4AD0000D,0x4A,23,?23,READ,,(unset)
0x4AD00010,1255145488,0x4AD00010,0x4A,23,?23,READ,,(unset)
0x4AD00018,1255145496,0x4AD00018,0x4A,23,?23,READ,,(unset)
0x4AD0001E,1255145502,0x4AD0001E,0x4A,23,?23,READ,,(unset)
0x4AD00020,1255145504,0x4AD00020,0x4A,23,?23,READ,,(unset)
0x4AD00028,1255145512,0x4AD00028,0x4A,23,?23,READ,,(unset)
0x4AF91612,1257838098,0x4AF91612,0x4A,2,Long?,READ,,(unset)
0x4B000000,1258291200,0x4B000000,0x4B,2,Long?,READ,,(unset)
0x4B000013,1258291219,0x4B000013,0x4B,13,?13,READ,,(unset)
0x4B000018,1258291224,0x4B000018,0x4B,13,?13,READ,,(unset)
0x4B00001A,1258291226,0x4B00001A,0x4B,13,?13,READ,,(unset)
0x4B00001C,1258291228,0x4B00001C,0x4B,13,?13,READ,,(unset)
0x4B00001E,1258291230,0x4B00001E,0x4B,13,?13,READ,,(unset)
0x4B000020,1258291232,0x4B000020,0x4B,13,?13,READ,,(unset)
0x4B000022,1258291234,0x4B000022,0x4B,13,?13,READ,,(unset)
0x4B000024,1258291236,0x4B000024,0x4B,13,?13,READ,,(unset)
0x4B000026,1258291238,0x4B000026,0x4B,13,?13,READ,,(unset)
0x4B000028,1258291240,0x4B000028,0x4B,13,?13,READ,,(unset)
0x4B00002C,1258291244,0x4B00002C,0x4B,13,?13,READ,,(unset)
0x4B000038,1258291256,0x4B000038,0x4B,13,?13,READ,,(unset)
0x4B00003E,1258291262,0x4B00003E,0x4B,13,?13,READ,,(unset)
0x4B100000,1259339776,0x4B100000,0x4B,2,Long?,READ,,(unset)
0x4B100010,1259339792,0x4B100010,0x4B,2,Long?,READ,,(unset)
0x4B100012,1259339794,0x4B100012,0x4B,2,Long?,READ,,(unset)
0x4B100016,1259339798,0x4B100016,0x4B,2,Long?,READ,,(unset)
0x4B100018,1259339800,0x4B100018,0x4B,2,Long?,READ,,(unset)
0x4B100020,1259339808,0x4B100020,0x4B,2,Long?,READ,,(unset)
0x4B100022,1259339810,0x4B100022,0x4B,2,Long?,READ,,(unset)
0x4B100027,1259339815,0x4B100027,0x4B,2,Long?,READ,,(unset)
0x4B200000,1260388352,0x4B200000,0x4B,2,Long?,READ,,(unset)
0x4B200010,1260388368,0x4B200010,0x4B,2,Long?,READ,,(unset)
0x4B200012,1260388370,0x4B200012,0x4B,2,Long?,READ,,(unset)
0x4B200016,1260388374,0x4B200016,0x4B,2,Long?,READ,,(unset)
0x4B200018,1260388376,0x4B200018,0x4B,2,Long?,READ,,(unset)
0x4B200020,1260388384,0x4B200020,0x4B,2,Long?,READ,,(unset)
0x4B200022,1260388386,0x4B200022,0x4B,2,Long?,READ,,(unset)
0x4B200027,1260388391,0x4B200027,0x4B,2,Long?,READ,,(unset)
0x4B300000,1261436928,0x4B300000,0x4B,2,Long?,READ,,(unset)
0x4B3000EB,1261437163,0x4B3000EB,0x4B,1,Integer?,READ,,(unset)
0x4B3000FC,1261437180,0x4B3000FC,0x4B,17,?17,READ,,(unset)
0x4B300102,1261437186,0x4B300102,0x4B,1,Integer?,READ,,(unset)
0x4B300103,1261437187,0x4B300103,0x4B,1,Integer?,READ,,(unset)
0x4B300104,1261437188,0x4B300104,0x4B,1,Integer?,READ,,(unset)
0x4B300188,1261437320,0x4B300188,0x4B,2,Long?,READ,4,CHARGING
0x4B300190,1261437328,0x4B300190,0x4B,2,Long?,READ,4,CHARGING
0x4B300198,1261437336,0x4B300198,0x4B,2,Long?,READ,4,CHARGING
0x4B3001A0,1261437344,0x4B3001A0,0x4B,2,Long?,READ,4,CHARGING
0x4B3001A8,1261437352,0x4B3001A8,0x4B,1,Integer?,READ,,(unset)
0x4B3001AA,1261437354,0x4B3001AA,0x4B,4,Double?,READ,,(unset)
0x4B3001AC,1261437356,0x4B3001AC,0x4B,4,Double?,READ,,(unset)
0x4B3001AE,1261437358,0x4B3001AE,0x4B,4,Double?,READ,,(unset)
0x4B3001B0,1261437360,0x4B3001B0,0x4B,1,Integer?,READ,,(unset)
0x4B3001B3,1261437363,0x4B3001B3,0x4B,1,Integer?,READ,,(unset)
0x4B3001B4,1261437364,0x4B3001B4,0x4B,1,Integer?,READ,,(unset)
0x4B3001B6,1261437366,0x4B3001B6,0x4B,1,Integer?,READ,,(unset)
0x4B3001B8,1261437368,0x4B3001B8,0x4B,1,Integer?,READ,,(unset)
0x4B3001BB,1261437371,0x4B3001BB,0x4B,1,Integer?,READ,,(unset)
0x4B3001BC,1261437372,0x4B3001BC,0x4B,2,Long?,READ,,(unset)
0x4B3001BD,1261437373,0x4B3001BD,0x4B,2,Long?,READ,,(unset)
0x4B3001BE,1261437374,0x4B3001BE,0x4B,2,Long?,READ,,(unset)
0x4B3001BF,1261437375,0x4B3001BF,0x4B,2,Long?,READ,,(unset)
0x4B3001C0,1261437376,0x4B3001C0,0x4B,2,Long?,READ,,(unset)
0x4B3001C1,1261437377,0x4B3001C1,0x4B,2,Long?,READ,,(unset)
0x4B3001C2,1261437378,0x4B3001C2,0x4B,2,Long?,READ,,(unset)
0x4B3001C3,1261437379,0x4B3001C3,0x4B,2,Long?,READ,,(unset)
0x4B3001C4,1261437380,0x4B3001C4,0x4B,2,Long?,READ,,(unset)
0x4B3001C5,1261437381,0x4B3001C5,0x4B,2,Long?,READ,,(unset)
0x4B3001C6,1261437382,0x4B3001C6,0x4B,2,Long?,READ,,(unset)
0x4B3001C7,1261437383,0x4B3001C7,0x4B,2,Long?,READ,,(unset)
0x4B3001C8,1261437384,0x4B3001C8,0x4B,2,Long?,READ,,(unset)
0x4B3001C9,1261437385,0x4B3001C9,0x4B,2,Long?,READ,,(unset)
0x4B3001CA,1261437386,0x4B3001CA,0x4B,2,Long?,READ,,(unset)
0x4B3001CB,1261437387,0x4B3001CB,0x4B,2,Long?,READ,,(unset)
0x4B3001D6,1261437398,0x4B3001D6,0x4B,17,?17,READ,,(unset)
0x4B3001D8,1261437400,0x4B3001D8,0x4B,17,?17,READ,,(unset)
0x4B3001DC,1261437404,0x4B3001DC,0x4B,2,Long?,READ,,(unset)
0x4B3001DE,1261437406,0x4B3001DE,0x4B,2,Long?,READ,,(unset)
0x4B3001E5,1261437413,0x4B3001E5,0x4B,1,Integer?,READ,,(unset)
0x4B3001E8,1261437416,0x4B3001E8,0x4B,1,Integer?,READ,,(unset)
0x4B3001E9,1261437417,0x4B3001E9,0x4B,1,Integer?,READ,,(unset)
0x4B3001EA,1261437418,0x4B3001EA,0x4B,1,Integer?,READ,,(unset)
0x4B3001EB,1261437419,0x4B3001EB,0x4B,1,Integer?,READ,,(unset)
0x4B3001EC,1261437420,0x4B3001EC,0x4B,2,Long?,READ,,(unset)
0x4B3001EE,1261437422,0x4B3001EE,0x4B,2,Long?,READ,,(unset)
0x4B3001F0,1261437424,0x4B3001F0,0x4B,2,Long?,READ,,(unset)
0x4B3001F2,1261437426,0x4B3001F2,0x4B,2,Long?,READ,,(unset)
0x4B300200,1261437440,0x4B300200,0x4B,1,Integer?,READ,,(unset)
0x4B400008,1262485512,0x4B400008,0x4B,34,?,READ,,(unset)
0x4B400009,1262485513,0x4B400009,0x4B,34,?,READ,,(unset)
0x4B500008,1263534088,0x4B500008,0x4B,23,?23,READ,,(unset)
0x4B50000A,1263534090,0x4B50000A,0x4B,23,?23,READ,,(unset)
0x4B50000B,1263534091,0x4B50000B,0x4B,23,?23,READ,,(unset)
0x4B500010,1263534096,0x4B500010,0x4B,23,?23,READ,,(unset)
0x4B500012,1263534098,0x4B500012,0x4B,23,?23,READ,,(unset)
0x4B500015,1263534101,0x4B500015,0x4B,23,?23,READ,,(unset)
0x4B500018,1263534104,0x4B500018,0x4B,23,?23,READ,,(unset)
0x4B50001D,1263534109,0x4B50001D,0x4B,23,?23,READ,,(unset)
0x4B50001E,1263534110,0x4B50001E,0x4B,23,?23,READ,,(unset)
0x4B50001F,1263534111,0x4B50001F,0x4B,23,?23,READ,,(unset)
0x4B500020,1263534112,0x4B500020,0x4B,23,?23,READ,,(unset)
0x4B500021,1263534113,0x4B500021,0x4B,23,?23,READ,,(unset)
0x4B500024,1263534116,0x4B500024,0x4B,23,?23,READ,,(unset)
0x4B500028,1263534120,0x4B500028,0x4B,23,?23,READ,,(unset)
0x4B50002A,1263534122,0x4B50002A,0x4B,23,?23,READ,,(unset)
0x4B50002C,1263534124,0x4B50002C,0x4B,23,?23,READ,,(unset)
0x4B50002E,1263534126,0x4B50002E,0x4B,23,?23,READ,,(unset)
0x4B500030,1263534128,0x4B500030,0x4B,23,?23,READ,,(unset)
0x4B500032,1263534130,0x4B500032,0x4B,23,?23,READ,,(unset)
0x4B500034,1263534132,0x4B500034,0x4B,23,?23,READ,,(unset)
0x4B500038,1263534136,0x4B500038,0x4B,23,?23,READ,,(unset)
0x4B50003C,1263534140,0x4B50003C,0x4B,23,?23,READ,,(unset)
0x4B500040,1263534144,0x4B500040,0x4B,23,?23,READ,,(unset)
0x4B500044,1263534148,0x4B500044,0x4B,23,?23,READ,,(unset)
0x4B60000B,1264582667,0x4B60000B,0x4B,1,Integer?,READ,,(unset)
0x4B800000,1266679808,0x4B800000,0x4B,2,Long?,READ,,(unset)
0x4B800008,1266679816,0x4B800008,0x4B,23,?23,READ,,(unset)
0x4B80000C,1266679820,0x4B80000C,0x4B,23,?23,READ,,(unset)
0x4B800010,1266679824,0x4B800010,0x4B,23,?23,READ,,(unset)
0x4B800016,1266679830,0x4B800016,0x4B,23,?23,READ,,(unset)
0x4B800018,1266679832,0x4B800018,0x4B,23,?23,READ,,(unset)
0x4B800022,1266679842,0x4B800022,0x4B,23,?23,READ,,(unset)
0x4B800024,1266679844,0x4B800024,0x4B,23,?23,READ,,(unset)
0x4B800024,1266679844,0x4B800024,0x4B,1,Integer?,READ,,(unset)
0x4B800028,1266679848,0x4B800028,0x4B,23,?23,READ,,(unset)
0x4B80002D,1266679853,0x4B80002D,0x4B,23,?23,READ,,(unset)
0x4B800030,1266679856,0x4B800030,0x4B,23,?23,READ,,(unset)
0x4B800034,1266679860,0x4B800034,0x4B,23,?23,READ,,(unset)
0x4B800038,1266679864,0x4B800038,0x4B,23,?23,READ,,(unset)
0x4B80003C,1266679868,0x4B80003C,0x4B,23,?23,READ,,(unset)
0x4B800040,1266679872,0x4B800040,0x4B,23,?23,READ,,(unset)
0x4B800042,1266679874,0x4B800042,0x4B,23,?23,READ,,(unset)
0x4B800044,1266679876,0x4B800044,0x4B,23,?23,READ,,(unset)
0x4B800046,1266679878,0x4B800046,0x4B,23,?23,READ,,(unset)
0x4B900008,1267728392,0x4B900008,0x4B,2,Long?,READ,,(unset)
0x4B90000C,1267728396,0x4B90000C,0x4B,2,Long?,READ,,(unset)
0x4B90000E,1267728398,0x4B90000E,0x4B,2,Long?,READ,,(unset)
0x4B900010,1267728400,0x4B900010,0x4B,2,Long?,READ,,(unset)
0x4B900018,1267728408,0x4B900018,0x4B,2,Long?,READ,,(unset)
0x4B90002E,1267728430,0x4B90002E,0x4B,19,?,READ,,(unset)
0x4BB00000,1269825536,0x4BB00000,0x4B,2,Long?,READ,,(unset)
0x4BB000D0,1269825744,0x4BB000D0,0x4B,2,Long?,READ,,(unset)
0x4BB000D8,1269825752,0x4BB000D8,0x4B,2,Long?,READ,,(unset)
0x4BB000E0,1269825760,0x4BB000E0,0x4B,2,Long?,READ,,(unset)
0x4BB000E8,1269825768,0x4BB000E8,0x4B,2,Long?,READ,,(unset)
0x4BB000F0,1269825776,0x4BB000F0,0x4B,2,Long?,READ,,(unset)
0x4BB000F8,1269825784,0x4BB000F8,0x4B,2,Long?,READ,,(unset)
0x4BB000FA,1269825786,0x4BB000FA,0x4B,2,Long?,READ,,(unset)
0x4BB000FC,1269825788,0x4BB000FC,0x4B,2,Long?,READ,,(unset)
0x4BB000FE,1269825790,0x4BB000FE,0x4B,2,Long?,READ,,(unset)
0x4BB00100,1269825792,0x4BB00100,0x4B,2,Long?,READ,,(unset)
0x4BB00102,1269825794,0x4BB00102,0x4B,2,Long?,READ,,(unset)
0x4BB00104,1269825796,0x4BB00104,0x4B,2,Long?,READ,,(unset)
0x4BB00106,1269825798,0x4BB00106,0x4B,2,Long?,READ,,(unset)
0x4BB00108,1269825800,0x4BB00108,0x4B,2,Long?,READ,,(unset)
0x4BB0010A,1269825802,0x4BB0010A,0x4B,2,Long?,READ,,(unset)
0x4BB00110,1269825808,0x4BB00110,0x4B,2,Long?,READ,4,CHARGING
0x4BB00118,1269825816,0x4BB00118,0x4B,2,Long?,READ,4,CHARGING
0x4BB00150,1269825872,0x4BB00150,0x4B,13,?13,READ,,(unset)
0x4BB00158,1269825880,0x4BB00158,0x4B,13,?13,READ,,(unset)
0x4BB00160,1269825888,0x4BB00160,0x4B,13,?13,READ,,(unset)
0x4BB00168,1269825896,0x4BB00168,0x4B,13,?13,READ,,(unset)
0x4BB00170,1269825904,0x4BB00170,0x4B,13,?13,READ,,(unset)
0x4BB00178,1269825912,0x4BB00178,0x4B,13,?13,READ,,(unset)
0x4BB00180,1269825920,0x4BB00180,0x4B,13,?13,READ,,(unset)
0x4BB00188,1269825928,0x4BB00188,0x4B,13,?13,READ,,(unset)
0x4BB00190,1269825936,0x4BB00190,0x4B,13,?13,READ,,(unset)
0x4BB00192,1269825938,0x4BB00192,0x4B,13,?13,READ,,(unset)
0x4BB00194,1269825940,0x4BB00194,0x4B,13,?13,READ,,(unset)
0x4BB00196,1269825942,0x4BB00196,0x4B,13,?13,READ,,(unset)
0x4BB00198,1269825944,0x4BB00198,0x4B,13,?13,READ,,(unset)
0x4BB0019A,1269825946,0x4BB0019A,0x4B,13,?13,READ,,(unset)
0x4BB0019C,1269825948,0x4BB0019C,0x4B,13,?13,READ,,(unset)
0x4BB0019E,1269825950,0x4BB0019E,0x4B,13,?13,READ,,(unset)
0x4BB001A0,1269825952,0x4BB001A0,0x4B,13,?13,READ,,(unset)
0x4BB001A2,1269825954,0x4BB001A2,0x4B,13,?13,READ,,(unset)
0x4BB001A4,1269825956,0x4BB001A4,0x4B,13,?13,READ,,(unset)
0x4BB001B8,1269825976,0x4BB001B8,0x4B,13,?13,READ,,(unset)
0x4BB001BA,1269825978,0x4BB001BA,0x4B,13,?13,READ,,(unset)
0x4BB001BC,1269825980,0x4BB001BC,0x4B,13,?13,READ,,(unset)
0x4BB001C0,1269825984,0x4BB001C0,0x4B,13,?13,READ,,(unset)
0x4BB001C2,1269825986,0x4BB001C2,0x4B,1,Integer?,READ,,(unset)
0x4BB001C4,1269825988,0x4BB001C4,0x4B,1,Integer?,READ,,(unset)
0x4BB001C8,1269825992,0x4BB001C8,0x4B,1,Integer?,READ,,(unset)
0x4BB001CC,1269825996,0x4BB001CC,0x4B,1,Integer?,READ,,(unset)
0x4BB001CE,1269825998,0x4BB001CE,0x4B,1,Integer?,READ,,(unset)
0x4BB001EE,1269826030,0x4BB001EE,0x4B,13,?13,READ,,(unset)
0x4BB001F0,1269826032,0x4BB001F0,0x4B,13,?13,READ,,(unset)
0x4BB001F8,1269826040,0x4BB001F8,0x4B,13,?13,READ,,(unset)
0x4BB00205,1269826053,0x4BB00205,0x4B,13,?13,READ,,(unset)
0x4BC00038,1270874168,0x4BC00038,0x4B,1,Integer?,READ,,(unset)
0x4BC0003A,1270874170,0x4BC0003A,0x4B,1,Integer?,READ,,(unset)
0x4BC0003C,1270874172,0x4BC0003C,0x4B,1,Integer?,READ,,(unset)
0x4BC00040,1270874176,0x4BC00040,0x4B,1,Integer?,READ,,(unset)
0x4BC00042,1270874178,0x4BC00042,0x4B,1,Integer?,READ,,(unset)
0x4BC00044,1270874180,0x4BC00044,0x4B,1,Integer?,READ,,(unset)
0x4BD03800,1271937024,0x4BD03800,0x4B,2,Long?,READ,,(unset)
0x4BD03825,1271937061,0x4BD03825,0x4B,18,?,READ,,(unset)
0x4BD03828,1271937064,0x4BD03828,0x4B,18,?,READ,,(unset)
0x4BD06800,1271949312,0x4BD06800,0x4B,2,Long?,READ,,(unset)
0x4BD06838,1271949368,0x4BD06838,0x4B,4,Double?,READ,,(unset)
0x4BD06840,1271949376,0x4BD06840,0x4B,4,Double?,READ,,(unset)
0x4BD06843,1271949379,0x4BD06843,0x4B,4,Double?,READ,,(unset)
0x4BD06844,1271949380,0x4BD06844,0x4B,4,Double?,READ,,(unset)
0x4BD08800,1271957504,0x4BD08800,0x4B,2,Long?,READ,,(unset)
0x4BD09800,1271961600,0x4BD09800,0x4B,2,Long?,READ,,(unset)
0x4BD09842,1271961666,0x4BD09842,0x4B,4,Double?,READ,,(unset)
0x4BD0A800,1271965696,0x4BD0A800,0x4B,2,Long?,READ,,(unset)
0x4BD0A820,1271965728,0x4BD0A820,0x4B,4,Double?,READ,,(unset)
0x4BD0A838,1271965752,0x4BD0A838,0x4B,4,Double?,READ,4,CHARGING
0x4BD0A843,1271965763,0x4BD0A843,0x4B,4,Double?,READ,,(unset)
0x4BE00010,1272971280,0x4BE00010,0x4B,1,Integer?,READ,,(unset)
0x4BE0002B,1272971307,0x4BE0002B,0x4B,1,Integer?,READ,,(unset)
0x4BE0002C,1272971308,0x4BE0002C,0x4B,1,Integer?,READ,,(unset)
0x4BE00030,1272971312,0x4BE00030,0x4B,1,Integer?,READ,,(unset)
0x4BF00000,1274019840,0x4BF00000,0x4B,2,Long?,READ,,(unset)
0x4BF0001C,1274019868,0x4BF0001C,0x4B,2,Long?,READ,,(unset)
0x4BF00023,1274019875,0x4BF00023,0x4B,1,Integer?,READ,,(unset)
0x4BF00027,1274019879,0x4BF00027,0x4B,2,Long?,READ,,(unset)
0x4BF0002D,1274019885,0x4BF0002D,0x4B,1,Integer?,READ,,(unset)
0x4BF00036,1274019894,0x4BF00036,0x4B,1,Integer?,READ,,(unset)
0x4BF00038,1274019896,0x4BF00038,0x4B,3,Float?,READ,,(unset)
0x4BF0003D,1274019901,0x4BF0003D,0x4B,1,Integer?,READ,,(unset)
0x4BF00044,1274019908,0x4BF00044,0x4B,33,?,READ,,(unset)
0x4BF00047,1274019911,0x4BF00047,0x4B,1,Integer?,READ,,(unset)
0x4C000000,1275068416,0x4C000000,0x4C,2,Long?,READ,,(unset)
0x4C00000B,1275068427,0x4C00000B,0x4C,23,?23,READ,,(unset)
0x4C000010,1275068432,0x4C000010,0x4C,23,?23,READ,,(unset)
0x4C10E000,1276174336,0x4C10E000,0x4C,2,Long?,READ,,(unset)
0x4C201000,1277169664,0x4C201000,0x4C,2,Long?,READ,,(unset)
0x4C201008,1277169672,0x4C201008,0x4C,4,Double?,READ,,(unset)
0x4C201010,1277169680,0x4C201010,0x4C,4,Double?,READ,,(unset)
0x4C201013,1277169683,0x4C201013,0x4C,4,Double?,READ,,(unset)
0x4C201018,1277169688,0x4C201018,0x4C,4,Double?,READ,,(unset)
0x4C201020,1277169696,0x4C201020,0x4C,4,Double?,READ,,(unset)
0x4C202000,1277173760,0x4C202000,0x4C,2,Long?,READ,,(unset)
0x4C202008,1277173768,0x4C202008,0x4C,4,Double?,READ,,(unset)
0x4C202010,1277173776,0x4C202010,0x4C,4,Double?,READ,,(unset)
0x4C202018,1277173784,0x4C202018,0x4C,4,Double?,READ,,(unset)
0x4C202020,1277173792,0x4C202020,0x4C,4,Double?,READ,,(unset)
0x4C202021,1277173793,0x4C202021,0x4C,4,Double?,READ,,(unset)
0x4C202022,1277173794,0x4C202022,0x4C,4,Double?,READ,,(unset)
0x4C202023,1277173795,0x4C202023,0x4C,4,Double?,READ,,(unset)
0x4C202024,1277173796,0x4C202024,0x4C,4,Double?,READ,,(unset)
0x4C202025,1277173797,0x4C202025,0x4C,4,Double?,READ,,(unset)
0x4C202026,1277173798,0x4C202026,0x4C,4,Double?,READ,,(unset)
0x4C202028,1277173800,0x4C202028,0x4C,4,Double?,READ,,(unset)
0x4C203000,1277177856,0x4C203000,0x4C,2,Long?,READ,,(unset)
0x4C203008,1277177864,0x4C203008,0x4C,4,Double?,READ,,(unset)
0x4C203010,1277177872,0x4C203010,0x4C,4,Double?,READ,,(unset)
0x4C203018,1277177880,0x4C203018,0x4C,4,Double?,READ,,(unset)
0x4C203020,1277177888,0x4C203020,0x4C,4,Double?,READ,,(unset)
0x4C203021,1277177889,0x4C203021,0x4C,4,Double?,READ,,(unset)
0x4C203022,1277177890,0x4C203022,0x4C,4,Double?,READ,,(unset)
0x4C203023,1277177891,0x4C203023,0x4C,4,Double?,READ,,(unset)
0x4C203024,1277177892,0x4C203024,0x4C,4,Double?,READ,,(unset)
0x4C203025,1277177893,0x4C203025,0x4C,4,Double?,READ,,(unset)
0x4C203026,1277177894,0x4C203026,0x4C,4,Double?,READ,,(unset)
0x4C203028,1277177896,0x4C203028,0x4C,4,Double?,READ,,(unset)
0x4C400000,1279262720,0x4C400000,0x4C,2,Long?,READ,,(unset)
0x4C400098,1279262872,0x4C400098,0x4C,22,?22,READ,,(unset)
0x4C500000,1280311296,0x4C500000,0x4C,2,Long?,READ,,(unset)
0x4C600008,1281359880,0x4C600008,0x4C,23,?23,READ,,(unset)
0x4C60000C,1281359884,0x4C60000C,0x4C,23,?23,READ,,(unset)
0x4C600010,1281359888,0x4C600010,0x4C,23,?23,READ,,(unset)
0x4C600015,1281359893,0x4C600015,0x4C,23,?23,READ,,(unset)
0x4C600018,1281359896,0x4C600018,0x4C,23,?23,READ,,(unset)
0x4C60001D,1281359901,0x4C60001D,0x4C,23,?23,READ,,(unset)
0x4C600020,1281359904,0x4C600020,0x4C,23,?23,READ,,(unset)
0x4C600025,1281359909,0x4C600025,0x4C,23,?23,READ,,(unset)
0x4C600028,1281359912,0x4C600028,0x4C,23,?23,READ,,(unset)
0x4C60002D,1281359917,0x4C60002D,0x4C,23,?23,READ,,(unset)
0x4C600030,1281359920,0x4C600030,0x4C,23,?23,READ,,(unset)
0x4C600035,1281359925,0x4C600035,0x4C,23,?23,READ,,(unset)
0x4C600038,1281359928,0x4C600038,0x4C,23,?23,READ,,(unset)
0x4C60003E,1281359934,0x4C60003E,0x4C,23,?23,READ,,(unset)
0x4C60003F,1281359935,0x4C60003F,0x4C,23,?23,READ,,(unset)
0x4C600040,1281359936,0x4C600040,0x4C,23,?23,READ,,(unset)
0x4C600045,1281359941,0x4C600045,0x4C,23,?23,READ,,(unset)
0x4C600046,1281359942,0x4C600046,0x4C,23,?23,READ,,(unset)
0x4C600047,1281359943,0x4C600047,0x4C,23,?23,READ,,(unset)
0x4C700000,1282408448,0x4C700000,0x4C,2,Long?,READ,,(unset)
0x4C700162,1282408802,0x4C700162,0x4C,1,Integer?,READ,,(unset)
0x4C700168,1282408808,0x4C700168,0x4C,2,Long?,READ,,(unset)
0x4C70016A,1282408810,0x4C70016A,0x4C,2,Long?,READ,,(unset)
0x4C70016C,1282408812,0x4C70016C,0x4C,2,Long?,READ,,(unset)
0x4C700170,1282408816,0x4C700170,0x4C,1,Integer?,READ,,(unset)
0x4C700174,1282408820,0x4C700174,0x4C,2,Long?,READ,,(unset)
0x4C7001F4,1282408948,0x4C7001F4,0x4C,13,?13,READ,,(unset)
0x4C7001F6,1282408950,0x4C7001F6,0x4C,13,?13,READ,,(unset)
0x4C7001F8,1282408952,0x4C7001F8,0x4C,13,?13,READ,,(unset)
0x4C800000,1283457024,0x4C800000,0x4C,2,Long?,READ,,(unset)
0x4C800022,1283457058,0x4C800022,0x4C,3,Float?,READ,,(unset)
0x4C800028,1283457064,0x4C800028,0x4C,3,Float?,READ,,(unset)
0x4C800046,1283457094,0x4C800046,0x4C,3,Float?,READ,,(unset)
0x4C900000,1284505600,0x4C900000,0x4C,2,Long?,READ,,(unset)
0x4C900096,1284505750,0x4C900096,0x4C,2,Long?,READ,,(unset)
0x4C900099,1284505753,0x4C900099,0x4C,2,Long?,READ,,(unset)
0x4C90009B,1284505755,0x4C90009B,0x4C,2,Long?,READ,,(unset)
0x4C90009D,1284505757,0x4C90009D,0x4C,2,Long?,READ,,(unset)
0x4C90009F,1284505759,0x4C90009F,0x4C,2,Long?,READ,,(unset)
0x4C9000A0,1284505760,0x4C9000A0,0x4C,1,Integer?,READ,,(unset)
0x4C9000A8,1284505768,0x4C9000A8,0x4C,1,Integer?,READ,,(unset)
0x4C9000B0,1284505776,0x4C9000B0,0x4C,1,Integer?,READ,,(unset)
0x4C9000B3,1284505779,0x4C9000B3,0x4C,1,Integer?,READ,,(unset)
0x4C9000BE,1284505790,0x4C9000BE,0x4C,2,Long?,READ,,(unset)
0x4C9000E0,1284505824,0x4C9000E0,0x4C,2,Long?,READ,,(unset)
0x4C9000E2,1284505826,0x4C9000E2,0x4C,2,Long?,READ,,(unset)
0x4CC00400,1287652352,0x4CC00400,0x4C,2,Long?,READ,,(unset)
0x4CC00408,1287652360,0x4CC00408,0x4C,1,Integer?,READ,,(unset)
0x4CC00410,1287652368,0x4CC00410,0x4C,1,Integer?,READ,,(unset)
0x4CC00438,1287652408,0x4CC00438,0x4C,1,Integer?,READ,,(unset)
0x4CC00448,1287652424,0x4CC00448,0x4C,1,Integer?,READ,,(unset)
0x4CC00458,1287652440,0x4CC00458,0x4C,1,Integer?,READ,,(unset)
0x4CC00460,1287652448,0x4CC00460,0x4C,1,Integer?,READ,,(unset)
0x4CC00468,1287652456,0x4CC00468,0x4C,1,Integer?,READ,,(unset)
0x4CC00478,1287652472,0x4CC00478,0x4C,1,Integer?,READ,,(unset)
0x4D000000,1291845632,0x4D000000,0x4D,2,Long?,READ,,(unset)
0x4D00000B,1291845643,0x4D00000B,0x4D,2,Long?,READ,,(unset)
0x4D00000C,1291845644,0x4D00000C,0x4D,2,Long?,READ,,(unset)
0x4D00000D,1291845645,0x4D00000D,0x4D,2,Long?,READ,,(unset)
0x4D000040,1291845696,0x4D000040,0x4D,2,Long?,READ,,(unset)
0x4D200000,1293942784,0x4D200000,0x4D,2,Long?,READ,,(unset)
0x4D200008,1293942792,0x4D200008,0x4D,34,?,READ,,(unset)
0x4D20000A,1293942794,0x4D20000A,0x4D,34,?,READ,,(unset)
0x4D200010,1293942800,0x4D200010,0x4D,34,?,READ,,(unset)
0x4D200014,1293942804,0x4D200014,0x4D,34,?,READ,,(unset)
0x4D200018,1293942808,0x4D200018,0x4D,34,?,READ,,(unset)
0x4D20001A,1293942810,0x4D20001A,0x4D,34,?,READ,,(unset)
0x4D20001E,1293942814,0x4D20001E,0x4D,34,?,READ,,(unset)
0x4D601000,1298141184,0x4D601000,0x4D,2,Long?,READ,,(unset)
0x4D60103C,1298141244,0x4D60103C,0x4D,3,Float?,READ,,(unset)
0x4D603000,1298149376,0x4D603000,0x4D,2,Long?,READ,,(unset)
0x4D603010,1298149392,0x4D603010,0x4D,3,Float?,READ,1,SETTING
0x4D604000,1298153472,0x4D604000,0x4D,2,Long?,READ,,(unset)
0x4D604010,1298153488,0x4D604010,0x4D,3,Float?,READ,,(unset)
0x4D604020,1298153504,0x4D604020,0x4D,3,Float?,READ,,(unset)
0x4D604030,1298153520,0x4D604030,0x4D,3,Float?,READ,,(unset)
0x4D604038,1298153528,0x4D604038,0x4D,3,Float?,READ,,(unset)
0x4D604044,1298153540,0x4D604044,0x4D,3,Float?,READ,,(unset)
0x4D604046,1298153542,0x4D604046,0x4D,3,Float?,READ,,(unset)
0x4D90103A,1301286970,0x4D90103A,0x4D,13,?13,READ,,(unset)
0x4D90103C,1301286972,0x4D90103C,0x4D,13,?13,READ,,(unset)
0x4D90103E,1301286974,0x4D90103E,0x4D,13,?13,READ,,(unset)
0x4D902000,1301291008,0x4D902000,0x4D,1,Integer?,READ,,(unset)
0x4D902010,1301291024,0x4D902010,0x4D,1,Integer?,READ,,(unset)
0x4D902012,1301291026,0x4D902012,0x4D,1,Integer?,READ,,(unset)
0x4D902012,1301291026,0x4D902012,0x4D,13,?13,READ,,(unset)
0x4D902014,1301291028,0x4D902014,0x4D,1,Integer?,READ,,(unset)
0x4D902016,1301291030,0x4D902016,0x4D,1,Integer?,READ,,(unset)
0x4D902018,1301291032,0x4D902018,0x4D,1,Integer?,READ,,(unset)
0x4D90201B,1301291035,0x4D90201B,0x4D,13,?13,READ,,(unset)
0x4D90201D,1301291037,0x4D90201D,0x4D,13,?13,READ,,(unset)
0x4D902026,1301291046,0x4D902026,0x4D,13,?13,READ,,(unset)
0x4D902028,1301291048,0x4D902028,0x4D,13,?13,READ,,(unset)
0x4D902030,1301291056,0x4D902030,0x4D,1,Integer?,READ,,(unset)
0x4D902040,1301291072,0x4D902040,0x4D,13,?13,READ,,(unset)
0x4D905045,1301303365,0x4D905045,0x4D,13,?13,READ,,(unset)
0x4DA00008,1302331400,0x4DA00008,0x4D,15,?,READ,,(unset)
0x4DA00100,1302331648,0x4DA00100,0x4D,15,?,READ,,(unset)
0x4DA00118,1302331672,0x4DA00118,0x4D,15,?,READ,,(unset)
0x4DA00164,1302331748,0x4DA00164,0x4D,15,?,READ,,(unset)
0x4DA0016C,1302331756,0x4DA0016C,0x4D,15,?,READ,,(unset)
0x4DA00192,1302331794,0x4DA00192,0x4D,15,?,READ,,(unset)
0x4DA001F8,1302331896,0x4DA001F8,0x4D,6,?,READ,4,CHARGING
0x4DC00000,1304428544,0x4DC00000,0x4D,2,Long?,READ,,(unset)
0x4E200000,1310720000,0x4E200000,0x4E,2,Long?,READ,,(unset)
0x4E20001E,1310720030,0x4E20001E,0x4E,2,Long?,READ,,(unset)
0x4E200022,1310720034,0x4E200022,0x4E,1,Integer?,READ,,(unset)
0x4E200024,1310720036,0x4E200024,0x4E,1,Integer?,READ,,(unset)
0x4E200026,1310720038,0x4E200026,0x4E,1,Integer?,READ,,(unset)
0x4E200032,1310720050,0x4E200032,0x4E,2,Long?,READ,,(unset)
0x4E200043,1310720067,0x4E200043,0x4E,1,Integer?,READ,,(unset)
0x4E200046,1310720070,0x4E200046,0x4E,1,Integer?,READ,,(unset)
0x4E200047,1310720071,0x4E200047,0x4E,1,Integer?,READ,,(unset)
0x4E501000,1313869824,0x4E501000,0x4E,2,Long?,READ,,(unset)
0x4E501010,1313869840,0x4E501010,0x4E,1,Integer?,READ,,(unset)
0x4E600008,1314914312,0x4E600008,0x4E,1,Integer?,READ,,(unset)
0x4E60000A,1314914314,0x4E60000A,0x4E,13,?13,READ,,(unset)
0x4E600010,1314914320,0x4E600010,0x4E,13,?13,READ,,(unset)
0x4E600014,1314914324,0x4E600014,0x4E,13,?13,READ,,(unset)
0x4E600016,1314914326,0x4E600016,0x4E,13,?13,READ,,(unset)
0x4E600018,1314914328,0x4E600018,0x4E,13,?13,READ,,(unset)
0x4E60001A,1314914330,0x4E60001A,0x4E,13,?13,READ,,(unset)
0x4E600026,1314914342,0x4E600026,0x4E,13,?13,READ,,(unset)
0x4E60003C,1314914364,0x4E60003C,0x4E,13,?13,READ,,(unset)
0x4E800000,1317011456,0x4E800000,0x4E,2,Long?,READ,,(unset)
0x4E800008,1317011464,0x4E800008,0x4E,4,Double?,READ,,(unset)
0x4E800009,1317011465,0x4E800009,0x4E,24,?24,READ,,(unset)
0x4E800010,1317011472,0x4E800010,0x4E,24,?24,READ,,(unset)
0x4E800014,1317011476,0x4E800014,0x4E,24,?24,READ,,(unset)
0x4E900000,1318060032,0x4E900000,0x4E,2,Long?,READ,,(unset)
0x4E900008,1318060040,0x4E900008,0x4E,4,Double?,READ,,(unset)
0x4E900009,1318060041,0x4E900009,0x4E,24,?24,READ,,(unset)
0x4E900010,1318060048,0x4E900010,0x4E,24,?24,READ,,(unset)
0x4E900014,1318060052,0x4E900014,0x4E,24,?24,READ,,(unset)
0x4EA00008,1319108616,0x4EA00008,0x4E,21,?,READ,,(unset)
0x4EA0000A,1319108618,0x4EA0000A,0x4E,21,?,READ,,(unset)
0x4EA00010,1319108624,0x4EA00010,0x4E,21,?,READ,,(unset)
0x4EA00015,1319108629,0x4EA00015,0x4E,14,?,READ,,(unset)
0x4EA00018,1319108632,0x4EA00018,0x4E,14,?,READ,,(unset)
0x4EA0001A,1319108634,0x4EA0001A,0x4E,21,?,READ,,(unset)
0x4EA0001E,1319108638,0x4EA0001E,0x4E,14,?,READ,,(unset)
0x4EA00028,1319108648,0x4EA00028,0x4E,21,?,READ,,(unset)
0x4EB03020,1320169504,0x4EB03020,0x4E,,?,READ,,(unset)
0x4EB05024,1320177700,0x4EB05024,0x4E,,?,READ,,(unset)
0x4EB0502E,1320177710,0x4EB0502E,0x4E,,?,READ,,(unset)
0x4EB08038,1320190008,0x4EB08038,0x4E,,?,READ,,(unset)
0x4EC00000,1321205760,0x4EC00000,0x4E,2,Long?,READ,,(unset)
0x4EC0001E,1321205790,0x4EC0001E,0x4E,2,Long?,READ,,(unset)
0x4EC00022,1321205794,0x4EC00022,0x4E,1,Integer?,READ,,(unset)
0x4EC00024,1321205796,0x4EC00024,0x4E,1,Integer?,READ,,(unset)
0x4EC00026,1321205798,0x4EC00026,0x4E,1,Integer?,READ,,(unset)
0x4EC00032,1321205810,0x4EC00032,0x4E,2,Long?,READ,,(unset)
0x4EC00043,1321205827,0x4EC00043,0x4E,1,Integer?,READ,,(unset)
0x4EC00046,1321205830,0x4EC00046,0x4E,1,Integer?,READ,,(unset)
0x4EC00047,1321205831,0x4EC00047,0x4E,1,Integer?,READ,,(unset)
0x4EDFF000,1323298816,0x4EDFF000,0x4E,2,Long?,READ,,(unset)
0x4EDFF010,1323298832,0x4EDFF010,0x4E,1,Integer?,READ,,(unset)
0x4EE00000,1323302912,0x4EE00000,0x4E,2,Long?,READ,,(unset)
0x4EE00010,1323302928,0x4EE00010,0x4E,17,?17,READ,,(unset)
0x4EE00012,1323302930,0x4EE00012,0x4E,2,Long?,READ,,(unset)
0x4F100024,1326448676,0x4F100024,0x4F,13,?13,READ,,(unset)
0x4F100026,1326448678,0x4F100026,0x4F,13,?13,READ,,(unset)
0x4F100028,1326448680,0x4F100028,0x4F,13,?13,READ,,(unset)
0x4F10002A,1326448682,0x4F10002A,0x4F,13,?13,READ,,(unset)
0x4F10002C,1326448684,0x4F10002C,0x4F,13,?13,READ,,(unset)
0x4F10002E,1326448686,0x4F10002E,0x4F,13,?13,READ,,(unset)
0x4F100030,1326448688,0x4F100030,0x4F,13,?13,READ,,(unset)
0x4F100032,1326448690,0x4F100032,0x4F,13,?13,READ,,(unset)
0x4F100034,1326448692,0x4F100034,0x4F,13,?13,READ,,(unset)
0x4F200800,1327499264,0x4F200800,0x4F,2,Long?,READ,,(unset)
0x4F200808,1327499272,0x4F200808,0x4F,16,?,READ,,(unset)
0x4F401000,1329598464,0x4F401000,0x4F,14,?,READ,,(unset)
0x4F401010,1329598480,0x4F401010,0x4F,14,?,READ,,(unset)
0x4F401014,1329598484,0x4F401014,0x4F,14,?,READ,,(unset)
0x4F401018,1329598488,0x4F401018,0x4F,14,?,READ,,(unset)
0x4F40101A,1329598490,0x4F40101A,0x4F,14,?,READ,,(unset)
0x4F40101C,1329598492,0x4F40101C,0x4F,14,?,READ,,(unset)
0x4F40101E,1329598494,0x4F40101E,0x4F,14,?,READ,,(unset)
0x4F401020,1329598496,0x4F401020,0x4F,14,?,READ,,(unset)
0x4F401022,1329598498,0x4F401022,0x4F,14,?,READ,,(unset)
0x4F401025,1329598501,0x4F401025,0x4F,14,?,READ,,(unset)
0x4F401028,1329598504,0x4F401028,0x4F,14,?,READ,,(unset)
0x4F40102C,1329598508,0x4F40102C,0x4F,14,?,READ,,(unset)
0x4F40102E,1329598510,0x4F40102E,0x4F,14,?,READ,,(unset)
0x4F401038,1329598520,0x4F401038,0x4F,25,?,READ,,(unset)
0x4F402010,1329602576,0x4F402010,0x4F,12,?12,READ,,(unset)
0x4F402018,1329602584,0x4F402018,0x4F,12,?12,READ,,(unset)
0x4F40201D,1329602589,0x4F40201D,0x4F,12,?12,READ,,(unset)
0x4F402024,1329602596,0x4F402024,0x4F,12,?12,READ,,(unset)
0x4F402028,1329602600,0x4F402028,0x4F,12,?12,READ,,(unset)
0x4F600000,1331691520,0x4F600000,0x4F,26,?,READ,,(unset)
0x4F600008,1331691528,0x4F600008,0x4F,1,Integer?,READ,,(unset)
0x4F60000C,1331691532,0x4F60000C,0x4F,1,Integer?,READ,,(unset)
0x4F60000E,1331691534,0x4F60000E,0x4F,1,Integer?,READ,,(unset)
0x4F600010,1331691536,0x4F600010,0x4F,26,?,READ,,(unset)
0x4F60001C,1331691548,0x4F60001C,0x4F,26,?,READ,,(unset)
0x4F600028,1331691560,0x4F600028,0x4F,26,?,READ,,(unset)
0x4F60002A,1331691562,0x4F60002A,0x4F,26,?,READ,,(unset)
0x4F60002C,1331691564,0x4F60002C,0x4F,26,?,READ,,(unset)
0x4F600030,1331691568,0x4F600030,0x4F,26,?,READ,,(unset)
0x4F600033,1331691571,0x4F600033,0x4F,26,?,READ,,(unset)
0x4F600036,1331691574,0x4F600036,0x4F,26,?,READ,,(unset)
0x4F600039,1331691577,0x4F600039,0x4F,26,?,READ,,(unset)
0x4F701016,1332744214,0x4F701016,0x4F,,?,READ,,(unset)
0x4F701800,1332746240,0x4F701800,0x4F,2,Long?,READ,,(unset)
0x4F701816,1332746262,0x4F701816,0x4F,,?,READ,,(unset)
0x4F900000,1334837248,0x4F900000,0x4F,2,Long?,READ,,(unset)
0x4F900008,1334837256,0x4F900008,0x4F,12,?12,READ,,(unset)
0x4FA00000,1335885824,0x4FA00000,0x4F,2,Long?,READ,,(unset)
0x4FA00008,1335885832,0x4FA00008,0x4F,1,Integer?,READ,,(unset)
0x4FA0000B,1335885835,0x4FA0000B,0x4F,1,Integer?,READ,,(unset)
0x4FA00010,1335885840,0x4FA00010,0x4F,1,Integer?,READ,,(unset)
0x4FA00013,1335885843,0x4FA00013,0x4F,1,Integer?,READ,,(unset)
0x4FA00016,1335885846,0x4FA00016,0x4F,7,?,READ,,(unset)
0x4FA00018,1335885848,0x4FA00018,0x4F,7,?,READ,,(unset)
0x4FA0001A,1335885850,0x4FA0001A,0x4F,7,?,READ,,(unset)
0x4FA0001C,1335885852,0x4FA0001C,0x4F,7,?,READ,,(unset)
0x4FA0001E,1335885854,0x4FA0001E,0x4F,2,Long?,READ,,(unset)
0x4FA00020,1335885856,0x4FA00020,0x4F,1,Integer?,READ,,(unset)
0x4FA00024,1335885860,0x4FA00024,0x4F,1,Integer?,READ,,(unset)
0x4FA00027,1335885863,0x4FA00027,0x4F,1,Integer?,READ,,(unset)
0x4FA00028,1335885864,0x4FA00028,0x4F,1,Integer?,READ,,(unset)
0x4FA0002C,1335885868,0x4FA0002C,0x4F,1,Integer?,READ,,(unset)
0x4FA0002F,1335885871,0x4FA0002F,0x4F,1,Integer?,READ,,(unset)
0x4FA00030,1335885872,0x4FA00030,0x4F,1,Integer?,READ,,(unset)
0x4FA00034,1335885876,0x4FA00034,0x4F,1,Integer?,READ,,(unset)
0x4FA00037,1335885879,0x4FA00037,0x4F,1,Integer?,READ,,(unset)
0x4FA00038,1335885880,0x4FA00038,0x4F,1,Integer?,READ,,(unset)
0x4FA0003C,1335885884,0x4FA0003C,0x4F,1,Integer?,READ,,(unset)
0x4FA0003F,1335885887,0x4FA0003F,0x4F,1,Integer?,READ,,(unset)
0x4FA00040,1335885888,0x4FA00040,0x4F,12,?12,READ,,(unset)
0x4FA00042,1335885890,0x4FA00042,0x4F,12,?12,READ,,(unset)
0x4FA00044,1335885892,0x4FA00044,0x4F,12,?12,READ,,(unset)
0x4FB00000,1336934400,0x4FB00000,0x4F,2,Long?,READ,,(unset)
0x4FB00016,1336934422,0x4FB00016,0x4F,2,Long?,READ,,(unset)
0x4FB00018,1336934424,0x4FB00018,0x4F,4,Double?,READ,,(unset)
0x4FB00020,1336934432,0x4FB00020,0x4F,4,Double?,READ,,(unset)
0x4FB00026,1336934438,0x4FB00026,0x4F,20,?,READ,,(unset)
0x4FB00040,1336934464,0x4FB00040,0x4F,17,?17,READ,,(unset)
0x4FD00000,1339031552,0x4FD00000,0x4F,2,Long?,READ,,(unset)
0x4FD00008,1339031560,0x4FD00008,0x4F,23,?23,READ,,(unset)
0x4FD0000D,1339031565,0x4FD0000D,0x4F,23,?23,READ,,(unset)
0x4FD00010,1339031568,0x4FD00010,0x4F,23,?23,READ,,(unset)
0x4FD00014,1339031572,0x4FD00014,0x4F,23,?23,READ,,(unset)
0x4FD00018,1339031576,0x4FD00018,0x4F,23,?23,READ,,(unset)
0x4FD0001E,1339031582,0x4FD0001E,0x4F,23,?23,READ,,(unset)
0x4FD00020,1339031584,0x4FD00020,0x4F,23,?23,READ,,(unset)
0x4FD00028,1339031592,0x4FD00028,0x4F,23,?23,READ,,(unset)
0x4FD0002D,1339031597,0x4FD0002D,0x4F,23,?23,READ,,(unset)
0x4FD00030,1339031600,0x4FD00030,0x4F,23,?23,READ,,(unset)
0x4FD00036,1339031606,0x4FD00036,0x4F,23,?23,READ,,(unset)
0x4FD00038,1339031608,0x4FD00038,0x4F,23,?23,READ,,(unset)
0x4FD0003A,1339031610,0x4FD0003A,0x4F,23,?23,READ,,(unset)
0x4FD0003D,1339031613,0x4FD0003D,0x4F,23,?23,READ,,(unset)
0x4FD00040,1339031616,0x4FD00040,0x4F,23,?23,READ,,(unset)
0x4FD00043,1339031619,0x4FD00043,0x4F,23,?23,READ,,(unset)
0x4FD00045,1339031621,0x4FD00045,0x4F,23,?23,READ,,(unset)
0x4FD00046,1339031622,0x4FD00046,0x4F,23,?23,READ,,(unset)
0x4FE00000,1340080128,0x4FE00000,0x4F,2,Long?,READ,,(unset)
0x4FE0000E,1340080142,0x4FE0000E,0x4F,17,?17,READ,,(unset)
0x4FE00014,1340080148,0x4FE00014,0x4F,17,?17,READ,,(unset)
0x4FE00018,1340080152,0x4FE00018,0x4F,17,?17,READ,,(unset)
0x4FE0002E,1340080174,0x4FE0002E,0x4F,17,?17,READ,,(unset)
0x4FF00000,1341128704,0x4FF00000,0x4F,2,Long?,READ,,(unset)
0x4FF00026,1341128742,0x4FF00026,0x4F,17,?17,READ,,(unset)
0x4FF00028,1341128744,0x4FF00028,0x4F,1,Integer?,READ,,(unset)
0x50500000,1347420160,0x50500000,0x50,2,Long?,READ,,(unset)
0x51A00000,1369440256,0x51A00000,0x51,2,Long?,READ,,(unset)
0x55B442AB,1437876907,0x55B442AB,0x55,12,?12,READ,,(unset)
0x55C00000,1438646272,0x55C00000,0x55,2,Long?,READ,,(unset)
0x55D00000,1439694848,0x55D00000,0x55,2,Long?,READ,,(unset)
0x5655C5D2,1448461778,0x5655C5D2,0x56,17,?17,READ,,(unset)
0x58D01018,1490030616,0x58D01018,0x58,4,Double?,READ,,(unset)
0x58D0101A,1490030618,0x58D0101A,0x58,4,Double?,READ,,(unset)
0x596D6637,1500341815,0x596D6637,0x59,23,?23,READ,1,SETTING
0x5B7F022E,1535050286,0x5B7F022E,0x5B,2,Long?,READ,,(unset)
0x5C200000,1545601024,0x5C200000,0x5C,2,Long?,READ,,(unset)
0x5C20003A,1545601082,0x5C20003A,0x5C,2,Long?,READ,,(unset)
0x5E40000A,1581252618,0x5E40000A,0x5E,15,?,READ,,(unset)
0x60401000,1614811136,0x60401000,0x60,2,Long?,READ,,(unset)
0x60401010,1614811152,0x60401010,0x60,1,Integer?,READ,1,SETTING
0x60401058,1614811224,0x60401058,0x60,1,Integer?,READ,1,SETTING
0x60401098,1614811288,0x60401098,0x60,1,Integer?,READ,1,SETTING
0x604010C8,1614811336,0x604010C8,0x60,1,Integer?,READ,1,SETTING
0x60401108,1614811400,0x60401108,0x60,1,Integer?,READ,1,SETTING
0x60401138,1614811448,0x60401138,0x60,1,Integer?,READ,1,SETTING
0x60401178,1614811512,0x60401178,0x60,1,Integer?,READ,1,SETTING
0x604011A0,1614811552,0x604011A0,0x60,1,Integer?,READ,,(unset)
0x60402010,1614815248,0x60402010,0x60,1,Integer?,READ,1,SETTING
0x60547651,1616148049,0x60547651,0x60,17,?17,READ,,(unset)
0x60600008,1616904200,0x60600008,0x60,1,Integer?,READ,1,SETTING
0x60700008,1617952776,0x60700008,0x60,1,Integer?,READ,,(unset)
0x60700018,1617952792,0x60700018,0x60,1,Integer?,READ,1,SETTING
0x60800008,1619001352,0x60800008,0x60,1,Integer?,READ,1,SETTING
0x62200E25,1646267941,0x62200E25,0x62,23,?23,READ,,(unset)
0x65A80B90,1705511824,0x65A80B90,0x65,11,?,READ,,(unset)
0x69D50010,1775566864,0x69D50010,0x69,44,?44,READ,,(unset)
0x6B001040,1795166272,0x6B001040,0x6B,37,?,READ,,(unset)
0x6B401040,1799360576,0x6B401040,0x6B,37,?,READ,,(unset)
0x6B5D2E4B,1801268811,0x6B5D2E4B,0x6B,4,Double?,READ,,(unset)
0x6BF00008,1810890760,0x6BF00008,0x6B,2,Long?,READ,1,SETTING
0x6DC0000C,1841299468,0x6DC0000C,0x6D,37,?,READ,,(unset)
0x6DC00022,1841299490,0x6DC00022,0x6D,15,?,READ,,(unset)
0x6DC00026,1841299494,0x6DC00026,0x6D,37,?,READ,,(unset)
0x6DC00044,1841299524,0x6DC00044,0x6D,37,?,READ,,(unset)
0x6DC00444,1841300548,0x6DC00444,0x6D,37,?,READ,,(unset)
0x6DC00844,1841301572,0x6DC00844,0x6D,37,?,READ,,(unset)
0x6E940038,1855193144,0x6E940038,0x6E,37,?,READ,,(unset)
0x6E945010,1855213584,0x6E945010,0x6E,37,?,READ,,(unset)
0x6E94C018,1855242264,0x6E94C018,0x6E,37,?,READ,,(unset)
0x6E94D010,1855246352,0x6E94D010,0x6E,37,?,READ,,(unset)
0x6E94E010,1855250448,0x6E94E010,0x6E,37,?,READ,,(unset)
0x6E94E018,1855250456,0x6E94E018,0x6E,37,?,READ,,(unset)
0x6E94E020,1855250464,0x6E94E020,0x6E,37,?,READ,,(unset)
0x6E953010,1855270928,0x6E953010,0x6E,37,?,READ,1,SETTING
0x6E954010,1855275024,0x6E954010,0x6E,37,?,READ,,(unset)
0x6E955010,1855279120,0x6E955010,0x6E,37,?,READ,1,SETTING
0x6E956010,1855283216,0x6E956010,0x6E,37,?,READ,,(unset)
0x6E957010,1855287312,0x6E957010,0x6E,37,?,READ,1,SETTING
0x6E958010,1855291408,0x6E958010,0x6E,37,?,READ,,(unset)
0x6E96B010,1855369232,0x6E96B010,0x6E,37,?,READ,,(unset)
0x6E96B028,1855369256,0x6E96B028,0x6E,37,?,READ,,(unset)
0x6E96B030,1855369264,0x6E96B030,0x6E,37,?,READ,,(unset)
0x6E96B038,1855369272,0x6E96B038,0x6E,37,?,READ,,(unset)
0x6E96C010,1855373328,0x6E96C010,0x6E,37,?,READ,,(unset)
0x6E96E010,1855381520,0x6E96E010,0x6E,37,?,READ,,(unset)
0x6E975040,1855410240,0x6E975040,0x6E,37,?,READ,,(unset)
0x6E982010,1855463440,0x6E982010,0x6E,37,?,READ,,(unset)
0x6EA70010,1856438288,0x6EA70010,0x6E,37,?,READ,,(unset)
0x6EA90008,1856569352,0x6EA90008,0x6E,37,?,READ,,(unset)
0x6EA90010,1856569360,0x6EA90010,0x6E,37,?,READ,,(unset)
0x6EA90040,1856569408,0x6EA90040,0x6E,37,?,READ,,(unset)
0x6F100044,1863319620,0x6F100044,0x6F,37,?,READ,,(unset)
0x6F100444,1863320644,0x6F100444,0x6F,37,?,READ,,(unset)
0x6F100844,1863321668,0x6F100844,0x6F,37,?,READ,,(unset)
0x6F400044,1866465348,0x6F400044,0x6F,37,?,READ,,(unset)
0x6F400444,1866466372,0x6F400444,0x6F,37,?,READ,,(unset)
0x6F400844,1866467396,0x6F400844,0x6F,37,?,READ,,(unset)
0x70000000,1879048192,0x70000000,0x70,2,Long?,READ,,(unset)
0x70100000,1880096768,0x70100000,0x70,2,Long?,READ,,(unset)
0x7520AC9D,1965075613,0x7520AC9D,0x75,1,Integer?,READ,,(unset)
0x75EF2B3C,1978608444,0x75EF2B3C,0x75,23,?23,READ,,(unset)
0x775DBA9E,2002631326,0x775DBA9E,0x77,13,?13,READ,,(unset)
0x77E419C0,2011437504,0x77E419C0,0x77,12,?12,READ,,(unset)
0x7C392200,2084119040,0x7C392200,0x7C,12,?12,READ,,(unset)
0x7C820968,2088896872,0x7C820968,0x7C,23,?23,READ,,(unset)
0x7D8D3987,2106407303,0x7D8D3987,0x7D,2,Long?,READ,,(unset)
0x7DB959C9,2109299145,0x7DB959C9,0x7D,4,Double?,READ,,(unset)
0x7E06BBCE,2114370510,0x7E06BBCE,0x7E,23,?23,READ,,(unset)
0x7EBA08AC,2126121132,0x7EBA08AC,0x7E,1,Integer?,READ,,(unset)
0x855DEE02,2237525506,0x855DEE02,0x85,2,Long?,READ,,(unset)
0x86BB57C0,2260424640,0x86BB57C0,0x86,12,?12,READ,,(unset)
0x87578649,2270660169,0x87578649,0x87,23,?23,READ,,(unset)
0x87FC8151,2281472337,0x87FC8151,0x87,1,Integer?,READ,1,SETTING
0x8953A7D7,2303961047,0x8953A7D7,0x89,3,Float?,READ,,(unset)
0x89EA019E,2313814430,0x89EA019E,0x89,1,Integer?,READ,,(unset)
0x90900118,2425356568,0x90900118,0x90,1,Integer?,READ,,(unset)
0x9430000F,2486173711,0x9430000F,0x94,1,Integer?,READ,,(unset)
0x94400008,2487222280,0x94400008,0x94,8,?,READ,4,CHARGING
0x94400010,2487222288,0x94400010,0x94,3,Float?,READ,,(unset)
0x9440002C,2487222316,0x9440002C,0x94,3,Float?,READ,,(unset)
0x99000001,2566914049,0x99000001,0x99,38,?,READ,1,SETTING
0x99000002,2566914050,0x99000002,0x99,38,?,READ,1,SETTING
0x99000003,2566914051,0x99000003,0x99,,?,READ,,(unset)
0x9900000B,2566914059,0x9900000B,0x99,38,?,READ,,(unset)
0x9900001B,2566914075,0x9900001B,0x99,9,?9,READ,,(unset)
0x9900001E,2566914078,0x9900001E,0x99,16,?,READ,,(unset)
0x9900001F,2566914079,0x9900001F,0x99,15,?,READ,,(unset)
0x99000020,2566914080,0x99000020,0x99,40,?,READ,,(unset)
0x9900002A,2566914090,0x9900002A,0x99,23,?23,READ,,(unset)
0x9900002B,2566914091,0x9900002B,0x99,21,?,READ,,(unset)
0x9900002C,2566914092,0x9900002C,0x99,26,?,READ,,(unset)
0x9900002D,2566914093,0x9900002D,0x99,26,?,READ,,(unset)
0x9900002E,2566914094,0x9900002E,0x99,26,?,READ,,(unset)
0x99000035,2566914101,0x99000035,0x99,2,Long?,READ,1,SETTING
0x99000035,2566914101,0x99000035,0x99,2,Long?,READ,1,SETTING
0x99000037,2566914103,0x99000037,0x99,,?,READ,,(unset)
0x9900003C,2566914108,0x9900003C,0x99,38,?,READ,1,SETTING
0x9900003D,2566914109,0x9900003D,0x99,16,?,READ,1,SETTING
0x9900003F,2566914111,0x9900003F,0x99,32,?,READ,1,SETTING
0x99000046,2566914118,0x99000046,0x99,1,Integer?,READ,,(unset)
0x9900004A,2566914122,0x9900004A,0x99,37,?,READ,,(unset)
0x9900004B,2566914123,0x9900004B,0x99,13,?13,READ,,(unset)
0x9900004C,2566914124,0x9900004C,0x99,23,?23,READ,,(unset)
0x9900004E,2566914126,0x9900004E,0x99,23,?23,READ,,(unset)
0x9900004F,2566914127,0x9900004F,0x99,4,Double?,READ,,(unset)
0x99000050,2566914128,0x99000050,0x99,4,Double?,READ,,(unset)
0x99000051,2566914129,0x99000051,0x99,4,Double?,READ,,(unset)
0x99000052,2566914130,0x99000052,0x99,4,Double?,READ,,(unset)
0x99000053,2566914131,0x99000053,0x99,16,?,READ,1,SETTING
0x99000055,2566914133,0x99000055,0x99,16,?,READ,,(unset)
0x99000057,2566914135,0x99000057,0x99,37,?,READ,1,SETTING
0x99000058,2566914136,0x99000058,0x99,10,?,READ,1,SETTING
0x99000059,2566914137,0x99000059,0x99,10,?,READ,1,SETTING
0x9900005A,2566914138,0x9900005A,0x99,10,?,READ,1,SETTING
0x9900005B,2566914139,0x9900005B,0x99,42,?,READ,,(unset)
0x9900005C,2566914140,0x9900005C,0x99,42,?,READ,,(unset)
0x9900005D,2566914141,0x9900005D,0x99,42,?,READ,,(unset)
0x99000061,2566914145,0x99000061,0x99,25,?,READ,,(unset)
0x99000062,2566914146,0x99000062,0x99,25,?,READ,,(unset)
0x99000063,2566914147,0x99000063,0x99,25,?,READ,,(unset)
0x99000064,2566914148,0x99000064,0x99,25,?,READ,,(unset)
0x99000065,2566914149,0x99000065,0x99,25,?,READ,,(unset)
0x99000066,2566914150,0x99000066,0x99,25,?,READ,,(unset)
0x99000067,2566914151,0x99000067,0x99,25,?,READ,,(unset)
0x99000068,2566914152,0x99000068,0x99,25,?,READ,,(unset)
0x99000069,2566914153,0x99000069,0x99,25,?,READ,,(unset)
0x99000071,2566914161,0x99000071,0x99,25,?,READ,,(unset)
0x99000072,2566914162,0x99000072,0x99,25,?,READ,,(unset)
0x99000073,2566914163,0x99000073,0x99,25,?,READ,,(unset)
0x99000074,2566914164,0x99000074,0x99,25,?,READ,,(unset)
0x99000075,2566914165,0x99000075,0x99,25,?,READ,,(unset)
0x99000076,2566914166,0x99000076,0x99,25,?,READ,,(unset)
0x99000077,2566914167,0x99000077,0x99,25,?,READ,,(unset)
0x99000078,2566914168,0x99000078,0x99,25,?,READ,,(unset)
0x99000079,2566914169,0x99000079,0x99,25,?,READ,,(unset)
0x99000101,2566914305,0x99000101,0x99,16,?,READ,,(unset)
0x99000103,2566914307,0x99000103,0x99,37,?,READ,1,SETTING
0x99000106,2566914310,0x99000106,0x99,37,?,READ,,(unset)
0x99000107,2566914311,0x99000107,0x99,2,Long?,READ,,(unset)
0x99000108,2566914312,0x99000108,0x99,1,Integer?,READ,,(unset)
0x99000109,2566914313,0x99000109,0x99,37,?,READ,,(unset)
0x9900010A,2566914314,0x9900010A,0x99,43,?43,READ,1,SETTING
0x9900010B,2566914315,0x9900010B,0x99,43,?43,READ,1,SETTING
0x9900010C,2566914316,0x9900010C,0x99,24,?24,READ,,(unset)
0x99000111,2566914321,0x99000111,0x99,16,?,READ,,(unset)
0x99000115,2566914325,0x99000115,0x99,6,?,READ,,(unset)
0x99000116,2566914326,0x99000116,0x99,6,?,READ,,(unset)
0x99000117,2566914327,0x99000117,0x99,6,?,READ,,(unset)
0x9900011C,2566914332,0x9900011C,0x99,38,?,READ,1,SETTING
0x9900011D,2566914333,0x9900011D,0x99,37,?,READ,1,SETTING
0x99000121,2566914337,0x99000121,0x99,33,?,READ,,(unset)
0x99000122,2566914338,0x99000122,0x99,33,?,READ,,(unset)
0x99000123,2566914339,0x99000123,0x99,33,?,READ,,(unset)
0x99000124,2566914340,0x99000124,0x99,33,?,READ,,(unset)
0x99000125,2566914341,0x99000125,0x99,33,?,READ,,(unset)
0x99000126,2566914342,0x99000126,0x99,33,?,READ,,(unset)
0x99000127,2566914343,0x99000127,0x99,33,?,READ,,(unset)
0x99000128,2566914344,0x99000128,0x99,33,?,READ,,(unset)
0x99000129,2566914345,0x99000129,0x99,33,?,READ,,(unset)
0x9900012A,2566914346,0x9900012A,0x99,33,?,READ,,(unset)
0x9900012B,2566914347,0x9900012B,0x99,33,?,READ,,(unset)
0x9900012C,2566914348,0x9900012C,0x99,33,?,READ,,(unset)
0x9900012D,2566914349,0x9900012D,0x99,33,?,READ,,(unset)
0x9900012E,2566914350,0x9900012E,0x99,33,?,READ,,(unset)
0x9900012F,2566914351,0x9900012F,0x99,33,?,READ,,(unset)
0x99000130,2566914352,0x99000130,0x99,33,?,READ,,(unset)
0x99000131,2566914353,0x99000131,0x99,1,Integer?,READ,,(unset)
0x99000132,2566914354,0x99000132,0x99,1,Integer?,READ,,(unset)
0x99000140,2566914368,0x99000140,0x99,16,?,READ,1,SETTING
0x99000141,2566914369,0x99000141,0x99,16,?,READ,1,SETTING
0x99000143,2566914371,0x99000143,0x99,14,?,READ,,(unset)
0x99000147,2566914375,0x99000147,0x99,1,Integer?,READ,,(unset)
0x99000149,2566914377,0x99000149,0x99,37,?,READ,1,SETTING
0x99000152,2566914386,0x99000152,0x99,37,?,READ,1,SETTING
0x99000154,2566914388,0x99000154,0x99,32,?,READ,,(unset)
0x99000157,2566914391,0x99000157,0x99,38,?,READ,,(unset)
0x99000158,2566914392,0x99000158,0x99,38,?,READ,,(unset)
0x99000161,2566914401,0x99000161,0x99,23,?23,READ,,(unset)
0x99000162,2566914402,0x99000162,0x99,23,?23,READ,,(unset)
0x99000163,2566914403,0x99000163,0x99,23,?23,READ,1,SETTING
0x99000164,2566914404,0x99000164,0x99,16,?,READ,,(unset)
0x99000165,2566914405,0x99000165,0x99,43,?43,READ,,(unset)
0x99000166,2566914406,0x99000166,0x99,38,?,READ,1,SETTING
0x99000167,2566914407,0x99000167,0x99,43,?43,READ,1,SETTING
0x99000168,2566914408,0x99000168,0x99,1,Integer?,READ,1,SETTING
0x99000169,2566914409,0x99000169,0x99,38,?,READ,,(unset)
0x99000170,2566914416,0x99000170,0x99,2,Long?,READ,,(unset)
0x99000171,2566914417,0x99000171,0x99,23,?23,READ,1,SETTING
0x99000171,2566914417,0x99000171,0x99,32,?,READ,1,SETTING
0x99000172,2566914418,0x99000172,0x99,32,?,READ,,(unset)
0x99000173,2566914419,0x99000173,0x99,32,?,READ,,(unset)
0x99000179,2566914425,0x99000179,0x99,37,?,READ,,(unset)
0x99000180,2566914432,0x99000180,0x99,38,?,READ,1,SETTING
0x99000181,2566914433,0x99000181,0x99,15,?,READ,,(unset)
0x99000182,2566914434,0x99000182,0x99,4,Double?,READ,1,SETTING
0x99000183,2566914435,0x99000183,0x99,4,Double?,READ,1,SETTING
0x99000184,2566914436,0x99000184,0x99,4,Double?,READ,1,SETTING
0x99000185,2566914437,0x99000185,0x99,4,Double?,READ,1,SETTING
0x99000194,2566914452,0x99000194,0x99,22,?22,READ,1,SETTING
0x99000195,2566914453,0x99000195,0x99,23,?23,READ,,(unset)
0x99000196,2566914454,0x99000196,0x99,23,?23,READ,,(unset)
0x99000197,2566914455,0x99000197,0x99,23,?23,READ,1,SETTING
0x99000198,2566914456,0x99000198,0x99,1,Integer?,READ,1,SETTING
0x99000200,2566914560,0x99000200,0x99,29,?,READ,1,SETTING
0x99000206,2566914566,0x99000206,0x99,23,?23,READ,,(unset)
0x99000207,2566914567,0x99000207,0x99,24,?24,READ,1,SETTING
0x99000208,2566914568,0x99000208,0x99,24,?24,READ,1,SETTING
0x99000209,2566914569,0x99000209,0x99,24,?24,READ,1,SETTING
0x9900020A,2566914570,0x9900020A,0x99,24,?24,READ,1,SETTING
0x9900020B,2566914571,0x9900020B,0x99,24,?24,READ,1,SETTING
0x9900020C,2566914572,0x9900020C,0x99,24,?24,READ,1,SETTING
0x9900020D,2566914573,0x9900020D,0x99,18,?,READ,,(unset)
0x9900020E,2566914574,0x9900020E,0x99,11,?,READ,1,SETTING
0x9900020F,2566914575,0x9900020F,0x99,14,?,READ,,(unset)
0x99000210,2566914576,0x99000210,0x99,38,?,READ,1,SETTING
0x99000211,2566914577,0x99000211,0x99,1,Integer?,READ,1,SETTING
0x99000212,2566914578,0x99000212,0x99,1,Integer?,READ,1,SETTING
0x99000213,2566914579,0x99000213,0x99,23,?23,READ,1,SETTING
0x99000214,2566914580,0x99000214,0x99,23,?23,READ,,(unset)
0x99000215,2566914581,0x99000215,0x99,23,?23,READ,,(unset)
0x99000216,2566914582,0x99000216,0x99,24,?24,READ,1,SETTING
0x99000217,2566914583,0x99000217,0x99,24,?24,READ,1,SETTING
0x99000218,2566914584,0x99000218,0x99,21,?,READ,1,SETTING
0x9900021A,2566914586,0x9900021A,0x99,2,Long?,READ,1,SETTING
0x9900021B,2566914587,0x9900021B,0x99,22,?22,READ,1,SETTING
0x9900021C,2566914588,0x9900021C,0x99,22,?22,READ,1,SETTING
0x9900021D,2566914589,0x9900021D,0x99,22,?22,READ,,(unset)
0x9900021E,2566914590,0x9900021E,0x99,22,?22,READ,1,SETTING
0x9900021F,2566914591,0x9900021F,0x99,22,?22,READ,,(unset)
0x99000220,2566914592,0x99000220,0x99,22,?22,READ,,(unset)
0x99000221,2566914593,0x99000221,0x99,23,?23,READ,,(unset)
0x99000222,2566914594,0x99000222,0x99,37,?,READ,,(unset)
0x99000223,2566914595,0x99000223,0x99,16,?,READ,1,SETTING
0x99000224,2566914596,0x99000224,0x99,38,?,READ,1,SETTING
0x99000225,2566914597,0x99000225,0x99,38,?,READ,1,SETTING
0x99000226,2566914598,0x99000226,0x99,3,Float?,READ,,(unset)
0x99000228,2566914600,0x99000228,0x99,23,?23,READ,1,SETTING
0x99000230,2566914608,0x99000230,0x99,38,?,READ,1,SETTING
0x99000231,2566914609,0x99000231,0x99,22,?22,READ,,(unset)
0x99000233,2566914611,0x99000233,0x99,23,?23,READ,,(unset)
0x99000234,2566914612,0x99000234,0x99,23,?23,READ,,(unset)
0x99000235,2566914613,0x99000235,0x99,38,?,READ,,(unset)
0x99000236,2566914614,0x99000236,0x99,,?,READ,,(unset)
0x99000237,2566914615,0x99000237,0x99,,?,READ,1,SETTING
0x99000238,2566914616,0x99000238,0x99,,?,READ,,(unset)
0x99000239,2566914617,0x99000239,0x99,38,?,READ,,(unset)
0x99000241,2566914625,0x99000241,0x99,1,Integer?,READ,1,SETTING
0x99000242,2566914626,0x99000242,0x99,37,?,READ,1,SETTING
0x99000243,2566914627,0x99000243,0x99,37,?,READ,1,SETTING
0x99000244,2566914628,0x99000244,0x99,11,?,READ,1,SETTING
0x99000245,2566914629,0x99000245,0x99,4,Double?,READ,,(unset)
0x99000246,2566914630,0x99000246,0x99,23,?23,READ,,(unset)
0x99000247,2566914631,0x99000247,0x99,23,?23,READ,,(unset)
0x99000248,2566914632,0x99000248,0x99,23,?23,READ,,(unset)
0x99000249,2566914633,0x99000249,0x99,23,?23,READ,,(unset)
0x99000251,2566914641,0x99000251,0x99,2,Long?,READ,1,SETTING
0x99000256,2566914646,0x99000256,0x99,,?,READ,,(unset)
0x99000257,2566914647,0x99000257,0x99,2,Long?,READ,1,SETTING
0x99000258,2566914648,0x99000258,0x99,2,Long?,READ,1,SETTING
0x99000261,2566914657,0x99000261,0x99,38,?,READ,1,SETTING
0x99000262,2566914658,0x99000262,0x99,38,?,READ,1,SETTING
0x99000263,2566914659,0x99000263,0x99,23,?23,READ,1,SETTING
0x99000264,2566914660,0x99000264,0x99,32,?,READ,1,SETTING
0x99000265,2566914661,0x99000265,0x99,23,?23,READ,1,SETTING
0x99000266,2566914662,0x99000266,0x99,23,?23,READ,,(unset)
0x99000267,2566914663,0x99000267,0x99,10,?,READ,1,SETTING
0x99000270,2566914672,0x99000270,0x99,16,?,READ,,(unset)
0x99000271,2566914673,0x99000271,0x99,1,Integer?,READ,1,SETTING
0x99000272,2566914674,0x99000272,0x99,22,?22,READ,1,SETTING
0x99000276,2566914678,0x99000276,0x99,32,?,READ,1,SETTING
0x99000280,2566914688,0x99000280,0x99,22,?22,READ,1,SETTING
0x99000286,2566914694,0x99000286,0x99,23,?23,READ,,(unset)
0x99000288,2566914696,0x99000288,0x99,23,?23,READ,1,SETTING
0x99000289,2566914697,0x99000289,0x99,23,?23,READ,1,SETTING
0x99000290,2566914704,0x99000290,0x99,32,?,READ,,(unset)
0x99000291,2566914705,0x99000291,0x99,32,?,READ,1,SETTING
0x99000292,2566914706,0x99000292,0x99,32,?,READ,1,SETTING
0x99000293,2566914707,0x99000293,0x99,32,?,READ,,(unset)
0x99000294,2566914708,0x99000294,0x99,32,?,READ,,(unset)
0x99000295,2566914709,0x99000295,0x99,32,?,READ,,(unset)
0x99000296,2566914710,0x99000296,0x99,32,?,READ,1,SETTING
0x99000297,2566914711,0x99000297,0x99,32,?,READ,1,SETTING
0x99000298,2566914712,0x99000298,0x99,32,?,READ,1,SETTING
0x99000299,2566914713,0x99000299,0x99,32,?,READ,,(unset)
0x99000300,2566914816,0x99000300,0x99,32,?,READ,1,SETTING
0x99000301,2566914817,0x99000301,0x99,17,?17,READ,1,SETTING
0x99000302,2566914818,0x99000302,0x99,38,?,READ,1,SETTING
0x99000303,2566914819,0x99000303,0x99,38,?,READ,1,SETTING
0x99000304,2566914820,0x99000304,0x99,22,?22,READ,1,SETTING
0x99000305,2566914821,0x99000305,0x99,22,?22,READ,1,SETTING
0x99000306,2566914822,0x99000306,0x99,10,?,READ,1,SETTING
0x99000307,2566914823,0x99000307,0x99,23,?23,READ,,(unset)
0x99000308,2566914824,0x99000308,0x99,22,?22,READ,,(unset)
0x99000309,2566914825,0x99000309,0x99,23,?23,READ,,(unset)
0x99000310,2566914832,0x99000310,0x99,32,?,READ,1,SETTING
0x99000311,2566914833,0x99000311,0x99,1,Integer?,READ,1,SETTING
0x99000312,2566914834,0x99000312,0x99,9,?9,READ,1,SETTING
0x99000313,2566914835,0x99000313,0x99,3,Float?,READ,1,SETTING
0x99000314,2566914836,0x99000314,0x99,1,Integer?,READ,,(unset)
0x99000315,2566914837,0x99000315,0x99,2,Long?,READ,,(unset)
0x99000316,2566914838,0x99000316,0x99,2,Long?,READ,,(unset)
0x99000317,2566914839,0x99000317,0x99,23,?23,READ,,(unset)
0x99000318,2566914840,0x99000318,0x99,23,?23,READ,1,SETTING
0x99000319,2566914841,0x99000319,0x99,22,?22,READ,1,SETTING
0x99000320,2566914848,0x99000320,0x99,32,?,READ,1,SETTING
0x99000321,2566914849,0x99000321,0x99,32,?,READ,1,SETTING
0x99000324,2566914852,0x99000324,0x99,1,Integer?,READ,,(unset)
0x99000326,2566914854,0x99000326,0x99,1,Integer?,READ,,(unset)
0x99000327,2566914855,0x99000327,0x99,9,?9,READ,,(unset)
0x99000331,2566914865,0x99000331,0x99,12,?12,READ,1,SETTING
0x99000333,2566914867,0x99000333,0x99,23,?23,READ,1,SETTING
0x99000334,2566914868,0x99000334,0x99,,?,READ,1,SETTING
0x99000335,2566914869,0x99000335,0x99,,?,READ,,(unset)
0x99000336,2566914870,0x99000336,0x99,,?,READ,,(unset)
0x99000339,2566914873,0x99000339,0x99,2,Long?,READ,1,SETTING
0x99000340,2566914880,0x99000340,0x99,2,Long?,READ,1,SETTING
0x99000341,2566914881,0x99000341,0x99,2,Long?,READ,1,SETTING
0x99000342,2566914882,0x99000342,0x99,2,Long?,READ,1,SETTING
0x99000343,2566914883,0x99000343,0x99,,?,READ,1,SETTING
0x99000346,2566914886,0x99000346,0x99,22,?22,READ,,(unset)
0x99000349,2566914889,0x99000349,0x99,1,Integer?,READ,,(unset)
0x99000350,2566914896,0x99000350,0x99,,?,READ,,(unset)
0x99000351,2566914897,0x99000351,0x99,38,?,READ,1,SETTING
0x99000356,2566914902,0x99000356,0x99,4,Double?,READ,1,SETTING
0x99000359,2566914905,0x99000359,0x99,,?,READ,1,SETTING
0x99000360,2566914912,0x99000360,0x99,,?,READ,,(unset)
0x99000362,2566914914,0x99000362,0x99,,?,READ,1,SETTING
0x99000363,2566914915,0x99000363,0x99,32,?,READ,1,SETTING
0x99000364,2566914916,0x99000364,0x99,23,?23,READ,,(unset)
0x99000365,2566914917,0x99000365,0x99,12,?12,READ,1,SETTING
0x99000366,2566914918,0x99000366,0x99,,?,READ,1,SETTING
0x99000367,2566914919,0x99000367,0x99,3,Float?,READ,1,SETTING
0x99000379,2566914937,0x99000379,0x99,12,?12,READ,,(unset)
0x99000380,2566914944,0x99000380,0x99,12,?12,READ,,(unset)
0x99000384,2566914948,0x99000384,0x99,4,Double?,READ,,(unset)
0x99000388,2566914952,0x99000388,0x99,,?,READ,,(unset)
0x99000390,2566914960,0x99000390,0x99,16,?,READ,1,SETTING
0x99000391,2566914961,0x99000391,0x99,,?,READ,,(unset)
0xA1959A09,2710936073,0xA1959A09,0xA1,12,?12,READ,,(unset)
0xA515D94B,2769672523,0xA515D94B,0xA5,23,?23,READ,,(unset)
0xA5D00030,2781872176,0xA5D00030,0xA5,1,Integer?,READ,,(unset)
0xA669EB7F,2791959423,0xA669EB7F,0xA6,12,?12,READ,,(unset)
0xA6CDE779,2798511993,0xA6CDE779,0xA6,23,?23,READ,,(unset)
0xA700000E,2801795086,0xA700000E,0xA7,2,Long?,READ,,(unset)
0xA880014A,2826961226,0xA880014A,0xA8,17,?17,READ,,(unset)
0xA9400018,2839543832,0xA9400018,0xA9,7,?,READ,,(unset)
0xAA000390,2852127632,0xAA000390,0xAA,16,?,READ,1,SETTING
0xAA401018,2856325144,0xAA401018,0xAA,4,Double?,READ,,(unset)
0xAA807A37,2860546615,0xAA807A37,0xAA,1,Integer?,READ,,(unset)
0xABE716D1,2884048593,0xABE716D1,0xAB,32,?,READ,1,SETTING
0xAEB00008,2930769928,0xAEB00008,0xAE,1,Integer?,READ,,(unset)
0xAEB0000C,2930769932,0xAEB0000C,0xAE,1,Integer?,READ,,(unset)
0xAEB00010,2930769936,0xAEB00010,0xAE,1,Integer?,READ,,(unset)
0xAEB00018,2930769944,0xAEB00018,0xAE,1,Integer?,READ,,(unset)
0xB0543D5B,2958310747,0xB0543D5B,0xB0,12,?12,READ,,(unset)
0xB13BE72A,2973493034,0xB13BE72A,0xB1,12,?12,READ,,(unset)
0xB1E0000C,2984247308,0xB1E0000C,0xB1,1,Integer?,READ,,(unset)
0xB2100038,2987393080,0xB2100038,0xB2,12,?12,READ,,(unset)
0xB230000D,2989490189,0xB230000D,0xB2,7,?,READ,,(unset)
0xB5908818,3046148120,0xB5908818,0xB5,1,Integer?,READ,,(unset)
0xB590881A,3046148122,0xB590881A,0xB5,1,Integer?,READ,,(unset)
0xB590881E,3046148126,0xB590881E,0xB5,1,Integer?,READ,,(unset)
0xB5908822,3046148130,0xB5908822,0xB5,1,Integer?,READ,,(unset)
0xB5908826,3046148134,0xB5908826,0xB5,1,Integer?,READ,,(unset)
0xB5908828,3046148136,0xB5908828,0xB5,1,Integer?,READ,,(unset)
0xB590882A,3046148138,0xB590882A,0xB5,1,Integer?,READ,,(unset)
0xB590882C,3046148140,0xB590882C,0xB5,1,Integer?,READ,,(unset)
0xB590882E,3046148142,0xB590882E,0xB5,1,Integer?,READ,,(unset)
0xB6B00040,3064987712,0xB6B00040,0xB6,2,Long?,READ,,(unset)
0xB7F00008,3085959176,0xB7F00008,0xB7,1,Integer?,READ,,(unset)
0xBAC00024,3133145124,0xBAC00024,0xBA,17,?17,READ,,(unset)
0xBAC0002A,3133145130,0xBAC0002A,0xBA,17,?17,READ,,(unset)
0xBAC0002C,3133145132,0xBAC0002C,0xBA,17,?17,READ,,(unset)
0xBAD00028,3134193704,0xBAD00028,0xBA,17,?17,READ,,(unset)
0xBB400042,3141533762,0xBB400042,0xBB,1,Integer?,READ,,(unset)
0xBB400044,3141533764,0xBB400044,0xBB,1,Integer?,READ,,(unset)
0xBDE01010,3185578000,0xBDE01010,0xBD,,?,READ,,(unset)
0xBE49303D,3192467517,0xBE49303D,0xBE,1,Integer?,READ,,(unset)
0xBF10000D,3205496845,0xBF10000D,0xBF,1,Integer?,READ,,(unset)
0xBFF0002D,3220176941,0xBFF0002D,0xBF,1,Integer?,READ,,(unset)
0xBFF00030,3220176944,0xBFF00030,0xBF,1,Integer?,READ,,(unset)
0xBFF00043,3220176963,0xBFF00043,0xBF,1,Integer?,READ,,(unset)
0xC0700014,3228565524,0xC0700014,0xC0,1,Integer?,READ,,(unset)
0xC0700016,3228565526,0xC0700016,0xC0,1,Integer?,READ,,(unset)
0xC0700041,3228565569,0xC0700041,0xC0,1,Integer?,READ,,(unset)
0xC1E00010,3252682768,0xC1E00010,0xC1,4,Double?,READ,,(unset)
0xC1E00012,3252682770,0xC1E00012,0xC1,4,Double?,READ,,(unset)
0xC1E0001C,3252682780,0xC1E0001C,0xC1,4,Double?,READ,,(unset)
0xC210001C,3255828508,0xC210001C,0xC2,23,?23,READ,,(unset)
0xC2B00015,3266314261,0xC2B00015,0xC2,23,?23,READ,,(unset)
0xC2E00040,3269460032,0xC2E00040,0xC2,1,Integer?,READ,,(unset)
0xC3400032,3275751474,0xC3400032,0xC3,13,?13,READ,,(unset)
0xC610000A,3322937354,0xC610000A,0xC6,1,Integer?,READ,,(unset)
0xC610000C,3322937356,0xC610000C,0xC6,1,Integer?,READ,,(unset)
0xC610000E,3322937358,0xC610000E,0xC6,1,Integer?,READ,,(unset)
0xC6100026,3322937382,0xC6100026,0xC6,4,Double?,READ,,(unset)
0xC6C00036,3334471734,0xC6C00036,0xC6,4,Double?,READ,,(unset)
0xC750001C,3343908892,0xC750001C,0xC7,1,Integer?,READ,,(unset)
0xC8600008,3361734664,0xC8600008,0xC8,1,Integer?,READ,,(unset)
0xC860000B,3361734667,0xC860000B,0xC8,1,Integer?,READ,,(unset)
0xC8600010,3361734672,0xC8600010,0xC8,1,Integer?,READ,,(unset)
0xC8600013,3361734675,0xC8600013,0xC8,1,Integer?,READ,,(unset)
0xC8E00008,3370123272,0xC8E00008,0xC8,1,Integer?,READ,,(unset)
0xC8E0000A,3370123274,0xC8E0000A,0xC8,1,Integer?,READ,,(unset)
0xC8E0000C,3370123276,0xC8E0000C,0xC8,1,Integer?,READ,,(unset)
0xC8E0000E,3370123278,0xC8E0000E,0xC8,1,Integer?,READ,,(unset)
0xC8E00020,3370123296,0xC8E00020,0xC8,1,Integer?,READ,,(unset)
0xC8E0002B,3370123307,0xC8E0002B,0xC8,2,Long?,READ,,(unset)
0xC9400010,3376414736,0xC9400010,0xC9,1,Integer?,READ,,(unset)
0xC9400018,3376414744,0xC9400018,0xC9,1,Integer?,READ,,(unset)
0xC9400022,3376414754,0xC9400022,0xC9,1,Integer?,READ,,(unset)
0xC9400038,3376414776,0xC9400038,0xC9,1,Integer?,READ,,(unset)
0xC940003E,3376414782,0xC940003E,0xC9,1,Integer?,READ,,(unset)
0xC9435267,3376632423,0xC9435267,0xC9,1,Integer?,READ,1,SETTING
0xC9C00020,3384803360,0xC9C00020,0xC9,3,Float?,READ,,(unset)
0xC9C00025,3384803365,0xC9C00025,0xC9,3,Float?,READ,,(unset)
0xC9DAE307,3386565383,0xC9DAE307,0xC9,12,?12,READ,,(unset)
0xC9F00113,3387949331,0xC9F00113,0xC9,1,Integer?,READ,,(unset)
0xCA307828,3392174120,0xCA307828,0xCA,1,Integer?,READ,,(unset)
0xCA30782A,3392174122,0xCA30782A,0xCA,1,Integer?,READ,,(unset)
0xCA50202B,3394248747,0xCA50202B,0xCA,3,Float?,READ,,(unset)
0xCA506040,3394265152,0xCA506040,0xCA,3,Float?,READ,,(unset)
0xCA507024,3394269220,0xCA507024,0xCA,3,Float?,READ,,(unset)
0xCB100012,3406823442,0xCB100012,0xCB,2,Long?,READ,,(unset)
0xCB100016,3406823446,0xCB100016,0xCB,2,Long?,READ,,(unset)
0xCB200012,3407872018,0xCB200012,0xCB,2,Long?,READ,,(unset)
0xCB200016,3407872022,0xCB200016,0xCB,2,Long?,READ,,(unset)
0xCB3001A8,3408921000,0xCB3001A8,0xCB,1,Integer?,READ,,(unset)
0xCB3001AA,3408921002,0xCB3001AA,0xCB,4,Double?,READ,,(unset)
0xCB3001AC,3408921004,0xCB3001AC,0xCB,4,Double?,READ,,(unset)
0xCB3001AE,3408921006,0xCB3001AE,0xCB,4,Double?,READ,,(unset)
0xCC400098,3426746520,0xCC400098,0xCC,22,?22,READ,,(unset)
0xCC455517,3427095831,0xCC455517,0xCC,1,Integer?,READ,,(unset)
0xCD902010,3448774672,0xCD902010,0xCD,1,Integer?,READ,,(unset)
0xCD902014,3448774676,0xCD902014,0xCD,1,Integer?,READ,,(unset)
0xCD902018,3448774680,0xCD902018,0xCD,1,Integer?,READ,,(unset)
0xCDC100CF,3451977935,0xCDC100CF,0xCD,1,Integer?,READ,,(unset)
0xCECE5C20,3469630496,0xCECE5C20,0xCE,2,Long?,READ,,(unset)
0xCF600036,3479175222,0xCF600036,0xCF,26,?,READ,,(unset)
0xCFA00008,3483369480,0xCFA00008,0xCF,1,Integer?,READ,,(unset)
0xCFA0000B,3483369483,0xCFA0000B,0xCF,1,Integer?,READ,,(unset)
0xCFA00010,3483369488,0xCFA00010,0xCF,1,Integer?,READ,,(unset)
0xCFA00013,3483369491,0xCFA00013,0xCF,1,Integer?,READ,,(unset)
0xD0DA95EA,3503986154,0xD0DA95EA,0xD0,23,?23,READ,,(unset)
0xDA077DC6,3657924038,0xDA077DC6,0xDA,12,?12,READ,,(unset)
0xDAD0BD55,3671113045,0xDAD0BD55,0xDA,23,?23,READ,,(unset)
0xDD35EF2C,3711299372,0xDD35EF2C,0xDD,23,?23,READ,,(unset)
0xE00B513D,3758838077,0xE00B513D,0xE0,23,?23,READ,,(unset)
0xE1350739,3778348857,0xE1350739,0xE1,12,?12,READ,,(unset)
0xE225F7E3,3794139107,0xE225F7E3,0xE2,23,?23,READ,,(unset)
0xE2C33C2D,3804445741,0xE2C33C2D,0xE2,13,?13,READ,,(unset)
0xE4C85D70,3838336368,0xE4C85D70,0xE4,12,?12,READ,,(unset)
0xE80FAEA9,3893341865,0xE80FAEA9,0xE8,1,Integer?,READ,,(unset)
0xE8AA5302,3903476482,0xE8AA5302,0xE8,1,Integer?,READ,,(unset)
0xEA3740B3,3929489587,0xEA3740B3,0xEA,23,?23,READ,,(unset)
0xEB50AE4B,3947933259,0xEB50AE4B,0xEB,12,?12,READ,,(unset)
0xF3AA93B5,4088042421,0xF3AA93B5,0xF3,12,?12,READ,,(unset)
0xFDC18376,4257317750,0xFDC18376,0xFD,17,?17,READ,,(unset)
0x3AE092A,61737258,0x3AE092A,0x03,1,Integer?,READ_WRITE,,(unset)
0x5300008,87031816,0x5300008,0x05,1,Integer?,READ_WRITE,,(unset)
0x8E064D4,148923604,0x8E064D4,0x08,24,?24,READ_WRITE,,(unset)
0x18901010,412094480,0x18901010,0x18,1,Integer?,READ_WRITE,1,SETTING
0x18901010,412094480,0x18901010,0x18,24,?24,READ_WRITE,1,SETTING
0x18902010,412098576,0x18902010,0x18,24,?24,READ_WRITE,,(unset)
0x18902012,412098578,0x18902012,0x18,24,?24,READ_WRITE,,(unset)
0x18902014,412098580,0x18902014,0x18,24,?24,READ_WRITE,,(unset)
0x18902016,412098582,0x18902016,0x18,24,?24,READ_WRITE,,(unset)
0x18902018,412098584,0x18902018,0x18,24,?24,READ_WRITE,,(unset)
0x1890201A,412098586,0x1890201A,0x18,24,?24,READ_WRITE,,(unset)
0x1890201E,412098590,0x1890201E,0x18,24,?24,READ_WRITE,,(unset)
0x18902020,412098592,0x18902020,0x18,24,?24,READ_WRITE,,(unset)
0x18902022,412098594,0x18902022,0x18,24,?24,READ_WRITE,,(unset)
0x18902024,412098596,0x18902024,0x18,24,?24,READ_WRITE,,(unset)
0x18902026,412098598,0x18902026,0x18,24,?24,READ_WRITE,,(unset)
0x18902028,412098600,0x18902028,0x18,24,?24,READ_WRITE,,(unset)
0x1890202B,412098603,0x1890202B,0x18,24,?24,READ_WRITE,,(unset)
0x1890202D,412098605,0x1890202D,0x18,24,?24,READ_WRITE,,(unset)
0x1890202E,412098606,0x1890202E,0x18,24,?24,READ_WRITE,,(unset)
0x1890202F,412098607,0x1890202F,0x18,24,?24,READ_WRITE,,(unset)
0x18902030,412098608,0x18902030,0x18,24,?24,READ_WRITE,,(unset)
0x18902033,412098611,0x18902033,0x18,24,?24,READ_WRITE,,(unset)
0x18902036,412098614,0x18902036,0x18,24,?24,READ_WRITE,,(unset)
0x18902038,412098616,0x18902038,0x18,24,?24,READ_WRITE,,(unset)
0x1890203A,412098618,0x1890203A,0x18,24,?24,READ_WRITE,,(unset)
0x1890203C,412098620,0x1890203C,0x18,24,?24,READ_WRITE,,(unset)
0x18902040,412098624,0x18902040,0x18,24,?24,READ_WRITE,,(unset)
0x18902042,412098626,0x18902042,0x18,24,?24,READ_WRITE,,(unset)
0x18902044,412098628,0x18902044,0x18,24,?24,READ_WRITE,,(unset)
0x18902046,412098630,0x18902046,0x18,24,?24,READ_WRITE,,(unset)
0x1890601A,412114970,0x1890601A,0x18,24,?24,READ_WRITE,,(unset)
0x18910010,412155920,0x18910010,0x18,24,?24,READ_WRITE,,(unset)
0x18911010,412160016,0x18911010,0x18,24,?24,READ_WRITE,,(unset)
0x18911012,412160018,0x18911012,0x18,24,?24,READ_WRITE,,(unset)
0x18911018,412160024,0x18911018,0x18,24,?24,READ_WRITE,,(unset)
0x1891101C,412160028,0x1891101C,0x18,,?,READ_WRITE,,(unset)
0x18916010,412180496,0x18916010,0x18,1,Integer?,READ_WRITE,,(unset)
0x18918012,412188690,0x18918012,0x18,1,Integer?,READ_WRITE,,(unset)
0x18D91008,416878600,0x18D91008,0x18,23,?23,READ_WRITE,1,SETTING
0x18DB1008,417009672,0x18DB1008,0x18,23,?23,READ_WRITE,1,SETTING
0x18DD1008,417140744,0x18DD1008,0x18,23,?23,READ_WRITE,1,SETTING
0x18E91008,417927176,0x18E91008,0x18,23,?23,READ_WRITE,1,SETTING
0x18F91008,418975752,0x18F91008,0x18,23,?23,READ_WRITE,1,SETTING
0x18FB1008,419106824,0x18FB1008,0x18,23,?23,READ_WRITE,1,SETTING
0x18FD1008,419237896,0x18FD1008,0x18,23,?23,READ_WRITE,1,SETTING
0x19301010,422580240,0x19301010,0x19,24,?24,READ_WRITE,1,SETTING
0x19302010,422584336,0x19302010,0x19,24,?24,READ_WRITE,,(unset)
0x19302012,422584338,0x19302012,0x19,24,?24,READ_WRITE,,(unset)
0x19302014,422584340,0x19302014,0x19,24,?24,READ_WRITE,,(unset)
0x19302016,422584342,0x19302016,0x19,24,?24,READ_WRITE,,(unset)
0x19302018,422584344,0x19302018,0x19,24,?24,READ_WRITE,,(unset)
0x1930201A,422584346,0x1930201A,0x19,24,?24,READ_WRITE,,(unset)
0x1930201E,422584350,0x1930201E,0x19,24,?24,READ_WRITE,,(unset)
0x19302020,422584352,0x19302020,0x19,24,?24,READ_WRITE,,(unset)
0x19302022,422584354,0x19302022,0x19,24,?24,READ_WRITE,,(unset)
0x19302024,422584356,0x19302024,0x19,24,?24,READ_WRITE,,(unset)
0x19302026,422584358,0x19302026,0x19,24,?24,READ_WRITE,,(unset)
0x19302028,422584360,0x19302028,0x19,24,?24,READ_WRITE,,(unset)
0x1930202B,422584363,0x1930202B,0x19,24,?24,READ_WRITE,,(unset)
0x1930202D,422584365,0x1930202D,0x19,24,?24,READ_WRITE,,(unset)
0x1930202E,422584366,0x1930202E,0x19,24,?24,READ_WRITE,,(unset)
0x1930202F,422584367,0x1930202F,0x19,24,?24,READ_WRITE,,(unset)
0x19302030,422584368,0x19302030,0x19,24,?24,READ_WRITE,,(unset)
0x19302036,422584374,0x19302036,0x19,24,?24,READ_WRITE,,(unset)
0x19311012,422645778,0x19311012,0x19,24,?24,READ_WRITE,,(unset)
0x1931101C,422645788,0x1931101C,0x19,,?,READ_WRITE,,(unset)
0x19318012,422674450,0x19318012,0x19,1,Integer?,READ_WRITE,,(unset)
0x1931801B,422674459,0x1931801B,0x19,1,Integer?,READ_WRITE,,(unset)
0x19318020,422674464,0x19318020,0x19,1,Integer?,READ_WRITE,,(unset)
0x1B400008,457179144,0x1B400008,0x1B,24,?24,READ_WRITE,,(unset)
0x1B400009,457179145,0x1B400009,0x1B,24,?24,READ_WRITE,,(unset)
0x1B40000A,457179146,0x1B40000A,0x1B,24,?24,READ_WRITE,,(unset)
0x1B40000B,457179147,0x1B40000B,0x1B,24,?24,READ_WRITE,,(unset)
0x1B40000C,457179148,0x1B40000C,0x1B,24,?24,READ_WRITE,,(unset)
0x1B40000D,457179149,0x1B40000D,0x1B,24,?24,READ_WRITE,,(unset)
0x1B40000E,457179150,0x1B40000E,0x1B,24,?24,READ_WRITE,,(unset)
0x1B40000F,457179151,0x1B40000F,0x1B,24,?24,READ_WRITE,,(unset)
0x1B400010,457179152,0x1B400010,0x1B,24,?24,READ_WRITE,,(unset)
0x1B400011,457179153,0x1B400011,0x1B,24,?24,READ_WRITE,,(unset)
0x1B400012,457179154,0x1B400012,0x1B,24,?24,READ_WRITE,,(unset)
0x1B400016,457179158,0x1B400016,0x1B,24,?24,READ_WRITE,,(unset)
0x1B400018,457179160,0x1B400018,0x1B,24,?24,READ_WRITE,,(unset)
0x1B40001C,457179164,0x1B40001C,0x1B,24,?24,READ_WRITE,,(unset)
0x1B40001E,457179166,0x1B40001E,0x1B,24,?24,READ_WRITE,,(unset)
0x1B400024,457179172,0x1B400024,0x1B,24,?24,READ_WRITE,,(unset)
0x1B400026,457179174,0x1B400026,0x1B,24,?24,READ_WRITE,,(unset)
0x1B400028,457179176,0x1B400028,0x1B,24,?24,READ_WRITE,,(unset)
0x1B400030,457179184,0x1B400030,0x1B,1,Integer?,READ_WRITE,,(unset)
0x1B400032,457179186,0x1B400032,0x1B,23,?23,READ_WRITE,,(unset)
0x1B601010,459280400,0x1B601010,0x1B,23,?23,READ_WRITE,,(unset)
0x1B601026,459280422,0x1B601026,0x1B,1,Integer?,READ_WRITE,,(unset)
0x1B60102E,459280430,0x1B60102E,0x1B,1,Integer?,READ_WRITE,,(unset)
0x1B601033,459280435,0x1B601033,0x1B,1,Integer?,READ_WRITE,,(unset)
0x1B60103C,459280444,0x1B60103C,0x1B,1,Integer?,READ_WRITE,,(unset)
0x1B60103E,459280446,0x1B60103E,0x1B,1,Integer?,READ_WRITE,,(unset)
0x1B601041,459280449,0x1B601041,0x1B,,?,READ_WRITE,,(unset)
0x1B608010,459309072,0x1B608010,0x1B,23,?23,READ_WRITE,,(unset)
0x1B608020,459309088,0x1B608020,0x1B,1,Integer?,READ_WRITE,,(unset)
0x1B609010,459313168,0x1B609010,0x1B,28,?,READ_WRITE,1,SETTING
0x1B60A010,459317264,0x1B60A010,0x1B,1,Integer?,READ_WRITE,,(unset)
0x1D80000C,494927884,0x1D80000C,0x1D,11,?,READ_WRITE,,(unset)
0x1D800016,494927894,0x1D800016,0x1D,11,?,READ_WRITE,,(unset)
0x1D800020,494927904,0x1D800020,0x1D,11,?,READ_WRITE,,(unset)
0x1D800030,494927920,0x1D800030,0x1D,11,?,READ_WRITE,,(unset)
0x1D800062,494927970,0x1D800062,0x1D,11,?,READ_WRITE,,(unset)
0x1D800068,494927976,0x1D800068,0x1D,11,?,READ_WRITE,,(unset)
0x1D80006C,494927980,0x1D80006C,0x1D,11,?,READ_WRITE,,(unset)
0x1DE00046,501219398,0x1DE00046,0x1D,13,?13,READ_WRITE,,(unset)
0x1E00002F,503316527,0x1E00002F,0x1E,24,?24,READ_WRITE,,(unset)
0x1E000030,503316528,0x1E000030,0x1E,24,?24,READ_WRITE,,(unset)
0x1E000034,503316532,0x1E000034,0x1E,24,?24,READ_WRITE,,(unset)
0x1E000040,503316544,0x1E000040,0x1E,24,?24,READ_WRITE,,(unset)
0x1E000041,503316545,0x1E000041,0x1E,24,?24,READ_WRITE,,(unset)
0x1E000044,503316548,0x1E000044,0x1E,24,?24,READ_WRITE,,(unset)
0x1E40102F,507514927,0x1E40102F,0x1E,3,Float?,READ_WRITE,,(unset)
0x1E401039,507514937,0x1E401039,0x1E,3,Float?,READ_WRITE,,(unset)
0x1F2A1008,522850312,0x1F2A1008,0x1F,3,Float?,READ_WRITE,1,SETTING
0x2115AAEE,555068142,0x2115AAEE,0x21,1,Integer?,READ_WRITE,,(unset)
0x23202010,589307920,0x23202010,0x23,23,?23,READ_WRITE,,(unset)
0x23202020,589307936,0x23202020,0x23,23,?23,READ_WRITE,,(unset)
0x23202028,589307944,0x23202028,0x23,23,?23,READ_WRITE,,(unset)
0x2320202A,589307946,0x2320202A,0x23,23,?23,READ_WRITE,,(unset)
0x2320B010,589344784,0x2320B010,0x23,1,Integer?,READ_WRITE,,(unset)
0x2320B012,589344786,0x2320B012,0x23,1,Integer?,READ_WRITE,,(unset)
0x2320B014,589344788,0x2320B014,0x23,1,Integer?,READ_WRITE,,(unset)
0x2320B015,589344789,0x2320B015,0x23,1,Integer?,READ_WRITE,,(unset)
0x2320B018,589344792,0x2320B018,0x23,1,Integer?,READ_WRITE,,(unset)
0x2320B029,589344809,0x2320B029,0x23,24,?24,READ_WRITE,,(unset)
0x2320B02B,589344811,0x2320B02B,0x23,24,?24,READ_WRITE,,(unset)
0x2320B036,589344822,0x2320B036,0x23,,?,READ_WRITE,,(unset)
0x2320C010,589348880,0x2320C010,0x23,28,?,READ_WRITE,1,SETTING
0x25A0004C,631242828,0x25A0004C,0x25,17,?17,READ_WRITE,,(unset)
0x25A0004E,631242830,0x25A0004E,0x25,17,?17,READ_WRITE,,(unset)
0x25A00050,631242832,0x25A00050,0x25,17,?17,READ_WRITE,,(unset)
0x25A00052,631242834,0x25A00052,0x25,17,?17,READ_WRITE,,(unset)
0x25A00054,631242836,0x25A00054,0x25,17,?17,READ_WRITE,,(unset)
0x25A00056,631242838,0x25A00056,0x25,17,?17,READ_WRITE,,(unset)
0x25A00058,631242840,0x25A00058,0x25,17,?17,READ_WRITE,,(unset)
0x25A0005A,631242842,0x25A0005A,0x25,17,?17,READ_WRITE,,(unset)
0x29300008,691011592,0x29300008,0x29,10,?,READ_WRITE,,(unset)
0x29300012,691011602,0x29300012,0x29,10,?,READ_WRITE,,(unset)
0x29300016,691011606,0x29300016,0x29,10,?,READ_WRITE,,(unset)
0x29300018,691011608,0x29300018,0x29,10,?,READ_WRITE,,(unset)
0x2930001A,691011610,0x2930001A,0x29,10,?,READ_WRITE,,(unset)
0x2930001E,691011614,0x2930001E,0x29,10,?,READ_WRITE,,(unset)
0x29300023,691011619,0x29300023,0x29,10,?,READ_WRITE,,(unset)
0x29300025,691011621,0x29300025,0x29,10,?,READ_WRITE,,(unset)
0x2A600008,710934536,0x2A600008,0x2A,3,Float?,READ_WRITE,,(unset)
0x2A60001A,710934554,0x2A60001A,0x2A,3,Float?,READ_WRITE,,(unset)
0x2A600032,710934578,0x2A600032,0x2A,3,Float?,READ_WRITE,,(unset)
0x2D400008,759169032,0x2D400008,0x2D,30,?30,READ_WRITE,4,CHARGING
0x2D40000F,759169039,0x2D40000F,0x2D,30,?30,READ_WRITE,4,CHARGING
0x2D400010,759169040,0x2D400010,0x2D,30,?30,READ_WRITE,4,CHARGING
0x2D400018,759169048,0x2D400018,0x2D,30,?30,READ_WRITE,4,CHARGING
0x2D40001F,759169055,0x2D40001F,0x2D,30,?30,READ_WRITE,4,CHARGING
0x2D400020,759169056,0x2D400020,0x2D,30,?30,READ_WRITE,4,CHARGING
0x2D400028,759169064,0x2D400028,0x2D,30,?30,READ_WRITE,4,CHARGING
0x2D400034,759169076,0x2D400034,0x2D,30,?30,READ_WRITE,4,CHARGING
0x2D400038,759169080,0x2D400038,0x2D,30,?30,READ_WRITE,4,CHARGING
0x2D400046,759169094,0x2D400046,0x2D,30,?30,READ_WRITE,4,CHARGING
0x2D400047,759169095,0x2D400047,0x2D,30,?30,READ_WRITE,4,CHARGING
0x2DF00028,770703400,0x2DF00028,0x2D,,?,READ_WRITE,,(unset)
0x2EC00008,784334856,0x2EC00008,0x2E,1,Integer?,READ_WRITE,,(unset)
0x2EC0000B,784334859,0x2EC0000B,0x2E,1,Integer?,READ_WRITE,,(unset)
0x2EC0000E,784334862,0x2EC0000E,0x2E,1,Integer?,READ_WRITE,,(unset)
0x2EC00010,784334864,0x2EC00010,0x2E,1,Integer?,READ_WRITE,,(unset)
0x2EC00012,784334866,0x2EC00012,0x2E,1,Integer?,READ_WRITE,,(unset)
0x2EC00020,784334880,0x2EC00020,0x2E,1,Integer?,READ_WRITE,,(unset)
0x2EC00025,784334885,0x2EC00025,0x2E,1,Integer?,READ_WRITE,,(unset)
0x2EC00028,784334888,0x2EC00028,0x2E,1,Integer?,READ_WRITE,,(unset)
0x2EE0001C,786432028,0x2EE0001C,0x2E,23,?23,READ_WRITE,,(unset)
0x2EE00020,786432032,0x2EE00020,0x2E,23,?23,READ_WRITE,,(unset)
0x2EE00022,786432034,0x2EE00022,0x2E,23,?23,READ_WRITE,,(unset)
0x2EE00030,786432048,0x2EE00030,0x2E,23,?23,READ_WRITE,,(unset)
0x2EE00033,786432051,0x2EE00033,0x2E,23,?23,READ_WRITE,,(unset)
0x2EF0002F,787480623,0x2EF0002F,0x2E,1,Integer?,READ_WRITE,,(unset)
0x2F807026,796946470,0x2F807026,0x2F,24,?24,READ_WRITE,,(unset)
0x2FC07026,801140774,0x2FC07026,0x2F,24,?24,READ_WRITE,,(unset)
0x30900008,814743560,0x30900008,0x30,44,?44,READ_WRITE,,(unset)
0x3090000B,814743563,0x3090000B,0x30,44,?44,READ_WRITE,,(unset)
0x3090000D,814743565,0x3090000D,0x30,44,?44,READ_WRITE,,(unset)
0x30900010,814743568,0x30900010,0x30,44,?44,READ_WRITE,,(unset)
0x30900012,814743570,0x30900012,0x30,44,?44,READ_WRITE,,(unset)
0x30900014,814743572,0x30900014,0x30,44,?44,READ_WRITE,,(unset)
0x30900016,814743574,0x30900016,0x30,44,?44,READ_WRITE,,(unset)
0x30900018,814743576,0x30900018,0x30,44,?44,READ_WRITE,,(unset)
0x30900020,814743584,0x30900020,0x30,44,?44,READ_WRITE,,(unset)
0x30900028,814743592,0x30900028,0x30,44,?44,READ_WRITE,,(unset)
0x3090002A,814743594,0x3090002A,0x30,44,?44,READ_WRITE,,(unset)
0x3090002C,814743596,0x3090002C,0x30,44,?44,READ_WRITE,,(unset)
0x3090002E,814743598,0x3090002E,0x30,44,?44,READ_WRITE,,(unset)
0x30900030,814743600,0x30900030,0x30,3,Float?,READ_WRITE,,(unset)
0x30900038,814743608,0x30900038,0x30,2,Long?,READ_WRITE,,(unset)
0x30900040,814743616,0x30900040,0x30,1,Integer?,READ_WRITE,,(unset)
0x31501010,827330576,0x31501010,0x31,3,Float?,READ_WRITE,,(unset)
0x31501012,827330578,0x31501012,0x31,3,Float?,READ_WRITE,,(unset)
0x31501013,827330579,0x31501013,0x31,3,Float?,READ_WRITE,,(unset)
0x31501018,827330584,0x31501018,0x31,3,Float?,READ_WRITE,,(unset)
0x31501020,827330592,0x31501020,0x31,3,Float?,READ_WRITE,,(unset)
0x31501024,827330596,0x31501024,0x31,3,Float?,READ_WRITE,,(unset)
0x31501027,827330599,0x31501027,0x31,3,Float?,READ_WRITE,,(unset)
0x3150102A,827330602,0x3150102A,0x31,3,Float?,READ_WRITE,,(unset)
0x3150102C,827330604,0x3150102C,0x31,3,Float?,READ_WRITE,,(unset)
0x3150102E,827330606,0x3150102E,0x31,3,Float?,READ_WRITE,,(unset)
0x31501030,827330608,0x31501030,0x31,3,Float?,READ_WRITE,,(unset)
0x31501032,827330610,0x31501032,0x31,3,Float?,READ_WRITE,,(unset)
0x31501038,827330616,0x31501038,0x31,3,Float?,READ_WRITE,,(unset)
0x31C00008,834666504,0x31C00008,0x31,2,Long?,READ_WRITE,,(unset)
0x31C00012,834666514,0x31C00012,0x31,2,Long?,READ_WRITE,,(unset)
0x31C0001B,834666523,0x31C0001B,0x31,2,Long?,READ_WRITE,,(unset)
0x31C00025,834666533,0x31C00025,0x31,2,Long?,READ_WRITE,,(unset)
0x31C0002F,834666543,0x31C0002F,0x31,2,Long?,READ_WRITE,,(unset)
0x31C00038,834666552,0x31C00038,0x31,2,Long?,READ_WRITE,,(unset)
0x31C00042,834666562,0x31C00042,0x31,2,Long?,READ_WRITE,,(unset)
0x31C0004C,834666572,0x31C0004C,0x31,2,Long?,READ_WRITE,,(unset)
0x31C00055,834666581,0x31C00055,0x31,2,Long?,READ_WRITE,,(unset)
0x31C0005F,834666591,0x31C0005F,0x31,2,Long?,READ_WRITE,,(unset)
0x31C00062,834666594,0x31C00062,0x31,2,Long?,READ_WRITE,,(unset)
0x31C00066,834666598,0x31C00066,0x31,10,?,READ_WRITE,,(unset)
0x31C00091,834666641,0x31C00091,0x31,22,?22,READ_WRITE,,(unset)
0x31C00094,834666644,0x31C00094,0x31,22,?22,READ_WRITE,,(unset)
0x31C00098,834666648,0x31C00098,0x31,22,?22,READ_WRITE,,(unset)
0x31C000A8,834666664,0x31C000A8,0x31,22,?22,READ_WRITE,,(unset)
0x31C000C0,834666688,0x31C000C0,0x31,22,?22,READ_WRITE,,(unset)
0x31C000D8,834666712,0x31C000D8,0x31,22,?22,READ_WRITE,,(unset)
0x31C000E0,834666720,0x31C000E0,0x31,22,?22,READ_WRITE,,(unset)
0x31C000F8,834666744,0x31C000F8,0x31,22,?22,READ_WRITE,,(unset)
0x31C00108,834666760,0x31C00108,0x31,22,?22,READ_WRITE,,(unset)
0x31C00110,834666768,0x31C00110,0x31,22,?22,READ_WRITE,,(unset)
0x31C001DD,834666973,0x31C001DD,0x31,12,?12,READ_WRITE,,(unset)
0x32B0A040,850436160,0x32B0A040,0x32,1,Integer?,READ_WRITE,,(unset)
0x32B11020,850464800,0x32B11020,0x32,44,?44,READ_WRITE,,(unset)
0x32B1102C,850464812,0x32B1102C,0x32,3,Float?,READ_WRITE,,(unset)
0x32B1102E,850464814,0x32B1102E,0x32,3,Float?,READ_WRITE,,(unset)
0x32B11030,850464816,0x32B11030,0x32,44,?44,READ_WRITE,,(unset)
0x32B2C010,850575376,0x32B2C010,0x32,2,Long?,READ_WRITE,,(unset)
0x32B2C012,850575378,0x32B2C012,0x32,2,Long?,READ_WRITE,,(unset)
0x32B2E010,850583568,0x32B2E010,0x32,1,Integer?,READ_WRITE,,(unset)
0x32B2E012,850583570,0x32B2E012,0x32,1,Integer?,READ_WRITE,,(unset)
0x32B2E014,850583572,0x32B2E014,0x32,1,Integer?,READ_WRITE,,(unset)
0x32B2E016,850583574,0x32B2E016,0x32,1,Integer?,READ_WRITE,,(unset)
0x32B2E018,850583576,0x32B2E018,0x32,1,Integer?,READ_WRITE,,(unset)
0x33F00010,871366672,0x33F00010,0x33,1,Integer?,READ_WRITE,,(unset)
0x33F00024,871366692,0x33F00024,0x33,1,Integer?,READ_WRITE,,(unset)
0x33F00028,871366696,0x33F00028,0x33,1,Integer?,READ_WRITE,,(unset)
0x33F00030,871366704,0x33F00030,0x33,3,Float?,READ_WRITE,,(unset)
0x33F00038,871366712,0x33F00038,0x33,1,Integer?,READ_WRITE,,(unset)
0x33F0003A,871366714,0x33F0003A,0x33,1,Integer?,READ_WRITE,,(unset)
0x34C00008,884998152,0x34C00008,0x34,1,Integer?,READ_WRITE,,(unset)
0x34C00009,884998153,0x34C00009,0x34,1,Integer?,READ_WRITE,,(unset)
0x34C0000B,884998155,0x34C0000B,0x34,3,Float?,READ_WRITE,,(unset)
0x34C00010,884998160,0x34C00010,0x34,1,Integer?,READ_WRITE,,(unset)
0x37E0202D,937435181,0x37E0202D,0x37,44,?44,READ_WRITE,,(unset)
0x37E02030,937435184,0x37E02030,0x37,44,?44,READ_WRITE,,(unset)
0x38500030,944767024,0x38500030,0x38,12,?12,READ_WRITE,,(unset)
0x38500032,944767026,0x38500032,0x38,12,?12,READ_WRITE,,(unset)
0x38500034,944767028,0x38500034,0x38,33,?,READ_WRITE,,(unset)
0x38500038,944767032,0x38500038,0x38,1,Integer?,READ_WRITE,,(unset)
0x38B00008,951058440,0x38B00008,0x38,1,Integer?,READ_WRITE,,(unset)
0x38B0000D,951058445,0x38B0000D,0x38,1,Integer?,READ_WRITE,,(unset)
0x38B00010,951058448,0x38B00010,0x38,1,Integer?,READ_WRITE,,(unset)
0x38B00015,951058453,0x38B00015,0x38,1,Integer?,READ_WRITE,,(unset)
0x38B00018,951058456,0x38B00018,0x38,1,Integer?,READ_WRITE,4,CHARGING
0x38B0001C,951058460,0x38B0001C,0x38,1,Integer?,READ_WRITE,,(unset)
0x38B0001E,951058462,0x38B0001E,0x38,1,Integer?,READ_WRITE,,(unset)
0x38B00020,951058464,0x38B00020,0x38,1,Integer?,READ_WRITE,,(unset)
0x38B00022,951058466,0x38B00022,0x38,1,Integer?,READ_WRITE,,(unset)
0x38B00025,951058469,0x38B00025,0x38,3,Float?,READ_WRITE,,(unset)
0x38B00028,951058472,0x38B00028,0x38,1,Integer?,READ_WRITE,,(unset)
0x38B0002A,951058474,0x38B0002A,0x38,3,Float?,READ_WRITE,,(unset)
0x38B0002B,951058475,0x38B0002B,0x38,3,Float?,READ_WRITE,,(unset)
0x38B0002C,951058476,0x38B0002C,0x38,3,Float?,READ_WRITE,,(unset)
0x38B0002E,951058478,0x38B0002E,0x38,3,Float?,READ_WRITE,,(unset)
0x38B00030,951058480,0x38B00030,0x38,3,Float?,READ_WRITE,,(unset)
0x38B00032,951058482,0x38B00032,0x38,1,Integer?,READ_WRITE,,(unset)
0x38B00034,951058484,0x38B00034,0x38,1,Integer?,READ_WRITE,,(unset)
0x38B00036,951058486,0x38B00036,0x38,1,Integer?,READ_WRITE,,(unset)
0x38B00038,951058488,0x38B00038,0x38,1,Integer?,READ_WRITE,,(unset)
0x38B0003A,951058490,0x38B0003A,0x38,1,Integer?,READ_WRITE,,(unset)
0x38B0003B,951058491,0x38B0003B,0x38,1,Integer?,READ_WRITE,,(unset)
0x38B0003D,951058493,0x38B0003D,0x38,3,Float?,READ_WRITE,,(unset)
0x38B00040,951058496,0x38B00040,0x38,3,Float?,READ_WRITE,,(unset)
0x38B00042,951058498,0x38B00042,0x38,3,Float?,READ_WRITE,,(unset)
0x38B00044,951058500,0x38B00044,0x38,3,Float?,READ_WRITE,,(unset)
0x3A000008,973078536,0x3A000008,0x3A,,?,READ_WRITE,,(unset)
0x3A00000A,973078538,0x3A00000A,0x3A,1,Integer?,READ_WRITE,,(unset)
0x3A00000C,973078540,0x3A00000C,0x3A,1,Integer?,READ_WRITE,,(unset)
0x3A00000E,973078542,0x3A00000E,0x3A,1,Integer?,READ_WRITE,,(unset)
0x3A000010,973078544,0x3A000010,0x3A,1,Integer?,READ_WRITE,,(unset)
0x3A000018,973078552,0x3A000018,0x3A,3,Float?,READ_WRITE,,(unset)
0x3A000020,973078560,0x3A000020,0x3A,3,Float?,READ_WRITE,,(unset)
0x3A000028,973078568,0x3A000028,0x3A,3,Float?,READ_WRITE,,(unset)
0x3A00002A,973078570,0x3A00002A,0x3A,3,Float?,READ_WRITE,,(unset)
0x3A000040,973078592,0x3A000040,0x3A,23,?23,READ_WRITE,,(unset)
0x3A50004C,978321484,0x3A50004C,0x3A,17,?17,READ_WRITE,,(unset)
0x3A50004E,978321486,0x3A50004E,0x3A,17,?17,READ_WRITE,,(unset)
0x3A500050,978321488,0x3A500050,0x3A,17,?17,READ_WRITE,,(unset)
0x3A500052,978321490,0x3A500052,0x3A,17,?17,READ_WRITE,,(unset)
0x3A500054,978321492,0x3A500054,0x3A,17,?17,READ_WRITE,,(unset)
0x3A500056,978321494,0x3A500056,0x3A,17,?17,READ_WRITE,,(unset)
0x3A500058,978321496,0x3A500058,0x3A,17,?17,READ_WRITE,,(unset)
0x3A50005A,978321498,0x3A50005A,0x3A,17,?17,READ_WRITE,,(unset)
0x3AB00008,984612872,0x3AB00008,0x3A,17,?17,READ_WRITE,,(unset)
0x3AB0000D,984612877,0x3AB0000D,0x3A,17,?17,READ_WRITE,,(unset)
0x3AB00010,984612880,0x3AB00010,0x3A,17,?17,READ_WRITE,,(unset)
0x3AB00013,984612883,0x3AB00013,0x3A,17,?17,READ_WRITE,,(unset)
0x3AB00016,984612886,0x3AB00016,0x3A,17,?17,READ_WRITE,,(unset)
0x3AB00018,984612888,0x3AB00018,0x3A,17,?17,READ_WRITE,,(unset)
0x3AB0001B,984612891,0x3AB0001B,0x3A,17,?17,READ_WRITE,,(unset)
0x3AB0001D,984612893,0x3AB0001D,0x3A,17,?17,READ_WRITE,,(unset)
0x3AB00020,984612896,0x3AB00020,0x3A,17,?17,READ_WRITE,,(unset)
0x3AB00022,984612898,0x3AB00022,0x3A,17,?17,READ_WRITE,,(unset)
0x3AB00024,984612900,0x3AB00024,0x3A,17,?17,READ_WRITE,,(unset)
0x3AB00026,984612902,0x3AB00026,0x3A,17,?17,READ_WRITE,,(unset)
0x3AB0002A,984612906,0x3AB0002A,0x3A,17,?17,READ_WRITE,,(unset)
0x3AB00031,984612913,0x3AB00031,0x3A,17,?17,READ_WRITE,,(unset)
0x3AB00035,984612917,0x3AB00035,0x3A,17,?17,READ_WRITE,,(unset)
0x3AB0003E,984612926,0x3AB0003E,0x3A,17,?17,READ_WRITE,,(unset)
0x3AB00040,984612928,0x3AB00040,0x3A,17,?17,READ_WRITE,,(unset)
0x3AB00042,984612930,0x3AB00042,0x3A,17,?17,READ_WRITE,,(unset)
0x3AB00046,984612934,0x3AB00046,0x3A,17,?17,READ_WRITE,,(unset)
0x3BB00008,1001390088,0x3BB00008,0x3B,24,?24,READ_WRITE,,(unset)
0x3BB0000A,1001390090,0x3BB0000A,0x3B,24,?24,READ_WRITE,,(unset)
0x3BB0000B,1001390091,0x3BB0000B,0x3B,24,?24,READ_WRITE,,(unset)
0x3BB00010,1001390096,0x3BB00010,0x3B,24,?24,READ_WRITE,,(unset)
0x3BB00018,1001390104,0x3BB00018,0x3B,24,?24,READ_WRITE,,(unset)
0x3BB0001C,1001390108,0x3BB0001C,0x3B,24,?24,READ_WRITE,,(unset)
0x3BB0001F,1001390111,0x3BB0001F,0x3B,24,?24,READ_WRITE,,(unset)
0x3BB00020,1001390112,0x3BB00020,0x3B,24,?24,READ_WRITE,,(unset)
0x3BB00022,1001390114,0x3BB00022,0x3B,24,?24,READ_WRITE,,(unset)
0x3BB00023,1001390115,0x3BB00023,0x3B,24,?24,READ_WRITE,,(unset)
0x3BB00024,1001390116,0x3BB00024,0x3B,24,?24,READ_WRITE,,(unset)
0x3BB00026,1001390118,0x3BB00026,0x3B,24,?24,READ_WRITE,,(unset)
0x3BB00028,1001390120,0x3BB00028,0x3B,23,?23,READ_WRITE,,(unset)
0x3BB0002A,1001390122,0x3BB0002A,0x3B,23,?23,READ_WRITE,,(unset)
0x3BB0002C,1001390124,0x3BB0002C,0x3B,23,?23,READ_WRITE,,(unset)
0x3BB00034,1001390132,0x3BB00034,0x3B,23,?23,READ_WRITE,,(unset)
0x3BE00008,1004535816,0x3BE00008,0x3B,17,?17,READ_WRITE,,(unset)
0x3BE0000C,1004535820,0x3BE0000C,0x3B,17,?17,READ_WRITE,,(unset)
0x3BE0000E,1004535822,0x3BE0000E,0x3B,17,?17,READ_WRITE,,(unset)
0x3BE00010,1004535824,0x3BE00010,0x3B,17,?17,READ_WRITE,,(unset)
0x3BE00012,1004535826,0x3BE00012,0x3B,17,?17,READ_WRITE,,(unset)
0x3BE00014,1004535828,0x3BE00014,0x3B,17,?17,READ_WRITE,,(unset)
0x3BE00016,1004535830,0x3BE00016,0x3B,17,?17,READ_WRITE,,(unset)
0x3BE00018,1004535832,0x3BE00018,0x3B,17,?17,READ_WRITE,,(unset)
0x3BE0001A,1004535834,0x3BE0001A,0x3B,17,?17,READ_WRITE,,(unset)
0x3C800008,1015021576,0x3C800008,0x3C,24,?24,READ_WRITE,,(unset)
0x3C80000A,1015021578,0x3C80000A,0x3C,24,?24,READ_WRITE,,(unset)
0x3C80000B,1015021579,0x3C80000B,0x3C,24,?24,READ_WRITE,,(unset)
0x3C800010,1015021584,0x3C800010,0x3C,24,?24,READ_WRITE,,(unset)
0x3C80001F,1015021599,0x3C80001F,0x3C,24,?24,READ_WRITE,,(unset)
0x3C800022,1015021602,0x3C800022,0x3C,24,?24,READ_WRITE,,(unset)
0x3C800026,1015021606,0x3C800026,0x3C,24,?24,READ_WRITE,,(unset)
0x3C800028,1015021608,0x3C800028,0x3C,23,?23,READ_WRITE,,(unset)
0x3C80002A,1015021610,0x3C80002A,0x3C,23,?23,READ_WRITE,,(unset)
0x3C80002C,1015021612,0x3C80002C,0x3C,23,?23,READ_WRITE,,(unset)
0x3C800034,1015021620,0x3C800034,0x3C,23,?23,READ_WRITE,,(unset)
0x3E300010,1043333136,0x3E300010,0x3E,1,Integer?,READ_WRITE,,(unset)
0x3E300030,1043333168,0x3E300030,0x3E,13,?13,READ_WRITE,,(unset)
0x3F200008,1059061768,0x3F200008,0x3F,2,Long?,READ_WRITE,,(unset)
0x3F200040,1059061824,0x3F200040,0x3F,24,?24,READ_WRITE,,(unset)
0x3F200042,1059061826,0x3F200042,0x3F,24,?24,READ_WRITE,,(unset)
0x3F200044,1059061828,0x3F200044,0x3F,24,?24,READ_WRITE,,(unset)
0x3F200046,1059061830,0x3F200046,0x3F,24,?24,READ_WRITE,,(unset)
0x3F200048,1059061832,0x3F200048,0x3F,24,?24,READ_WRITE,,(unset)
0x3F20004A,1059061834,0x3F20004A,0x3F,24,?24,READ_WRITE,,(unset)
0x3F20004C,1059061836,0x3F20004C,0x3F,24,?24,READ_WRITE,,(unset)
0x3F20004E,1059061838,0x3F20004E,0x3F,24,?24,READ_WRITE,,(unset)
0x40500008,1078984712,0x40500008,0x40,23,?23,READ_WRITE,,(unset)
0x40500010,1078984720,0x40500010,0x40,23,?23,READ_WRITE,,(unset)
0x4050001E,1078984734,0x4050001E,0x40,23,?23,READ_WRITE,,(unset)
0x40500020,1078984736,0x40500020,0x40,23,?23,READ_WRITE,,(unset)
0x40500022,1078984738,0x40500022,0x40,23,?23,READ_WRITE,,(unset)
0x40500030,1078984752,0x40500030,0x40,16,?,READ_WRITE,,(unset)
0x4050003B,1078984763,0x4050003B,0x40,3,Float?,READ_WRITE,,(unset)
0x4080000D,1082130445,0x4080000D,0x40,1,Integer?,READ_WRITE,,(unset)
0x40800028,1082130472,0x40800028,0x40,,?,READ_WRITE,,(unset)
0x4080002A,1082130474,0x4080002A,0x40,2,Long?,READ_WRITE,,(unset)
0x40901025,1083183141,0x40901025,0x40,24,?24,READ_WRITE,,(unset)
0x40901030,1083183152,0x40901030,0x40,24,?24,READ_WRITE,,(unset)
0x40901034,1083183156,0x40901034,0x40,24,?24,READ_WRITE,,(unset)
0x40901038,1083183160,0x40901038,0x40,24,?24,READ_WRITE,,(unset)
0x40901039,1083183161,0x40901039,0x40,24,?24,READ_WRITE,,(unset)
0x40901040,1083183168,0x40901040,0x40,1,Integer?,READ_WRITE,,(unset)
0x40901042,1083183170,0x40901042,0x40,1,Integer?,READ_WRITE,,(unset)
0x4090301A,1083191322,0x4090301A,0x40,24,?24,READ_WRITE,,(unset)
0x40903020,1083191328,0x40903020,0x40,3,Float?,READ_WRITE,,(unset)
0x40909010,1083215888,0x40909010,0x40,1,Integer?,READ_WRITE,,(unset)
0x40909012,1083215890,0x40909012,0x40,1,Integer?,READ_WRITE,,(unset)
0x40909014,1083215892,0x40909014,0x40,1,Integer?,READ_WRITE,,(unset)
0x40909016,1083215894,0x40909016,0x40,1,Integer?,READ_WRITE,,(unset)
0x40909018,1083215896,0x40909018,0x40,1,Integer?,READ_WRITE,,(unset)
0x4090901A,1083215898,0x4090901A,0x40,1,Integer?,READ_WRITE,,(unset)
0x4090901C,1083215900,0x4090901C,0x40,1,Integer?,READ_WRITE,,(unset)
0x40C0C010,1086373904,0x40C0C010,0x40,3,Float?,READ_WRITE,,(unset)
0x40C0C013,1086373907,0x40C0C013,0x40,3,Float?,READ_WRITE,,(unset)
0x40C0C016,1086373910,0x40C0C016,0x40,3,Float?,READ_WRITE,,(unset)
0x40C0C019,1086373913,0x40C0C019,0x40,3,Float?,READ_WRITE,,(unset)
0x40C0C01C,1086373916,0x40C0C01C,0x40,3,Float?,READ_WRITE,,(unset)
0x40C0C01D,1086373917,0x40C0C01D,0x40,3,Float?,READ_WRITE,,(unset)
0x40C0C01E,1086373918,0x40C0C01E,0x40,3,Float?,READ_WRITE,,(unset)
0x41200008,1092616200,0x41200008,0x41,23,?23,READ_WRITE,,(unset)
0x41200010,1092616208,0x41200010,0x41,23,?23,READ_WRITE,,(unset)
0x41200017,1092616215,0x41200017,0x41,24,?24,READ_WRITE,,(unset)
0x41200020,1092616224,0x41200020,0x41,22,?22,READ_WRITE,,(unset)
0x41200030,1092616240,0x41200030,0x41,22,?22,READ_WRITE,,(unset)
0x42100008,1108344840,0x42100008,0x42,23,?23,READ_WRITE,,(unset)
0x4210000E,1108344846,0x4210000E,0x42,23,?23,READ_WRITE,,(unset)
0x42400018,1111490584,0x42400018,0x42,23,?23,READ_WRITE,,(unset)
0x42400038,1111490616,0x42400038,0x42,24,?24,READ_WRITE,,(unset)
0x42E0002D,1121976365,0x42E0002D,0x42,24,?24,READ_WRITE,,(unset)
0x43E0000A,1138753546,0x43E0000A,0x43,3,Float?,READ_WRITE,,(unset)
0x43E0000E,1138753550,0x43E0000E,0x43,3,Float?,READ_WRITE,,(unset)
0x43E00010,1138753552,0x43E00010,0x43,3,Float?,READ_WRITE,,(unset)
0x43E00018,1138753560,0x43E00018,0x43,3,Float?,READ_WRITE,,(unset)
0x43E00020,1138753568,0x43E00020,0x43,3,Float?,READ_WRITE,,(unset)
0x43E00028,1138753576,0x43E00028,0x43,3,Float?,READ_WRITE,,(unset)
0x43E00030,1138753584,0x43E00030,0x43,3,Float?,READ_WRITE,,(unset)
0x43E00034,1138753588,0x43E00034,0x43,23,?23,READ_WRITE,,(unset)
0x43E00035,1138753589,0x43E00035,0x43,1,Integer?,READ_WRITE,,(unset)
0x43E0003A,1138753594,0x43E0003A,0x43,3,Float?,READ_WRITE,,(unset)
0x43F01010,1139806224,0x43F01010,0x43,3,Float?,READ_WRITE,,(unset)
0x43F02010,1139810320,0x43F02010,0x43,3,Float?,READ_WRITE,,(unset)
0x43F02018,1139810328,0x43F02018,0x43,3,Float?,READ_WRITE,,(unset)
0x43F0201E,1139810334,0x43F0201E,0x43,3,Float?,READ_WRITE,,(unset)
0x43F02024,1139810340,0x43F02024,0x43,3,Float?,READ_WRITE,,(unset)
0x43F02028,1139810344,0x43F02028,0x43,3,Float?,READ_WRITE,,(unset)
0x43F05010,1139822608,0x43F05010,0x43,24,?24,READ_WRITE,,(unset)
0x43F05018,1139822616,0x43F05018,0x43,24,?24,READ_WRITE,,(unset)
0x43F05030,1139822640,0x43F05030,0x43,22,?22,READ_WRITE,,(unset)
0x43F06010,1139826704,0x43F06010,0x43,24,?24,READ_WRITE,1,SETTING
0x43F07010,1139830800,0x43F07010,0x43,24,?24,READ_WRITE,1,SETTING
0x43F09010,1139838992,0x43F09010,0x43,3,Float?,READ_WRITE,,(unset)
0x43F09018,1139839000,0x43F09018,0x43,3,Float?,READ_WRITE,,(unset)
0x43F09020,1139839008,0x43F09020,0x43,3,Float?,READ_WRITE,,(unset)
0x43F09028,1139839016,0x43F09028,0x43,3,Float?,READ_WRITE,,(unset)
0x43F0B010,1139847184,0x43F0B010,0x43,24,?24,READ_WRITE,,(unset)
0x43F0C010,1139851280,0x43F0C010,0x43,24,?24,READ_WRITE,1,SETTING
0x43F41008,1140068360,0x43F41008,0x43,3,Float?,READ_WRITE,1,SETTING
0x43F91008,1140396040,0x43F91008,0x43,23,?23,READ_WRITE,1,SETTING
0x43FB1008,1140527112,0x43FB1008,0x43,3,Float?,READ_WRITE,1,SETTING
0x43FC1008,1140592648,0x43FC1008,0x43,3,Float?,READ_WRITE,1,SETTING
0x43FD1008,1140658184,0x43FD1008,0x43,3,Float?,READ_WRITE,1,SETTING
0x44B0000C,1152385036,0x44B0000C,0x44,9,?9,READ_WRITE,,(unset)
0x4888484B,1216890955,0x4888484B,0x48,1,Integer?,READ_WRITE,,(unset)
0x4920000A,1226833930,0x4920000A,0x49,2,Long?,READ_WRITE,,(unset)
0x4920000B,1226833931,0x4920000B,0x49,2,Long?,READ_WRITE,,(unset)
0x4920000C,1226833932,0x4920000C,0x49,2,Long?,READ_WRITE,,(unset)
0x49200010,1226833936,0x49200010,0x49,2,Long?,READ_WRITE,,(unset)
0x49200012,1226833938,0x49200012,0x49,2,Long?,READ_WRITE,,(unset)
0x49200013,1226833939,0x49200013,0x49,2,Long?,READ_WRITE,,(unset)
0x49200014,1226833940,0x49200014,0x49,2,Long?,READ_WRITE,,(unset)
0x49200019,1226833945,0x49200019,0x49,2,Long?,READ_WRITE,,(unset)
0x4920001E,1226833950,0x4920001E,0x49,2,Long?,READ_WRITE,,(unset)
0x49A0040C,1235223564,0x49A0040C,0x49,16,?,READ_WRITE,,(unset)
0x4B600008,1264582664,0x4B600008,0x4B,23,?23,READ_WRITE,,(unset)
0x4B600010,1264582672,0x4B600010,0x4B,23,?23,READ_WRITE,,(unset)
0x4B600017,1264582679,0x4B600017,0x4B,24,?24,READ_WRITE,,(unset)
0x4B600020,1264582688,0x4B600020,0x4B,22,?22,READ_WRITE,,(unset)
0x4B600030,1264582704,0x4B600030,0x4B,22,?22,READ_WRITE,,(unset)
0x4C106022,1276141602,0x4C106022,0x4C,1,Integer?,READ_WRITE,,(unset)
0x4C108028,1276149800,0x4C108028,0x4C,1,Integer?,READ_WRITE,,(unset)
0x4C108044,1276149828,0x4C108044,0x4C,3,Float?,READ_WRITE,,(unset)
0x4C10A018,1276157976,0x4C10A018,0x4C,3,Float?,READ_WRITE,,(unset)
0x4C10B010,1276162064,0x4C10B010,0x4C,1,Integer?,READ_WRITE,1,SETTING
0x4C10E010,1276174352,0x4C10E010,0x4C,1,Integer?,READ_WRITE,,(unset)
0x4C10E015,1276174357,0x4C10E015,0x4C,1,Integer?,READ_WRITE,,(unset)
0x4C10E018,1276174360,0x4C10E018,0x4C,1,Integer?,READ_WRITE,,(unset)
0x4C10E01D,1276174365,0x4C10E01D,0x4C,1,Integer?,READ_WRITE,,(unset)
0x4C10E020,1276174368,0x4C10E020,0x4C,1,Integer?,READ_WRITE,,(unset)
0x4C10E023,1276174371,0x4C10E023,0x4C,1,Integer?,READ_WRITE,,(unset)
0x4C10E025,1276174373,0x4C10E025,0x4C,1,Integer?,READ_WRITE,,(unset)
0x4C10E02C,1276174380,0x4C10E02C,0x4C,1,Integer?,READ_WRITE,4,CHARGING
0x4C10E030,1276174384,0x4C10E030,0x4C,1,Integer?,READ_WRITE,,(unset)
0x4C10E03C,1276174396,0x4C10E03C,0x4C,1,Integer?,READ_WRITE,,(unset)
0x4C10E03E,1276174398,0x4C10E03E,0x4C,1,Integer?,READ_WRITE,,(unset)
0x4C10E040,1276174400,0x4C10E040,0x4C,1,Integer?,READ_WRITE,,(unset)
0x4C10E044,1276174404,0x4C10E044,0x4C,1,Integer?,READ_WRITE,,(unset)
0x4C11B012,1276227602,0x4C11B012,0x4C,24,?24,READ_WRITE,,(unset)
0x4C11B014,1276227604,0x4C11B014,0x4C,24,?24,READ_WRITE,,(unset)
0x4C11B016,1276227606,0x4C11B016,0x4C,24,?24,READ_WRITE,,(unset)
0x4C11B018,1276227608,0x4C11B018,0x4C,24,?24,READ_WRITE,,(unset)
0x4C11B01C,1276227612,0x4C11B01C,0x4C,24,?24,READ_WRITE,,(unset)
0x4C11B01E,1276227614,0x4C11B01E,0x4C,24,?24,READ_WRITE,,(unset)
0x4C11B02A,1276227626,0x4C11B02A,0x4C,24,?24,READ_WRITE,,(unset)
0x4C11B02C,1276227628,0x4C11B02C,0x4C,24,?24,READ_WRITE,,(unset)
0x4C11B02E,1276227630,0x4C11B02E,0x4C,24,?24,READ_WRITE,,(unset)
0x4C11B030,1276227632,0x4C11B030,0x4C,24,?24,READ_WRITE,,(unset)
0x4C11B034,1276227636,0x4C11B034,0x4C,24,?24,READ_WRITE,,(unset)
0x4C11E020,1276239904,0x4C11E020,0x4C,,?,READ_WRITE,,(unset)
0x4C11E024,1276239908,0x4C11E024,0x4C,1,Integer?,READ_WRITE,,(unset)
0x4C11E028,1276239912,0x4C11E028,0x4C,1,Integer?,READ_WRITE,,(unset)
0x4C30000A,1278214154,0x4C30000A,0x4C,22,?22,READ_WRITE,,(unset)
0x4C300010,1278214160,0x4C300010,0x4C,22,?22,READ_WRITE,,(unset)
0x4C300020,1278214176,0x4C300020,0x4C,22,?22,READ_WRITE,,(unset)
0x4C500008,1280311304,0x4C500008,0x4C,1,Integer?,READ_WRITE,,(unset)
0x4C50000B,1280311307,0x4C50000B,0x4C,1,Integer?,READ_WRITE,,(unset)
0x4C50000E,1280311310,0x4C50000E,0x4C,1,Integer?,READ_WRITE,,(unset)
0x4C50000F,1280311311,0x4C50000F,0x4C,1,Integer?,READ_WRITE,,(unset)
0x4C500010,1280311312,0x4C500010,0x4C,1,Integer?,READ_WRITE,,(unset)
0x4C500012,1280311314,0x4C500012,0x4C,1,Integer?,READ_WRITE,,(unset)
0x4C500014,1280311316,0x4C500014,0x4C,1,Integer?,READ_WRITE,,(unset)
0x4C500016,1280311318,0x4C500016,0x4C,1,Integer?,READ_WRITE,,(unset)
0x4C500018,1280311320,0x4C500018,0x4C,1,Integer?,READ_WRITE,,(unset)
0x4C50001A,1280311322,0x4C50001A,0x4C,1,Integer?,READ_WRITE,,(unset)
0x4CA0004B,1285554251,0x4CA0004B,0x4C,1,Integer?,READ_WRITE,,(unset)
0x4CA00073,1285554291,0x4CA00073,0x4C,44,?44,READ_WRITE,,(unset)
0x4E100038,1309671480,0x4E100038,0x4E,24,?24,READ_WRITE,,(unset)
0x4E10003A,1309671482,0x4E10003A,0x4E,23,?23,READ_WRITE,,(unset)
0x4E10003C,1309671484,0x4E10003C,0x4E,24,?24,READ_WRITE,,(unset)
0x4E10003E,1309671486,0x4E10003E,0x4E,14,?,READ_WRITE,,(unset)
0x4E10003E,1309671486,0x4E10003E,0x4E,24,?24,READ_WRITE,,(unset)
0x4E100040,1309671488,0x4E100040,0x4E,14,?,READ_WRITE,,(unset)
0x4E100040,1309671488,0x4E100040,0x4E,24,?24,READ_WRITE,,(unset)
0x4E100042,1309671490,0x4E100042,0x4E,1,Integer?,READ_WRITE,,(unset)
0x4E40000A,1312817162,0x4E40000A,0x4E,1,Integer?,READ_WRITE,,(unset)
0x4EA0002A,1319108650,0x4EA0002A,0x4E,2,Long?,READ_WRITE,,(unset)
0x4EF05010,1324371984,0x4EF05010,0x4E,24,?24,READ_WRITE,,(unset)
0x4EF44038,1324630072,0x4EF44038,0x4E,1,Integer?,READ_WRITE,,(unset)
0x4EF45010,1324634128,0x4EF45010,0x4E,17,?17,READ_WRITE,,(unset)
0x4EF45012,1324634130,0x4EF45012,0x4E,17,?17,READ_WRITE,,(unset)
0x4EF45014,1324634132,0x4EF45014,0x4E,17,?17,READ_WRITE,,(unset)
0x4EF45016,1324634134,0x4EF45016,0x4E,17,?17,READ_WRITE,,(unset)
0x4EF45018,1324634136,0x4EF45018,0x4E,17,?17,READ_WRITE,,(unset)
0x4EF4501A,1324634138,0x4EF4501A,0x4E,17,?17,READ_WRITE,,(unset)
0x4EF4501C,1324634140,0x4EF4501C,0x4E,17,?17,READ_WRITE,,(unset)
0x4EF4501E,1324634142,0x4EF4501E,0x4E,17,?17,READ_WRITE,,(unset)
0x4EF45020,1324634144,0x4EF45020,0x4E,17,?17,READ_WRITE,,(unset)
0x4EF45022,1324634146,0x4EF45022,0x4E,17,?17,READ_WRITE,,(unset)
0x4EF45024,1324634148,0x4EF45024,0x4E,17,?17,READ_WRITE,,(unset)
0x4EF45026,1324634150,0x4EF45026,0x4E,17,?17,READ_WRITE,,(unset)
0x4EF45028,1324634152,0x4EF45028,0x4E,17,?17,READ_WRITE,,(unset)
0x4EF45030,1324634160,0x4EF45030,0x4E,17,?17,READ_WRITE,,(unset)
0x4EF45033,1324634163,0x4EF45033,0x4E,9,?9,READ_WRITE,,(unset)
0x4EF45034,1324634164,0x4EF45034,0x4E,17,?17,READ_WRITE,,(unset)
0x4EF45036,1324634166,0x4EF45036,0x4E,17,?17,READ_WRITE,,(unset)
0x4EF45038,1324634168,0x4EF45038,0x4E,17,?17,READ_WRITE,,(unset)
0x4EF4503A,1324634170,0x4EF4503A,0x4E,17,?17,READ_WRITE,,(unset)
0x4EF4503C,1324634172,0x4EF4503C,0x4E,17,?17,READ_WRITE,,(unset)
0x4EF4503E,1324634174,0x4EF4503E,0x4E,17,?17,READ_WRITE,,(unset)
0x4EF45040,1324634176,0x4EF45040,0x4E,17,?17,READ_WRITE,,(unset)
0x4EF45042,1324634178,0x4EF45042,0x4E,17,?17,READ_WRITE,,(unset)
0x4F50003A,1330643002,0x4F50003A,0x4F,1,Integer?,READ_WRITE,,(unset)
0x70AEBE71,1890500209,0x70AEBE71,0x70,23,?23,READ_WRITE,1,SETTING
0x70F3E601,1895032321,0x70F3E601,0x70,24,?24,READ_WRITE,,(unset)
0x76BC1286,1992036998,0x76BC1286,0x76,23,?23,READ_WRITE,1,SETTING
0x7D90D986,2106644870,0x7D90D986,0x7D,23,?23,READ_WRITE,,(unset)
0x8AC6C539,2328282425,0x8AC6C539,0x8A,24,?24,READ_WRITE,,(unset)
0x8E2FCDBF,2385497535,0x8E2FCDBF,0x8E,1,Integer?,READ_WRITE,,(unset)
0x92798097,2457436311,0x92798097,0x92,23,?23,READ_WRITE,,(unset)
0xA79D8A52,2812119634,0xA79D8A52,0xA7,24,?24,READ_WRITE,,(unset)
0xA8751C62,2826247266,0xA8751C62,0xA8,2,Long?,READ_WRITE,,(unset)
0xAA000383,2852127619,0xAA000383,0xAA,2,Long?,READ_WRITE,,(unset)
0xAA000385,2852127621,0xAA000385,0xAA,2,Long?,READ_WRITE,,(unset)
0xC57AF975,3313170805,0xC57AF975,0xC5,24,?24,READ_WRITE,,(unset)
0xCA021728,3389134632,0xCA021728,0xCA,24,?24,READ_WRITE,,(unset)
0xD61B6746,3592120134,0xD61B6746,0xD6,1,Integer?,READ_WRITE,,(unset)
0xE65F7470,3865015408,0xE65F7470,0xE6,23,?23,READ_WRITE,1,SETTING
0x5200008,85983240,0x5200008,0x05,1,Integer?,WRITE,,(unset)
0x5600008,90177544,0x5600008,0x05,1,Integer?,WRITE,1,SETTING
0x5700008,91226120,0x5700008,0x05,1,Integer?,WRITE,1,SETTING
0x6700008,108003336,0x6700008,0x06,2,Long?,WRITE,1,SETTING
0x7801010,125833232,0x7801010,0x07,1,Integer?,WRITE,1,SETTING
0x7802010,125837328,0x7802010,0x07,1,Integer?,WRITE,,(unset)
0x7802018,125837336,0x7802018,0x07,1,Integer?,WRITE,,(unset)
0x780201C,125837340,0x780201C,0x07,1,Integer?,WRITE,,(unset)
0x7802021,125837345,0x7802021,0x07,1,Integer?,WRITE,,(unset)
0x7802026,125837350,0x7802026,0x07,1,Integer?,WRITE,,(unset)
0x780202C,125837356,0x780202C,0x07,1,Integer?,WRITE,,(unset)
0x7802032,125837362,0x7802032,0x07,1,Integer?,WRITE,,(unset)
0x7809010,125866000,0x7809010,0x07,2,Long?,WRITE,,(unset)
0x7809014,125866004,0x7809014,0x07,2,Long?,WRITE,,(unset)
0x7809018,125866008,0x7809018,0x07,2,Long?,WRITE,,(unset)
0x780901C,125866012,0x780901C,0x07,2,Long?,WRITE,,(unset)
0x7809020,125866016,0x7809020,0x07,2,Long?,WRITE,,(unset)
0x7809024,125866020,0x7809024,0x07,2,Long?,WRITE,,(unset)
0x7809028,125866024,0x7809028,0x07,2,Long?,WRITE,,(unset)
0x780902C,125866028,0x780902C,0x07,2,Long?,WRITE,,(unset)
0x7809030,125866032,0x7809030,0x07,2,Long?,WRITE,,(unset)
0x7809034,125866036,0x7809034,0x07,2,Long?,WRITE,,(unset)
0x7809038,125866040,0x7809038,0x07,2,Long?,WRITE,,(unset)
0x780903C,125866044,0x780903C,0x07,2,Long?,WRITE,,(unset)
0x7809040,125866048,0x7809040,0x07,2,Long?,WRITE,,(unset)
0x7809044,125866052,0x7809044,0x07,2,Long?,WRITE,,(unset)
0x780A010,125870096,0x780A010,0x07,2,Long?,WRITE,,(unset)
0x780A012,125870098,0x780A012,0x07,2,Long?,WRITE,,(unset)
0x780A014,125870100,0x780A014,0x07,2,Long?,WRITE,,(unset)
0x780A01C,125870108,0x780A01C,0x07,2,Long?,WRITE,,(unset)
0x780A020,125870112,0x780A020,0x07,2,Long?,WRITE,,(unset)
0x780A024,125870116,0x780A024,0x07,2,Long?,WRITE,,(unset)
0x780A028,125870120,0x780A028,0x07,2,Long?,WRITE,,(unset)
0x780A02C,125870124,0x780A02C,0x07,2,Long?,WRITE,,(unset)
0x780A030,125870128,0x780A030,0x07,2,Long?,WRITE,,(unset)
0x780A034,125870132,0x780A034,0x07,2,Long?,WRITE,,(unset)
0x780A038,125870136,0x780A038,0x07,2,Long?,WRITE,,(unset)
0x780A03A,125870138,0x780A03A,0x07,2,Long?,WRITE,,(unset)
0x780A03C,125870140,0x780A03C,0x07,2,Long?,WRITE,,(unset)
0x780A03E,125870142,0x780A03E,0x07,17,?17,WRITE,,(unset)
0x780A040,125870144,0x780A040,0x07,17,?17,WRITE,,(unset)
0x780A042,125870146,0x780A042,0x07,17,?17,WRITE,,(unset)
0x780A044,125870148,0x780A044,0x07,17,?17,WRITE,,(unset)
0x780B010,125874192,0x780B010,0x07,17,?17,WRITE,,(unset)
0x780B014,125874196,0x780B014,0x07,17,?17,WRITE,,(unset)
0x780B018,125874200,0x780B018,0x07,17,?17,WRITE,,(unset)
0x780B01C,125874204,0x780B01C,0x07,17,?17,WRITE,,(unset)
0x780B020,125874208,0x780B020,0x07,17,?17,WRITE,,(unset)
0x780B024,125874212,0x780B024,0x07,17,?17,WRITE,,(unset)
0x780B026,125874214,0x780B026,0x07,17,?17,WRITE,,(unset)
0x780B03A,125874234,0x780B03A,0x07,13,?13,WRITE,,(unset)
0x780B03C,125874236,0x780B03C,0x07,13,?13,WRITE,,(unset)
0x780B03E,125874238,0x780B03E,0x07,13,?13,WRITE,,(unset)
0x780C010,125878288,0x780C010,0x07,13,?13,WRITE,,(unset)
0x780C014,125878292,0x780C014,0x07,13,?13,WRITE,,(unset)
0x780C018,125878296,0x780C018,0x07,13,?13,WRITE,,(unset)
0x780C030,125878320,0x780C030,0x07,13,?13,WRITE,,(unset)
0x780C038,125878328,0x780C038,0x07,13,?13,WRITE,,(unset)
0x780C040,125878336,0x780C040,0x07,13,?13,WRITE,,(unset)
0x780E026,125886502,0x780E026,0x07,3,Float?,WRITE,,(unset)
0x780E028,125886504,0x780E028,0x07,1,Integer?,WRITE,,(unset)
0x780E03A,125886522,0x780E03A,0x07,2,Long?,WRITE,,(unset)
0x780E03C,125886524,0x780E03C,0x07,1,Integer?,WRITE,,(unset)
0x780E03E,125886526,0x780E03E,0x07,13,?13,WRITE,,(unset)
0x780E040,125886528,0x780E040,0x07,2,Long?,WRITE,,(unset)
0x780E044,125886532,0x780E044,0x07,2,Long?,WRITE,,(unset)
0x780F010,125890576,0x780F010,0x07,2,Long?,WRITE,,(unset)
0x780F014,125890580,0x780F014,0x07,2,Long?,WRITE,,(unset)
0x780F018,125890584,0x780F018,0x07,2,Long?,WRITE,,(unset)
0x780F01C,125890588,0x780F01C,0x07,2,Long?,WRITE,,(unset)
0x780F020,125890592,0x780F020,0x07,13,?13,WRITE,,(unset)
0x780F028,125890600,0x780F028,0x07,13,?13,WRITE,,(unset)
0x8100485,135267461,0x8100485,0x08,2,Long?,WRITE,,(unset)
0xA229010,170037264,0xA229010,0x0A,10,?,WRITE,,(unset)
0xA23B010,170110992,0xA23B010,0x0A,1,Integer?,WRITE,,(unset)
0xA23B012,170110994,0xA23B012,0x0A,1,Integer?,WRITE,,(unset)
0xC301410,204477456,0xC301410,0x0C,2,Long?,WRITE,4,CHARGING
0xC301424,204477476,0xC301424,0x0C,2,Long?,WRITE,4,CHARGING
0xCADB1C4,212709828,0xCADB1C4,0x0C,12,?12,WRITE,,(unset)
0xDD00008,231735304,0xDD00008,0x0D,11,?,WRITE,,(unset)
0xDD0000B,231735307,0xDD0000B,0x0D,11,?,WRITE,,(unset)
0xDD00010,231735312,0xDD00010,0x0D,11,?,WRITE,,(unset)
0xDE730AD,233255085,0xDE730AD,0x0D,23,?23,WRITE,,(unset)
0xE100028,235929640,0xE100028,0x0E,34,?,WRITE,,(unset)
0xE100029,235929641,0xE100029,0x0E,34,?,WRITE,,(unset)
0xE10002A,235929642,0xE10002A,0x0E,34,?,WRITE,,(unset)
0xE10002B,235929643,0xE10002B,0x0E,34,?,WRITE,,(unset)
0xE10002C,235929644,0xE10002C,0x0E,34,?,WRITE,,(unset)
0xE10002D,235929645,0xE10002D,0x0E,34,?,WRITE,,(unset)
0xE10002E,235929646,0xE10002E,0x0E,34,?,WRITE,,(unset)
0xE10002F,235929647,0xE10002F,0x0E,34,?,WRITE,,(unset)
0xE100030,235929648,0xE100030,0x0E,34,?,WRITE,,(unset)
0x10000008,268435464,0x10000008,0x10,11,?,WRITE,,(unset)
0x10000010,268435472,0x10000010,0x10,11,?,WRITE,,(unset)
0x10000018,268435480,0x10000018,0x10,11,?,WRITE,,(unset)
0x12D0082A,315623466,0x12D0082A,0x12,2,Long?,WRITE,,(unset)
0x13600008,325058568,0x13600008,0x13,21,?,WRITE,,(unset)
0x13600010,325058576,0x13600010,0x13,21,?,WRITE,,(unset)
0x13600018,325058584,0x13600018,0x13,21,?,WRITE,,(unset)
0x13600020,325058592,0x13600020,0x13,21,?,WRITE,,(unset)
0x13600028,325058600,0x13600028,0x13,21,?,WRITE,,(unset)
0x13600030,325058608,0x13600030,0x13,21,?,WRITE,,(unset)
0x13600038,325058616,0x13600038,0x13,21,?,WRITE,,(unset)
0x13600039,325058617,0x13600039,0x13,21,?,WRITE,,(unset)
0x1360003C,325058620,0x1360003C,0x13,21,?,WRITE,,(unset)
0x14C00008,348127240,0x14C00008,0x14,10,?,WRITE,1,SETTING
0x15402011,356524049,0x15402011,0x15,23,?23,WRITE,,(unset)
0x15702011,359669777,0x15702011,0x15,23,?23,WRITE,,(unset)
0x16300008,372244488,0x16300008,0x16,23,?23,WRITE,,(unset)
0x1630000A,372244490,0x1630000A,0x16,23,?23,WRITE,,(unset)
0x1630000B,372244491,0x1630000B,0x16,23,?23,WRITE,,(unset)
0x16300010,372244496,0x16300010,0x16,23,?23,WRITE,,(unset)
0x16300012,372244498,0x16300012,0x16,23,?23,WRITE,,(unset)
0x16300018,372244504,0x16300018,0x16,23,?23,WRITE,,(unset)
0x1630001D,372244509,0x1630001D,0x16,23,?23,WRITE,,(unset)
0x1630001E,372244510,0x1630001E,0x16,23,?23,WRITE,,(unset)
0x1630001F,372244511,0x1630001F,0x16,23,?23,WRITE,,(unset)
0x16300020,372244512,0x16300020,0x16,23,?23,WRITE,,(unset)
0x16300021,372244513,0x16300021,0x16,23,?23,WRITE,,(unset)
0x16300025,372244517,0x16300025,0x16,23,?23,WRITE,,(unset)
0x1630002C,372244524,0x1630002C,0x16,23,?23,WRITE,,(unset)
0x1630002E,372244526,0x1630002E,0x16,23,?23,WRITE,,(unset)
0x16300035,372244533,0x16300035,0x16,23,?23,WRITE,,(unset)
0x16300038,372244536,0x16300038,0x16,23,?23,WRITE,,(unset)
0x1630003D,372244541,0x1630003D,0x16,23,?23,WRITE,,(unset)
0x16300040,372244544,0x16300040,0x16,23,?23,WRITE,,(unset)
0x16300045,372244549,0x16300045,0x16,23,?23,WRITE,,(unset)
0x1890203E,412098622,0x1890203E,0x18,13,?13,WRITE,,(unset)
0x18903010,412102672,0x18903010,0x18,13,?13,WRITE,,(unset)
0x18903014,412102676,0x18903014,0x18,13,?13,WRITE,,(unset)
0x18903016,412102678,0x18903016,0x18,13,?13,WRITE,,(unset)
0x18903020,412102688,0x18903020,0x18,13,?13,WRITE,,(unset)
0x18903038,412102712,0x18903038,0x18,13,?13,WRITE,,(unset)
0x18903040,412102720,0x18903040,0x18,13,?13,WRITE,,(unset)
0x18904018,412106776,0x18904018,0x18,1,Integer?,WRITE,,(unset)
0x18904020,412106784,0x18904020,0x18,1,Integer?,WRITE,,(unset)
0x18904024,412106788,0x18904024,0x18,17,?17,WRITE,,(unset)
0x18904028,412106792,0x18904028,0x18,1,Integer?,WRITE,,(unset)
0x1890402A,412106794,0x1890402A,0x18,17,?17,WRITE,,(unset)
0x1890402C,412106796,0x1890402C,0x18,17,?17,WRITE,,(unset)
0x18904032,412106802,0x18904032,0x18,24,?24,WRITE,,(unset)
0x18904034,412106804,0x18904034,0x18,1,Integer?,WRITE,,(unset)
0x18904038,412106808,0x18904038,0x18,1,Integer?,WRITE,,(unset)
0x18905010,412110864,0x18905010,0x18,1,Integer?,WRITE,,(unset)
0x18905014,412110868,0x18905014,0x18,1,Integer?,WRITE,,(unset)
0x18905018,412110872,0x18905018,0x18,1,Integer?,WRITE,,(unset)
0x1890501C,412110876,0x1890501C,0x18,1,Integer?,WRITE,,(unset)
0x18905020,412110880,0x18905020,0x18,1,Integer?,WRITE,,(unset)
0x18905023,412110883,0x18905023,0x18,1,Integer?,WRITE,,(unset)
0x18905026,412110886,0x18905026,0x18,1,Integer?,WRITE,,(unset)
0x18905028,412110888,0x18905028,0x18,1,Integer?,WRITE,,(unset)
0x1890502B,412110891,0x1890502B,0x18,1,Integer?,WRITE,,(unset)
0x1890502E,412110894,0x1890502E,0x18,1,Integer?,WRITE,,(unset)
0x18905030,412110896,0x18905030,0x18,1,Integer?,WRITE,,(unset)
0x18905032,412110898,0x18905032,0x18,1,Integer?,WRITE,,(unset)
0x18905034,412110900,0x18905034,0x18,1,Integer?,WRITE,,(unset)
0x18905036,412110902,0x18905036,0x18,1,Integer?,WRITE,,(unset)
0x18905840,412112960,0x18905840,0x18,24,?24,WRITE,,(unset)
0x18905845,412112965,0x18905845,0x18,24,?24,WRITE,,(unset)
0x18907010,412119056,0x18907010,0x18,24,?24,WRITE,,(unset)
0x18907012,412119058,0x18907012,0x18,24,?24,WRITE,,(unset)
0x18907018,412119064,0x18907018,0x18,24,?24,WRITE,,(unset)
0x18907020,412119072,0x18907020,0x18,24,?24,WRITE,,(unset)
0x18907028,412119080,0x18907028,0x18,24,?24,WRITE,,(unset)
0x1890702A,412119082,0x1890702A,0x18,24,?24,WRITE,,(unset)
0x18907030,412119088,0x18907030,0x18,24,?24,WRITE,,(unset)
0x18907038,412119096,0x18907038,0x18,24,?24,WRITE,,(unset)
0x18908010,412123152,0x18908010,0x18,13,?13,WRITE,,(unset)
0x18908013,412123155,0x18908013,0x18,13,?13,WRITE,,(unset)
0x18909010,412127248,0x18909010,0x18,23,?23,WRITE,,(unset)
0x18909014,412127252,0x18909014,0x18,23,?23,WRITE,,(unset)
0x18909018,412127256,0x18909018,0x18,23,?23,WRITE,,(unset)
0x1890901D,412127261,0x1890901D,0x18,23,?23,WRITE,,(unset)
0x1890901E,412127262,0x1890901E,0x18,23,?23,WRITE,,(unset)
0x18909025,412127269,0x18909025,0x18,23,?23,WRITE,,(unset)
0x18909026,412127270,0x18909026,0x18,23,?23,WRITE,,(unset)
0x18909027,412127271,0x18909027,0x18,23,?23,WRITE,,(unset)
0x1890902B,412127275,0x1890902B,0x18,23,?23,WRITE,,(unset)
0x18909030,412127280,0x18909030,0x18,23,?23,WRITE,,(unset)
0x18909035,412127285,0x18909035,0x18,23,?23,WRITE,,(unset)
0x18909038,412127288,0x18909038,0x18,23,?23,WRITE,,(unset)
0x18909040,412127296,0x18909040,0x18,23,?23,WRITE,,(unset)
0x1890A010,412131344,0x1890A010,0x18,23,?23,WRITE,,(unset)
0x1890B010,412135440,0x1890B010,0x18,23,?23,WRITE,,(unset)
0x1890C010,412139536,0x1890C010,0x18,23,?23,WRITE,,(unset)
0x1890D010,412143632,0x1890D010,0x18,23,?23,WRITE,,(unset)
0x1890D018,412143640,0x1890D018,0x18,23,?23,WRITE,,(unset)
0x1890D020,412143648,0x1890D020,0x18,23,?23,WRITE,,(unset)
0x1890D028,412143656,0x1890D028,0x18,23,?23,WRITE,,(unset)
0x1890D030,412143664,0x1890D030,0x18,23,?23,WRITE,,(unset)
0x1890E010,412147728,0x1890E010,0x18,23,?23,WRITE,,(unset)
0x1890E018,412147736,0x1890E018,0x18,23,?23,WRITE,,(unset)
0x1890F010,412151824,0x1890F010,0x18,2,Long?,WRITE,,(unset)
0x1890F018,412151832,0x1890F018,0x18,2,Long?,WRITE,,(unset)
0x1890F020,412151840,0x1890F020,0x18,2,Long?,WRITE,,(unset)
0x1891001F,412155935,0x1891001F,0x18,24,?24,WRITE,,(unset)
0x18916012,412180498,0x18916012,0x18,1,Integer?,WRITE,,(unset)
0x18916014,412180500,0x18916014,0x18,1,Integer?,WRITE,,(unset)
0x18916016,412180502,0x18916016,0x18,1,Integer?,WRITE,,(unset)
0x18916018,412180504,0x18916018,0x18,1,Integer?,WRITE,,(unset)
0x1891601A,412180506,0x1891601A,0x18,1,Integer?,WRITE,,(unset)
0x1891601C,412180508,0x1891601C,0x18,1,Integer?,WRITE,,(unset)
0x1891601E,412180510,0x1891601E,0x18,1,Integer?,WRITE,,(unset)
0x18916020,412180512,0x18916020,0x18,1,Integer?,WRITE,,(unset)
0x18916022,412180514,0x18916022,0x18,1,Integer?,WRITE,,(unset)
0x18916024,412180516,0x18916024,0x18,1,Integer?,WRITE,,(unset)
0x18916026,412180518,0x18916026,0x18,1,Integer?,WRITE,,(unset)
0x18916028,412180520,0x18916028,0x18,1,Integer?,WRITE,,(unset)
0x18920018,412221464,0x18920018,0x18,24,?24,WRITE,,(unset)
0x189D0008,412942344,0x189D0008,0x18,24,?24,WRITE,1,SETTING
0x189E8008,413040648,0x189E8008,0x18,24,?24,WRITE,1,SETTING
0x18C36010,415457296,0x18C36010,0x18,1,Integer?,WRITE,,(unset)
0x18C36013,415457299,0x18C36013,0x18,1,Integer?,WRITE,,(unset)
0x18C36015,415457301,0x18C36015,0x18,1,Integer?,WRITE,,(unset)
0x19302033,422584371,0x19302033,0x19,24,?24,WRITE,,(unset)
0x19304032,422592562,0x19304032,0x19,4,Double?,WRITE,,(unset)
0x193D0008,423428104,0x193D0008,0x19,24,?24,WRITE,1,SETTING
0x193E8008,423526408,0x193E8008,0x19,24,?24,WRITE,1,SETTING
0x19701008,426774536,0x19701008,0x19,1,Integer?,WRITE,1,SETTING
0x19707016,426799126,0x19707016,0x19,1,Integer?,WRITE,,(unset)
0x19707018,426799128,0x19707018,0x19,1,Integer?,WRITE,,(unset)
0x1970701A,426799130,0x1970701A,0x19,1,Integer?,WRITE,,(unset)
0x19801010,427823120,0x19801010,0x19,27,?,WRITE,1,SETTING
0x19802016,427827222,0x19802016,0x19,34,?,WRITE,,(unset)
0x1980201B,427827227,0x1980201B,0x19,34,?,WRITE,,(unset)
0x19802025,427827237,0x19802025,0x19,34,?,WRITE,,(unset)
0x1980203C,427827260,0x1980203C,0x19,34,?,WRITE,,(unset)
0x1980203E,427827262,0x1980203E,0x19,34,?,WRITE,,(unset)
0x19802050,427827280,0x19802050,0x19,34,?,WRITE,,(unset)
0x19802058,427827288,0x19802058,0x19,3,Float?,WRITE,,(unset)
0x19802060,427827296,0x19802060,0x19,3,Float?,WRITE,,(unset)
0x19802064,427827300,0x19802064,0x19,3,Float?,WRITE,,(unset)
0x19802068,427827304,0x19802068,0x19,3,Float?,WRITE,,(unset)
0x19802070,427827312,0x19802070,0x19,3,Float?,WRITE,,(unset)
0x19802074,427827316,0x19802074,0x19,3,Float?,WRITE,,(unset)
0x19802078,427827320,0x19802078,0x19,3,Float?,WRITE,,(unset)
0x19802080,427827328,0x19802080,0x19,3,Float?,WRITE,,(unset)
0x19802084,427827332,0x19802084,0x19,3,Float?,WRITE,,(unset)
0x19802088,427827336,0x19802088,0x19,3,Float?,WRITE,,(unset)
0x19802090,427827344,0x19802090,0x19,3,Float?,WRITE,,(unset)
0x19802094,427827348,0x19802094,0x19,3,Float?,WRITE,,(unset)
0x19802098,427827352,0x19802098,0x19,3,Float?,WRITE,,(unset)
0x198020A0,427827360,0x198020A0,0x19,3,Float?,WRITE,,(unset)
0x198020A4,427827364,0x198020A4,0x19,3,Float?,WRITE,,(unset)
0x198020A8,427827368,0x198020A8,0x19,3,Float?,WRITE,,(unset)
0x198020B0,427827376,0x198020B0,0x19,3,Float?,WRITE,,(unset)
0x198020B4,427827380,0x198020B4,0x19,3,Float?,WRITE,,(unset)
0x198020B8,427827384,0x198020B8,0x19,3,Float?,WRITE,,(unset)
0x198020C0,427827392,0x198020C0,0x19,3,Float?,WRITE,,(unset)
0x198020C4,427827396,0x198020C4,0x19,3,Float?,WRITE,,(unset)
0x198020C8,427827400,0x198020C8,0x19,3,Float?,WRITE,,(unset)
0x198020D0,427827408,0x198020D0,0x19,3,Float?,WRITE,,(unset)
0x198020D4,427827412,0x198020D4,0x19,3,Float?,WRITE,,(unset)
0x198020D8,427827416,0x198020D8,0x19,3,Float?,WRITE,,(unset)
0x19BB1008,431689736,0x19BB1008,0x19,3,Float?,WRITE,1,SETTING
0x19BD1008,431820808,0x19BD1008,0x19,3,Float?,WRITE,1,SETTING
0x1A900008,445644808,0x1A900008,0x1A,23,?23,WRITE,,(unset)
0x1A90000C,445644812,0x1A90000C,0x1A,23,?23,WRITE,,(unset)
0x1A900010,445644816,0x1A900010,0x1A,23,?23,WRITE,,(unset)
0x1A900016,445644822,0x1A900016,0x1A,23,?23,WRITE,,(unset)
0x1A90001C,445644828,0x1A90001C,0x1A,23,?23,WRITE,,(unset)
0x1A90001E,445644830,0x1A90001E,0x1A,23,?23,WRITE,,(unset)
0x1A900020,445644832,0x1A900020,0x1A,23,?23,WRITE,,(unset)
0x1A900024,445644836,0x1A900024,0x1A,23,?23,WRITE,,(unset)
0x1A900028,445644840,0x1A900028,0x1A,23,?23,WRITE,,(unset)
0x1A90002C,445644844,0x1A90002C,0x1A,23,?23,WRITE,,(unset)
0x1A900030,445644848,0x1A900030,0x1A,23,?23,WRITE,,(unset)
0x1A900034,445644852,0x1A900034,0x1A,23,?23,WRITE,,(unset)
0x1A900038,445644856,0x1A900038,0x1A,23,?23,WRITE,,(unset)
0x1A90003C,445644860,0x1A90003C,0x1A,23,?23,WRITE,,(unset)
0x1A900040,445644864,0x1A900040,0x1A,23,?23,WRITE,,(unset)
0x1A900046,445644870,0x1A900046,0x1A,23,?23,WRITE,,(unset)
0x1B100008,454033416,0x1B100008,0x1B,23,?23,WRITE,,(unset)
0x1B10000B,454033419,0x1B10000B,0x1B,23,?23,WRITE,,(unset)
0x1B10000E,454033422,0x1B10000E,0x1B,23,?23,WRITE,,(unset)
0x1B100010,454033424,0x1B100010,0x1B,23,?23,WRITE,,(unset)
0x1B100012,454033426,0x1B100012,0x1B,23,?23,WRITE,,(unset)
0x1B100018,454033432,0x1B100018,0x1B,23,?23,WRITE,,(unset)
0x1B10001C,454033436,0x1B10001C,0x1B,23,?23,WRITE,,(unset)
0x1B100020,454033440,0x1B100020,0x1B,23,?23,WRITE,,(unset)
0x1B100025,454033445,0x1B100025,0x1B,23,?23,WRITE,,(unset)
0x1B100028,454033448,0x1B100028,0x1B,23,?23,WRITE,,(unset)
0x1B10002D,454033453,0x1B10002D,0x1B,23,?23,WRITE,,(unset)
0x1B100030,454033456,0x1B100030,0x1B,23,?23,WRITE,,(unset)
0x1B100035,454033461,0x1B100035,0x1B,23,?23,WRITE,,(unset)
0x1B100038,454033464,0x1B100038,0x1B,23,?23,WRITE,,(unset)
0x1B10003D,454033469,0x1B10003D,0x1B,23,?23,WRITE,,(unset)
0x1B100040,454033472,0x1B100040,0x1B,23,?23,WRITE,,(unset)
0x1B100042,454033474,0x1B100042,0x1B,23,?23,WRITE,,(unset)
0x1B100043,454033475,0x1B100043,0x1B,23,?23,WRITE,,(unset)
0x1B100044,454033476,0x1B100044,0x1B,23,?23,WRITE,,(unset)
0x1B100045,454033477,0x1B100045,0x1B,23,?23,WRITE,,(unset)
0x1B200008,455081992,0x1B200008,0x1B,17,?17,WRITE,,(unset)
0x1B20000A,455081994,0x1B20000A,0x1B,17,?17,WRITE,,(unset)
0x1B20000C,455081996,0x1B20000C,0x1B,17,?17,WRITE,,(unset)
0x1B20000E,455081998,0x1B20000E,0x1B,17,?17,WRITE,,(unset)
0x1B200010,455082000,0x1B200010,0x1B,17,?17,WRITE,,(unset)
0x1B200012,455082002,0x1B200012,0x1B,17,?17,WRITE,,(unset)
0x1B200014,455082004,0x1B200014,0x1B,17,?17,WRITE,,(unset)
0x1B200016,455082006,0x1B200016,0x1B,17,?17,WRITE,,(unset)
0x1B200018,455082008,0x1B200018,0x1B,1,Integer?,WRITE,,(unset)
0x1B20001C,455082012,0x1B20001C,0x1B,1,Integer?,WRITE,,(unset)
0x1B200020,455082016,0x1B200020,0x1B,1,Integer?,WRITE,,(unset)
0x1B200028,455082024,0x1B200028,0x1B,1,Integer?,WRITE,,(unset)
0x1B200030,455082032,0x1B200030,0x1B,1,Integer?,WRITE,,(unset)
0x1B200033,455082035,0x1B200033,0x1B,1,Integer?,WRITE,,(unset)
0x1B200036,455082038,0x1B200036,0x1B,1,Integer?,WRITE,,(unset)
0x1B200039,455082041,0x1B200039,0x1B,1,Integer?,WRITE,,(unset)
0x1B20003C,455082044,0x1B20003C,0x1B,1,Integer?,WRITE,,(unset)
0x1B20003F,455082047,0x1B20003F,0x1B,1,Integer?,WRITE,,(unset)
0x1B200042,455082050,0x1B200042,0x1B,1,Integer?,WRITE,,(unset)
0x1B200045,455082053,0x1B200045,0x1B,1,Integer?,WRITE,,(unset)
0x1BC02010,465575952,0x1BC02010,0x1B,12,?12,WRITE,,(unset)
0x1BC02018,465575960,0x1BC02018,0x1B,12,?12,WRITE,,(unset)
0x1BC02022,465575970,0x1BC02022,0x1B,12,?12,WRITE,,(unset)
0x1C091008,470355976,0x1C091008,0x1C,23,?23,WRITE,1,SETTING
0x1C100008,470810632,0x1C100008,0x1C,23,?23,WRITE,,(unset)
0x1C10000D,470810637,0x1C10000D,0x1C,23,?23,WRITE,,(unset)
0x1C10000E,470810638,0x1C10000E,0x1C,23,?23,WRITE,,(unset)
0x1C100010,470810640,0x1C100010,0x1C,23,?23,WRITE,,(unset)
0x1C100014,470810644,0x1C100014,0x1C,23,?23,WRITE,,(unset)
0x1C100018,470810648,0x1C100018,0x1C,23,?23,WRITE,,(unset)
0x1C10001D,470810653,0x1C10001D,0x1C,23,?23,WRITE,,(unset)
0x1C100020,470810656,0x1C100020,0x1C,23,?23,WRITE,,(unset)
0x1C100026,470810662,0x1C100026,0x1C,23,?23,WRITE,,(unset)
0x1C100028,470810664,0x1C100028,0x1C,23,?23,WRITE,,(unset)
0x1C10002F,470810671,0x1C10002F,0x1C,23,?23,WRITE,,(unset)
0x1C100030,470810672,0x1C100030,0x1C,23,?23,WRITE,,(unset)
0x1C100035,470810677,0x1C100035,0x1C,23,?23,WRITE,,(unset)
0x1C100038,470810680,0x1C100038,0x1C,23,?23,WRITE,,(unset)
0x1C10003B,470810683,0x1C10003B,0x1C,23,?23,WRITE,,(unset)
0x1C100040,470810688,0x1C100040,0x1C,23,?23,WRITE,,(unset)
0x1C100045,470810693,0x1C100045,0x1C,23,?23,WRITE,,(unset)
0x1CA01010,480251920,0x1CA01010,0x1C,1,Integer?,WRITE,,(unset)
0x1CA01012,480251922,0x1CA01012,0x1C,1,Integer?,WRITE,,(unset)
0x1CA01018,480251928,0x1CA01018,0x1C,1,Integer?,WRITE,,(unset)
0x1CA01020,480251936,0x1CA01020,0x1C,1,Integer?,WRITE,,(unset)
0x1CA01028,480251944,0x1CA01028,0x1C,1,Integer?,WRITE,,(unset)
0x1CA01030,480251952,0x1CA01030,0x1C,1,Integer?,WRITE,,(unset)
0x1CA01038,480251960,0x1CA01038,0x1C,1,Integer?,WRITE,,(unset)
0x1CA0103C,480251964,0x1CA0103C,0x1C,1,Integer?,WRITE,,(unset)
0x1CA01040,480251968,0x1CA01040,0x1C,1,Integer?,WRITE,,(unset)
0x1CAA1008,480907272,0x1CAA1008,0x1C,1,Integer?,WRITE,1,SETTING
0x1CFBCD06,486264070,0x1CFBCD06,0x1C,23,?23,WRITE,,(unset)
0x1D800008,494927880,0x1D800008,0x1D,11,?,WRITE,,(unset)
0x1D80002D,494927917,0x1D80002D,0x1D,11,?,WRITE,,(unset)
0x1D80003D,494927933,0x1D80003D,0x1D,11,?,WRITE,,(unset)
0x1D800040,494927936,0x1D800040,0x1D,11,?,WRITE,,(unset)
0x1D800048,494927944,0x1D800048,0x1D,11,?,WRITE,,(unset)
0x1D800050,494927952,0x1D800050,0x1D,11,?,WRITE,,(unset)
0x1D800053,494927955,0x1D800053,0x1D,11,?,WRITE,,(unset)
0x1D800055,494927957,0x1D800055,0x1D,11,?,WRITE,,(unset)
0x1D800058,494927960,0x1D800058,0x1D,11,?,WRITE,,(unset)
0x1D800060,494927968,0x1D800060,0x1D,11,?,WRITE,,(unset)
0x1D800064,494927972,0x1D800064,0x1D,11,?,WRITE,,(unset)
0x1D800066,494927974,0x1D800066,0x1D,11,?,WRITE,,(unset)
0x1D80006F,494927983,0x1D80006F,0x1D,11,?,WRITE,,(unset)
0x1D800076,494927990,0x1D800076,0x1D,11,?,WRITE,,(unset)
0x1D800078,494927992,0x1D800078,0x1D,11,?,WRITE,,(unset)
0x1D80007B,494927995,0x1D80007B,0x1D,11,?,WRITE,,(unset)
0x1D80007E,494927998,0x1D80007E,0x1D,11,?,WRITE,,(unset)
0x1D800080,494928000,0x1D800080,0x1D,11,?,WRITE,,(unset)
0x1D800088,494928008,0x1D800088,0x1D,11,?,WRITE,,(unset)
0x1DE00008,501219336,0x1DE00008,0x1D,13,?13,WRITE,,(unset)
0x1DE0000C,501219340,0x1DE0000C,0x1D,13,?13,WRITE,,(unset)
0x1DE00010,501219344,0x1DE00010,0x1D,13,?13,WRITE,,(unset)
0x1DE00012,501219346,0x1DE00012,0x1D,13,?13,WRITE,,(unset)
0x1DE00015,501219349,0x1DE00015,0x1D,13,?13,WRITE,,(unset)
0x1DE00018,501219352,0x1DE00018,0x1D,13,?13,WRITE,,(unset)
0x1DE0001B,501219355,0x1DE0001B,0x1D,13,?13,WRITE,,(unset)
0x1DE0001D,501219357,0x1DE0001D,0x1D,13,?13,WRITE,,(unset)
0x1DE00020,501219360,0x1DE00020,0x1D,1,Integer?,WRITE,,(unset)
0x1DE00022,501219362,0x1DE00022,0x1D,13,?13,WRITE,,(unset)
0x1DE00024,501219364,0x1DE00024,0x1D,13,?13,WRITE,,(unset)
0x1DE00028,501219368,0x1DE00028,0x1D,13,?13,WRITE,,(unset)
0x1DE00030,501219376,0x1DE00030,0x1D,13,?13,WRITE,,(unset)
0x1DE00038,501219384,0x1DE00038,0x1D,13,?13,WRITE,,(unset)
0x1DE00040,501219392,0x1DE00040,0x1D,13,?13,WRITE,,(unset)
0x1DE00042,501219394,0x1DE00042,0x1D,13,?13,WRITE,,(unset)
0x1E000008,503316488,0x1E000008,0x1E,1,Integer?,WRITE,,(unset)
0x1E00000C,503316492,0x1E00000C,0x1E,1,Integer?,WRITE,,(unset)
0x1E000010,503316496,0x1E000010,0x1E,1,Integer?,WRITE,,(unset)
0x1E000012,503316498,0x1E000012,0x1E,3,Float?,WRITE,,(unset)
0x1E000013,503316499,0x1E000013,0x1E,3,Float?,WRITE,,(unset)
0x1E000014,503316500,0x1E000014,0x1E,3,Float?,WRITE,,(unset)
0x1E000015,503316501,0x1E000015,0x1E,3,Float?,WRITE,,(unset)
0x1E000016,503316502,0x1E000016,0x1E,3,Float?,WRITE,,(unset)
0x1E000017,503316503,0x1E000017,0x1E,14,?,WRITE,,(unset)
0x1E000018,503316504,0x1E000018,0x1E,12,?12,WRITE,,(unset)
0x1E00001A,503316506,0x1E00001A,0x1E,3,Float?,WRITE,,(unset)
0x1E00001B,503316507,0x1E00001B,0x1E,3,Float?,WRITE,,(unset)
0x1E00001C,503316508,0x1E00001C,0x1E,4,Double?,WRITE,,(unset)
0x1E000022,503316514,0x1E000022,0x1E,1,Integer?,WRITE,,(unset)
0x1E000028,503316520,0x1E000028,0x1E,2,Long?,WRITE,,(unset)
0x1E00003A,503316538,0x1E00003A,0x1E,22,?22,WRITE,,(unset)
0x1E00003C,503316540,0x1E00003C,0x1E,1,Integer?,WRITE,,(unset)
0x1E00003E,503316542,0x1E00003E,0x1E,,?,WRITE,,(unset)
0x1E000043,503316547,0x1E000043,0x1E,12,?12,WRITE,,(unset)
0x1E401010,507514896,0x1E401010,0x1E,1,Integer?,WRITE,,(unset)
0x1E401012,507514898,0x1E401012,0x1E,1,Integer?,WRITE,,(unset)
0x1E401018,507514904,0x1E401018,0x1E,1,Integer?,WRITE,,(unset)
0x1E40101B,507514907,0x1E40101B,0x1E,1,Integer?,WRITE,,(unset)
0x1E401020,507514912,0x1E401020,0x1E,1,Integer?,WRITE,,(unset)
0x1E401022,507514914,0x1E401022,0x1E,1,Integer?,WRITE,,(unset)
0x1E401024,507514916,0x1E401024,0x1E,1,Integer?,WRITE,,(unset)
0x1E402010,507518992,0x1E402010,0x1E,1,Integer?,WRITE,,(unset)
0x1E402012,507518994,0x1E402012,0x1E,1,Integer?,WRITE,,(unset)
0x1E402016,507518998,0x1E402016,0x1E,1,Integer?,WRITE,,(unset)
0x1E402018,507519000,0x1E402018,0x1E,1,Integer?,WRITE,,(unset)
0x1E40201A,507519002,0x1E40201A,0x1E,1,Integer?,WRITE,,(unset)
0x1E40201C,507519004,0x1E40201C,0x1E,1,Integer?,WRITE,,(unset)
0x1E40201E,507519006,0x1E40201E,0x1E,1,Integer?,WRITE,,(unset)
0x1E8C23C0,512500672,0x1E8C23C0,0x1E,12,?12,WRITE,,(unset)
0x1F701010,527437840,0x1F701010,0x1F,3,Float?,WRITE,,(unset)
0x1F701018,527437848,0x1F701018,0x1F,3,Float?,WRITE,,(unset)
0x1F701030,527437872,0x1F701030,0x1F,3,Float?,WRITE,,(unset)
0x1F702010,527441936,0x1F702010,0x1F,3,Float?,WRITE,,(unset)
0x1F702018,527441944,0x1F702018,0x1F,3,Float?,WRITE,,(unset)
0x1F70201E,527441950,0x1F70201E,0x1F,3,Float?,WRITE,,(unset)
0x1F702028,527441960,0x1F702028,0x1F,3,Float?,WRITE,,(unset)
0x1F703010,527446032,0x1F703010,0x1F,3,Float?,WRITE,,(unset)
0x1F704010,527450128,0x1F704010,0x1F,3,Float?,WRITE,,(unset)
0x1F704018,527450136,0x1F704018,0x1F,3,Float?,WRITE,,(unset)
0x1F704030,527450160,0x1F704030,0x1F,3,Float?,WRITE,,(unset)
0x1F705010,527454224,0x1F705010,0x1F,3,Float?,WRITE,,(unset)
0x1F705018,527454232,0x1F705018,0x1F,3,Float?,WRITE,,(unset)
0x1F705020,527454240,0x1F705020,0x1F,3,Float?,WRITE,,(unset)
0x1F705028,527454248,0x1F705028,0x1F,3,Float?,WRITE,,(unset)
0x1F7A1008,528093192,0x1F7A1008,0x1F,3,Float?,WRITE,1,SETTING
0x1F7B1008,528158728,0x1F7B1008,0x1F,3,Float?,WRITE,1,SETTING
0x1F7C1008,528224264,0x1F7C1008,0x1F,3,Float?,WRITE,1,SETTING
0x1F7D1008,528289800,0x1F7D1008,0x1F,3,Float?,WRITE,1,SETTING
0x1F7E1008,528355336,0x1F7E1008,0x1F,3,Float?,WRITE,1,SETTING
0x1F7F1008,528420872,0x1F7F1008,0x1F,3,Float?,WRITE,1,SETTING
0x1F7F9008,528453640,0x1F7F9008,0x1F,3,Float?,WRITE,1,SETTING
0x1F800008,528482312,0x1F800008,0x1F,17,?17,WRITE,,(unset)
0x1F800010,528482320,0x1F800010,0x1F,17,?17,WRITE,,(unset)
0x1F800018,528482328,0x1F800018,0x1F,17,?17,WRITE,,(unset)
0x1F80001C,528482332,0x1F80001C,0x1F,17,?17,WRITE,,(unset)
0x1F800020,528482336,0x1F800020,0x1F,17,?17,WRITE,,(unset)
0x1F800024,528482340,0x1F800024,0x1F,17,?17,WRITE,,(unset)
0x1F800028,528482344,0x1F800028,0x1F,17,?17,WRITE,,(unset)
0x1F80002C,528482348,0x1F80002C,0x1F,17,?17,WRITE,,(unset)
0x1F800030,528482352,0x1F800030,0x1F,17,?17,WRITE,,(unset)
0x1F800038,528482360,0x1F800038,0x1F,17,?17,WRITE,,(unset)
0x1F800040,528482368,0x1F800040,0x1F,17,?17,WRITE,,(unset)
0x21A00008,564133896,0x21A00008,0x21,2,Long?,WRITE,1,SETTING
0x23205029,589320233,0x23205029,0x23,1,Integer?,WRITE,,(unset)
0x2320A010,589340688,0x2320A010,0x23,23,?23,WRITE,,(unset)
0x2320A014,589340692,0x2320A014,0x23,23,?23,WRITE,,(unset)
0x2320A027,589340711,0x2320A027,0x23,23,?23,WRITE,,(unset)
0x2320D03A,589353018,0x2320D03A,0x23,1,Integer?,WRITE,,(unset)
0x23212010,589373456,0x23212010,0x23,1,Integer?,WRITE,,(unset)
0x23212012,589373458,0x23212012,0x23,1,Integer?,WRITE,,(unset)
0x23212014,589373460,0x23212014,0x23,1,Integer?,WRITE,,(unset)
0x23212018,589373464,0x23212018,0x23,1,Integer?,WRITE,,(unset)
0x2321201A,589373466,0x2321201A,0x23,1,Integer?,WRITE,,(unset)
0x2321201C,589373468,0x2321201C,0x23,1,Integer?,WRITE,,(unset)
0x23212020,589373472,0x23212020,0x23,1,Integer?,WRITE,,(unset)
0x23212022,589373474,0x23212022,0x23,1,Integer?,WRITE,,(unset)
0x23212024,589373476,0x23212024,0x23,1,Integer?,WRITE,,(unset)
0x23212026,589373478,0x23212026,0x23,1,Integer?,WRITE,,(unset)
0x23212028,589373480,0x23212028,0x23,1,Integer?,WRITE,,(unset)
0x2321202A,589373482,0x2321202A,0x23,1,Integer?,WRITE,,(unset)
0x2321202C,589373484,0x2321202C,0x23,1,Integer?,WRITE,,(unset)
0x2321202E,589373486,0x2321202E,0x23,1,Integer?,WRITE,,(unset)
0x23212030,589373488,0x23212030,0x23,1,Integer?,WRITE,,(unset)
0x23212034,589373492,0x23212034,0x23,1,Integer?,WRITE,,(unset)
0x23212036,589373494,0x23212036,0x23,1,Integer?,WRITE,,(unset)
0x23212038,589373496,0x23212038,0x23,1,Integer?,WRITE,,(unset)
0x2321203C,589373500,0x2321203C,0x23,1,Integer?,WRITE,,(unset)
0x2321203E,589373502,0x2321203E,0x23,1,Integer?,WRITE,,(unset)
0x23212040,589373504,0x23212040,0x23,1,Integer?,WRITE,,(unset)
0x23212042,589373506,0x23212042,0x23,1,Integer?,WRITE,,(unset)
0x23212044,589373508,0x23212044,0x23,1,Integer?,WRITE,,(unset)
0x23212046,589373510,0x23212046,0x23,1,Integer?,WRITE,,(unset)
0x23D00008,600834056,0x23D00008,0x23,12,?12,WRITE,,(unset)
0x23D00009,600834057,0x23D00009,0x23,12,?12,WRITE,,(unset)
0x23D00015,600834069,0x23D00015,0x23,12,?12,WRITE,,(unset)
0x23D0001C,600834076,0x23D0001C,0x23,12,?12,WRITE,,(unset)
0x23D0001D,600834077,0x23D0001D,0x23,12,?12,WRITE,,(unset)
0x23D0001E,600834078,0x23D0001E,0x23,12,?12,WRITE,,(unset)
0x23D0001F,600834079,0x23D0001F,0x23,12,?12,WRITE,,(unset)
0x23D00020,600834080,0x23D00020,0x23,12,?12,WRITE,,(unset)
0x23D00021,600834081,0x23D00021,0x23,12,?12,WRITE,,(unset)
0x23D00022,600834082,0x23D00022,0x23,12,?12,WRITE,,(unset)
0x23D00023,600834083,0x23D00023,0x23,12,?12,WRITE,,(unset)
0x23D00024,600834084,0x23D00024,0x23,12,?12,WRITE,,(unset)
0x25C00008,633339912,0x25C00008,0x25,12,?12,WRITE,,(unset)
0x25C0000B,633339915,0x25C0000B,0x25,12,?12,WRITE,,(unset)
0x25C0000D,633339917,0x25C0000D,0x25,12,?12,WRITE,,(unset)
0x25C00010,633339920,0x25C00010,0x25,12,?12,WRITE,,(unset)
0x25C00012,633339922,0x25C00012,0x25,3,Float?,WRITE,,(unset)
0x25C00014,633339924,0x25C00014,0x25,1,Integer?,WRITE,,(unset)
0x25C00018,633339928,0x25C00018,0x25,10,?,WRITE,,(unset)
0x25C0001B,633339931,0x25C0001B,0x25,12,?12,WRITE,,(unset)
0x25C0001D,633339933,0x25C0001D,0x25,12,?12,WRITE,,(unset)
0x25C00021,633339937,0x25C00021,0x25,10,?,WRITE,,(unset)
0x25C00023,633339939,0x25C00023,0x25,10,?,WRITE,,(unset)
0x25C00027,633339943,0x25C00027,0x25,12,?12,WRITE,,(unset)
0x25C00039,633339961,0x25C00039,0x25,10,?,WRITE,,(unset)
0x25C0003C,633339964,0x25C0003C,0x25,12,?12,WRITE,,(unset)
0x25C0003F,633339967,0x25C0003F,0x25,12,?12,WRITE,,(unset)
0x27B00008,665845768,0x27B00008,0x27,1,Integer?,WRITE,,(unset)
0x27B0000A,665845770,0x27B0000A,0x27,1,Integer?,WRITE,,(unset)
0x27B0000D,665845773,0x27B0000D,0x27,1,Integer?,WRITE,,(unset)
0x27B00010,665845776,0x27B00010,0x27,1,Integer?,WRITE,,(unset)
0x27B00014,665845780,0x27B00014,0x27,1,Integer?,WRITE,,(unset)
0x27B00028,665845800,0x27B00028,0x27,1,Integer?,WRITE,,(unset)
0x27B0003C,665845820,0x27B0003C,0x27,1,Integer?,WRITE,,(unset)
0x29F01410,703599632,0x29F01410,0x29,2,Long?,WRITE,,(unset)
0x29F02010,703602704,0x29F02010,0x29,11,?,WRITE,,(unset)
0x2B600008,727711752,0x2B600008,0x2B,21,?,WRITE,,(unset)
0x2B600010,727711760,0x2B600010,0x2B,21,?,WRITE,,(unset)
0x2B600018,727711768,0x2B600018,0x2B,21,?,WRITE,,(unset)
0x2B600020,727711776,0x2B600020,0x2B,21,?,WRITE,,(unset)
0x2B600028,727711784,0x2B600028,0x2B,21,?,WRITE,,(unset)
0x2B600030,727711792,0x2B600030,0x2B,21,?,WRITE,,(unset)
0x2B600038,727711800,0x2B600038,0x2B,21,?,WRITE,,(unset)
0x2B60003B,727711803,0x2B60003B,0x2B,21,?,WRITE,,(unset)
0x2B60003D,727711805,0x2B60003D,0x2B,21,?,WRITE,,(unset)
0x2B60003E,727711806,0x2B60003E,0x2B,10,?,WRITE,,(unset)
0x2B800010,729808912,0x2B800010,0x2B,1,Integer?,WRITE,,(unset)
0x2BC00008,734003208,0x2BC00008,0x2B,1,Integer?,WRITE,,(unset)
0x2BC0000A,734003210,0x2BC0000A,0x2B,1,Integer?,WRITE,,(unset)
0x2BC0000E,734003214,0x2BC0000E,0x2B,4,Double?,WRITE,,(unset)
0x2BC00018,734003224,0x2BC00018,0x2B,4,Double?,WRITE,,(unset)
0x2BC0001A,734003226,0x2BC0001A,0x2B,4,Double?,WRITE,,(unset)
0x2BC0001D,734003229,0x2BC0001D,0x2B,18,?,WRITE,,(unset)
0x2BC00020,734003232,0x2BC00020,0x2B,4,Double?,WRITE,,(unset)
0x2BC00028,734003240,0x2BC00028,0x2B,1,Integer?,WRITE,,(unset)
0x2BC0002A,734003242,0x2BC0002A,0x2B,1,Integer?,WRITE,,(unset)
0x2BC0002C,734003244,0x2BC0002C,0x2B,1,Integer?,WRITE,,(unset)
0x2BC0002D,734003245,0x2BC0002D,0x2B,1,Integer?,WRITE,,(unset)
0x2BC00030,734003248,0x2BC00030,0x2B,1,Integer?,WRITE,,(unset)
0x2BC00033,734003251,0x2BC00033,0x2B,1,Integer?,WRITE,,(unset)
0x2BC00035,734003253,0x2BC00035,0x2B,1,Integer?,WRITE,,(unset)
0x2BC00036,734003254,0x2BC00036,0x2B,18,?,WRITE,,(unset)
0x2BC00038,734003256,0x2BC00038,0x2B,1,Integer?,WRITE,,(unset)
0x2BC0003F,734003263,0x2BC0003F,0x2B,1,Integer?,WRITE,,(unset)
0x2BC00040,734003264,0x2BC00040,0x2B,4,Double?,WRITE,,(unset)
0x2BC00042,734003266,0x2BC00042,0x2B,1,Integer?,WRITE,,(unset)
0x2BC00044,734003268,0x2BC00044,0x2B,1,Integer?,WRITE,,(unset)
0x2BC00046,734003270,0x2BC00046,0x2B,1,Integer?,WRITE,,(unset)
0x2CC0000E,750780430,0x2CC0000E,0x2C,1,Integer?,WRITE,,(unset)
0x2CC00014,750780436,0x2CC00014,0x2C,1,Integer?,WRITE,,(unset)
0x2CC00016,750780438,0x2CC00016,0x2C,1,Integer?,WRITE,,(unset)
0x2CC00020,750780448,0x2CC00020,0x2C,1,Integer?,WRITE,,(unset)
0x2CC00024,750780452,0x2CC00024,0x2C,1,Integer?,WRITE,,(unset)
0x2CC00028,750780456,0x2CC00028,0x2C,1,Integer?,WRITE,,(unset)
0x2CC0002C,750780460,0x2CC0002C,0x2C,1,Integer?,WRITE,,(unset)
0x2CC00030,750780464,0x2CC00030,0x2C,1,Integer?,WRITE,,(unset)
0x2CC00032,750780466,0x2CC00032,0x2C,1,Integer?,WRITE,,(unset)
0x2CF01008,753930248,0x2CF01008,0x2C,1,Integer?,WRITE,1,SETTING
0x2CF05038,753946680,0x2CF05038,0x2C,1,Integer?,WRITE,,(unset)
0x2CF06008,753950728,0x2CF06008,0x2C,4,Double?,WRITE,1,SETTING
0x2CF0A010,753967120,0x2CF0A010,0x2C,4,Double?,WRITE,,(unset)
0x2CF0A018,753967128,0x2CF0A018,0x2C,4,Double?,WRITE,,(unset)
0x2CF0A020,753967136,0x2CF0A020,0x2C,4,Double?,WRITE,,(unset)
0x2CF0A028,753967144,0x2CF0A028,0x2C,4,Double?,WRITE,,(unset)
0x2CF0A030,753967152,0x2CF0A030,0x2C,4,Double?,WRITE,,(unset)
0x2CF0A036,753967158,0x2CF0A036,0x2C,4,Double?,WRITE,,(unset)
0x2CF0A038,753967160,0x2CF0A038,0x2C,4,Double?,WRITE,,(unset)
0x2CF0B010,753971216,0x2CF0B010,0x2C,4,Double?,WRITE,,(unset)
0x2CF0B018,753971224,0x2CF0B018,0x2C,4,Double?,WRITE,,(unset)
0x2CF0B020,753971232,0x2CF0B020,0x2C,4,Double?,WRITE,,(unset)
0x2CF0B028,753971240,0x2CF0B028,0x2C,4,Double?,WRITE,,(unset)
0x2CF0B030,753971248,0x2CF0B030,0x2C,4,Double?,WRITE,,(unset)
0x2CF0B036,753971254,0x2CF0B036,0x2C,4,Double?,WRITE,,(unset)
0x2CF0B038,753971256,0x2CF0B038,0x2C,1,Integer?,WRITE,4,CHARGING
0x2CF0B040,753971264,0x2CF0B040,0x2C,1,Integer?,WRITE,,(unset)
0x2CF0B042,753971266,0x2CF0B042,0x2C,1,Integer?,WRITE,,(unset)
0x2CF0B044,753971268,0x2CF0B044,0x2C,1,Integer?,WRITE,,(unset)
0x2CF0C010,753975312,0x2CF0C010,0x2C,3,Float?,WRITE,,(unset)
0x2CF0C018,753975320,0x2CF0C018,0x2C,3,Float?,WRITE,,(unset)
0x2CF0C020,753975328,0x2CF0C020,0x2C,3,Float?,WRITE,,(unset)
0x2CF0C02E,753975342,0x2CF0C02E,0x2C,1,Integer?,WRITE,,(unset)
0x2CF0C030,753975344,0x2CF0C030,0x2C,3,Float?,WRITE,,(unset)
0x2CF0D010,753979408,0x2CF0D010,0x2C,3,Float?,WRITE,,(unset)
0x2CF0D01E,753979422,0x2CF0D01E,0x2C,3,Float?,WRITE,,(unset)
0x2CF0D02C,753979436,0x2CF0D02C,0x2C,3,Float?,WRITE,,(unset)
0x2CF0D03A,753979450,0x2CF0D03A,0x2C,3,Float?,WRITE,,(unset)
0x2CF0E010,753983504,0x2CF0E010,0x2C,3,Float?,WRITE,,(unset)
0x2CF0E01E,753983518,0x2CF0E01E,0x2C,3,Float?,WRITE,,(unset)
0x2CF0E02C,753983532,0x2CF0E02C,0x2C,3,Float?,WRITE,,(unset)
0x2CF0E03A,753983546,0x2CF0E03A,0x2C,3,Float?,WRITE,,(unset)
0x2CF0F010,753987600,0x2CF0F010,0x2C,3,Float?,WRITE,,(unset)
0x2CF0F01E,753987614,0x2CF0F01E,0x2C,3,Float?,WRITE,,(unset)
0x2CF0F02C,753987628,0x2CF0F02C,0x2C,3,Float?,WRITE,,(unset)
0x2CF0F02E,753987630,0x2CF0F02E,0x2C,3,Float?,WRITE,,(unset)
0x2CF0F030,753987632,0x2CF0F030,0x2C,3,Float?,WRITE,,(unset)
0x2CF0F032,753987634,0x2CF0F032,0x2C,3,Float?,WRITE,,(unset)
0x2CF0F034,753987636,0x2CF0F034,0x2C,3,Float?,WRITE,,(unset)
0x2CF0F036,753987638,0x2CF0F036,0x2C,3,Float?,WRITE,,(unset)
0x2CF0F038,753987640,0x2CF0F038,0x2C,3,Float?,WRITE,,(unset)
0x2CF0F03A,753987642,0x2CF0F03A,0x2C,3,Float?,WRITE,,(unset)
0x2CF0F03C,753987644,0x2CF0F03C,0x2C,3,Float?,WRITE,,(unset)
0x2CF0F03E,753987646,0x2CF0F03E,0x2C,3,Float?,WRITE,,(unset)
0x2CF0F040,753987648,0x2CF0F040,0x2C,3,Float?,WRITE,,(unset)
0x2CF10010,753991696,0x2CF10010,0x2C,3,Float?,WRITE,,(unset)
0x2CF10013,753991699,0x2CF10013,0x2C,3,Float?,WRITE,,(unset)
0x2CF10016,753991702,0x2CF10016,0x2C,3,Float?,WRITE,,(unset)
0x2CF10019,753991705,0x2CF10019,0x2C,3,Float?,WRITE,,(unset)
0x2CF1001C,753991708,0x2CF1001C,0x2C,3,Float?,WRITE,,(unset)
0x2CF1001F,753991711,0x2CF1001F,0x2C,3,Float?,WRITE,,(unset)
0x2CF10022,753991714,0x2CF10022,0x2C,3,Float?,WRITE,,(unset)
0x2CF10025,753991717,0x2CF10025,0x2C,3,Float?,WRITE,,(unset)
0x2CF10028,753991720,0x2CF10028,0x2C,3,Float?,WRITE,,(unset)
0x2CF1002B,753991723,0x2CF1002B,0x2C,3,Float?,WRITE,,(unset)
0x2CF20010,754057232,0x2CF20010,0x2C,22,?22,WRITE,,(unset)
0x2CF20018,754057240,0x2CF20018,0x2C,22,?22,WRITE,,(unset)
0x2CF20020,754057248,0x2CF20020,0x2C,22,?22,WRITE,,(unset)
0x2CF20024,754057252,0x2CF20024,0x2C,22,?22,WRITE,,(unset)
0x2CF20028,754057256,0x2CF20028,0x2C,22,?22,WRITE,,(unset)
0x2CF20030,754057264,0x2CF20030,0x2C,22,?22,WRITE,,(unset)
0x2CF20038,754057272,0x2CF20038,0x2C,22,?22,WRITE,,(unset)
0x2CF2003C,754057276,0x2CF2003C,0x2C,22,?22,WRITE,,(unset)
0x2DD00008,768606216,0x2DD00008,0x2D,1,Integer?,WRITE,,(unset)
0x2DD00010,768606224,0x2DD00010,0x2D,1,Integer?,WRITE,,(unset)
0x2DD00014,768606228,0x2DD00014,0x2D,1,Integer?,WRITE,,(unset)
0x2DD00018,768606232,0x2DD00018,0x2D,1,Integer?,WRITE,,(unset)
0x2DD0001C,768606236,0x2DD0001C,0x2D,1,Integer?,WRITE,,(unset)
0x2DD00020,768606240,0x2DD00020,0x2D,1,Integer?,WRITE,,(unset)
0x2DD00024,768606244,0x2DD00024,0x2D,1,Integer?,WRITE,,(unset)
0x2DD00027,768606247,0x2DD00027,0x2D,1,Integer?,WRITE,,(unset)
0x2DD00028,768606248,0x2DD00028,0x2D,1,Integer?,WRITE,,(unset)
0x2DF00008,770703368,0x2DF00008,0x2D,21,?,WRITE,,(unset)
0x2DF0000A,770703370,0x2DF0000A,0x2D,21,?,WRITE,,(unset)
0x2DF00010,770703376,0x2DF00010,0x2D,21,?,WRITE,,(unset)
0x2DF00015,770703381,0x2DF00015,0x2D,14,?,WRITE,,(unset)
0x2DF00018,770703384,0x2DF00018,0x2D,14,?,WRITE,,(unset)
0x2DF0001A,770703386,0x2DF0001A,0x2D,21,?,WRITE,,(unset)
0x2E300008,774897672,0x2E300008,0x2E,23,?23,WRITE,,(unset)
0x2E30000C,774897676,0x2E30000C,0x2E,23,?23,WRITE,,(unset)
0x2E300010,774897680,0x2E300010,0x2E,23,?23,WRITE,,(unset)
0x2E300014,774897684,0x2E300014,0x2E,23,?23,WRITE,,(unset)
0x2E300018,774897688,0x2E300018,0x2E,23,?23,WRITE,,(unset)
0x2E30001C,774897692,0x2E30001C,0x2E,23,?23,WRITE,,(unset)
0x2E300020,774897696,0x2E300020,0x2E,23,?23,WRITE,,(unset)
0x2E300024,774897700,0x2E300024,0x2E,23,?23,WRITE,,(unset)
0x2E300028,774897704,0x2E300028,0x2E,23,?23,WRITE,,(unset)
0x2E30002C,774897708,0x2E30002C,0x2E,23,?23,WRITE,,(unset)
0x2E300030,774897712,0x2E300030,0x2E,23,?23,WRITE,,(unset)
0x2E300034,774897716,0x2E300034,0x2E,23,?23,WRITE,,(unset)
0x2E300038,774897720,0x2E300038,0x2E,23,?23,WRITE,,(unset)
0x2E30003C,774897724,0x2E30003C,0x2E,23,?23,WRITE,,(unset)
0x2E300040,774897728,0x2E300040,0x2E,23,?23,WRITE,,(unset)
0x2E300044,774897732,0x2E300044,0x2E,23,?23,WRITE,,(unset)
0x2EA00008,782237704,0x2EA00008,0x2E,4,Double?,WRITE,,(unset)
0x2EA0000A,782237706,0x2EA0000A,0x2E,1,Integer?,WRITE,,(unset)
0x2EA0000B,782237707,0x2EA0000B,0x2E,4,Double?,WRITE,,(unset)
0x2EA0000D,782237709,0x2EA0000D,0x2E,4,Double?,WRITE,,(unset)
0x2EA0000F,782237711,0x2EA0000F,0x2E,10,?,WRITE,,(unset)
0x2EA00010,782237712,0x2EA00010,0x2E,1,Integer?,WRITE,,(unset)
0x2EA00012,782237714,0x2EA00012,0x2E,4,Double?,WRITE,,(unset)
0x2EA00014,782237716,0x2EA00014,0x2E,4,Double?,WRITE,,(unset)
0x2EA00017,782237719,0x2EA00017,0x2E,1,Integer?,WRITE,,(unset)
0x2EA00018,782237720,0x2EA00018,0x2E,4,Double?,WRITE,,(unset)
0x2EA00020,782237728,0x2EA00020,0x2E,10,?,WRITE,,(unset)
0x2EA00022,782237730,0x2EA00022,0x2E,4,Double?,WRITE,,(unset)
0x2EA00026,782237734,0x2EA00026,0x2E,3,Float?,WRITE,,(unset)
0x2EA00028,782237736,0x2EA00028,0x2E,4,Double?,WRITE,,(unset)
0x2EA00030,782237744,0x2EA00030,0x2E,3,Float?,WRITE,,(unset)
0x2EA00032,782237746,0x2EA00032,0x2E,3,Float?,WRITE,,(unset)
0x2EA00034,782237748,0x2EA00034,0x2E,1,Integer?,WRITE,,(unset)
0x2EA00037,782237751,0x2EA00037,0x2E,1,Integer?,WRITE,,(unset)
0x2EA00038,782237752,0x2EA00038,0x2E,1,Integer?,WRITE,,(unset)
0x2EA00039,782237753,0x2EA00039,0x2E,1,Integer?,WRITE,,(unset)
0x2EA0003A,782237754,0x2EA0003A,0x2E,1,Integer?,WRITE,,(unset)
0x2EA0003B,782237755,0x2EA0003B,0x2E,1,Integer?,WRITE,,(unset)
0x2EA0003D,782237757,0x2EA0003D,0x2E,4,Double?,WRITE,,(unset)
0x2EA00044,782237764,0x2EA00044,0x2E,4,Double?,WRITE,,(unset)
0x2EA00046,782237766,0x2EA00046,0x2E,4,Double?,WRITE,,(unset)
0x2EC00014,784334868,0x2EC00014,0x2E,1,Integer?,WRITE,,(unset)
0x2EC00015,784334869,0x2EC00015,0x2E,1,Integer?,WRITE,,(unset)
0x2EC00016,784334870,0x2EC00016,0x2E,1,Integer?,WRITE,,(unset)
0x2EC00016,784334870,0x2EC00016,0x2E,2,Long?,WRITE,,(unset)
0x2EC00018,784334872,0x2EC00018,0x2E,1,Integer?,WRITE,,(unset)
0x2EC0001A,784334874,0x2EC0001A,0x2E,1,Integer?,WRITE,,(unset)
0x2EC0001B,784334875,0x2EC0001B,0x2E,1,Integer?,WRITE,,(unset)
0x2EC0001C,784334876,0x2EC0001C,0x2E,1,Integer?,WRITE,,(unset)
0x2EC0002C,784334892,0x2EC0002C,0x2E,1,Integer?,WRITE,,(unset)
0x2EC0002E,784334894,0x2EC0002E,0x2E,1,Integer?,WRITE,,(unset)
0x2EC00030,784334896,0x2EC00030,0x2E,1,Integer?,WRITE,,(unset)
0x2EC00032,784334898,0x2EC00032,0x2E,1,Integer?,WRITE,,(unset)
0x2EC00033,784334899,0x2EC00033,0x2E,1,Integer?,WRITE,,(unset)
0x2EC00036,784334902,0x2EC00036,0x2E,1,Integer?,WRITE,,(unset)
0x2EC00037,784334903,0x2EC00037,0x2E,1,Integer?,WRITE,,(unset)
0x2EC00038,784334904,0x2EC00038,0x2E,1,Integer?,WRITE,,(unset)
0x2EC0003A,784334906,0x2EC0003A,0x2E,1,Integer?,WRITE,,(unset)
0x2EC0003B,784334907,0x2EC0003B,0x2E,1,Integer?,WRITE,,(unset)
0x2EF00008,787480584,0x2EF00008,0x2E,1,Integer?,WRITE,,(unset)
0x2EF00010,787480592,0x2EF00010,0x2E,1,Integer?,WRITE,,(unset)
0x2EF00028,787480616,0x2EF00028,0x2E,1,Integer?,WRITE,,(unset)
0x2EF0002A,787480618,0x2EF0002A,0x2E,1,Integer?,WRITE,,(unset)
0x2EF0002C,787480620,0x2EF0002C,0x2E,1,Integer?,WRITE,,(unset)
0x2EF00031,787480625,0x2EF00031,0x2E,1,Integer?,WRITE,,(unset)
0x2F03615F,788750687,0x2F03615F,0x2F,12,?12,WRITE,,(unset)
0x2F801033,796921907,0x2F801033,0x2F,1,Integer?,WRITE,,(unset)
0x2F802010,796925968,0x2F802010,0x2F,1,Integer?,WRITE,1,SETTING
0x2FC01033,801116211,0x2FC01033,0x2F,1,Integer?,WRITE,,(unset)
0x2FC02010,801120272,0x2FC02010,0x2F,1,Integer?,WRITE,1,SETTING
0x2FC04010,801128464,0x2FC04010,0x2F,4,Double?,WRITE,,(unset)
0x30000008,805306376,0x30000008,0x30,4,Double?,WRITE,,(unset)
0x30000010,805306384,0x30000010,0x30,4,Double?,WRITE,,(unset)
0x30000018,805306392,0x30000018,0x30,4,Double?,WRITE,,(unset)
0x30000020,805306400,0x30000020,0x30,4,Double?,WRITE,,(unset)
0x30000024,805306404,0x30000024,0x30,4,Double?,WRITE,,(unset)
0x30000026,805306406,0x30000026,0x30,4,Double?,WRITE,,(unset)
0x30000028,805306408,0x30000028,0x30,4,Double?,WRITE,,(unset)
0x3000002D,805306413,0x3000002D,0x30,4,Double?,WRITE,,(unset)
0x30000030,805306416,0x30000030,0x30,4,Double?,WRITE,,(unset)
0x30000035,805306421,0x30000035,0x30,4,Double?,WRITE,,(unset)
0x30000038,805306424,0x30000038,0x30,4,Double?,WRITE,,(unset)
0x3000003E,805306430,0x3000003E,0x30,4,Double?,WRITE,,(unset)
0x30000040,805306432,0x30000040,0x30,4,Double?,WRITE,,(unset)
0x31401018,826282008,0x31401018,0x31,23,?23,WRITE,,(unset)
0x31401020,826282016,0x31401020,0x31,23,?23,WRITE,,(unset)
0x31401028,826282024,0x31401028,0x31,23,?23,WRITE,,(unset)
0x31401030,826282032,0x31401030,0x31,23,?23,WRITE,,(unset)
0x31401038,826282040,0x31401038,0x31,23,?23,WRITE,,(unset)
0x31502010,827334672,0x31502010,0x31,23,?23,WRITE,,(unset)
0x31502018,827334680,0x31502018,0x31,23,?23,WRITE,,(unset)
0x31502020,827334688,0x31502020,0x31,23,?23,WRITE,,(unset)
0x31502028,827334696,0x31502028,0x31,23,?23,WRITE,,(unset)
0x31502030,827334704,0x31502030,0x31,23,?23,WRITE,,(unset)
0x31502038,827334712,0x31502038,0x31,23,?23,WRITE,,(unset)
0x31700008,829423624,0x31700008,0x31,2,Long?,WRITE,,(unset)
0x3170000B,829423627,0x3170000B,0x31,2,Long?,WRITE,,(unset)
0x31700010,829423632,0x31700010,0x31,2,Long?,WRITE,,(unset)
0x31700013,829423635,0x31700013,0x31,2,Long?,WRITE,,(unset)
0x31700018,829423640,0x31700018,0x31,2,Long?,WRITE,,(unset)
0x31700020,829423648,0x31700020,0x31,2,Long?,WRITE,,(unset)
0x31700021,829423649,0x31700021,0x31,2,Long?,WRITE,,(unset)
0x31C00068,834666600,0x31C00068,0x31,12,?12,WRITE,,(unset)
0x31C0006B,834666603,0x31C0006B,0x31,12,?12,WRITE,,(unset)
0x31C0006D,834666605,0x31C0006D,0x31,12,?12,WRITE,,(unset)
0x31C00070,834666608,0x31C00070,0x31,12,?12,WRITE,,(unset)
0x31C00072,834666610,0x31C00072,0x31,12,?12,WRITE,,(unset)
0x31C00075,834666613,0x31C00075,0x31,12,?12,WRITE,,(unset)
0x31C00077,834666615,0x31C00077,0x31,12,?12,WRITE,,(unset)
0x31C0007A,834666618,0x31C0007A,0x31,12,?12,WRITE,,(unset)
0x31C0007C,834666620,0x31C0007C,0x31,12,?12,WRITE,,(unset)
0x31C0007F,834666623,0x31C0007F,0x31,12,?12,WRITE,,(unset)
0x31C00081,834666625,0x31C00081,0x31,12,?12,WRITE,,(unset)
0x31C00084,834666628,0x31C00084,0x31,12,?12,WRITE,,(unset)
0x31C00086,834666630,0x31C00086,0x31,12,?12,WRITE,,(unset)
0x31C00089,834666633,0x31C00089,0x31,12,?12,WRITE,,(unset)
0x31C0008B,834666635,0x31C0008B,0x31,12,?12,WRITE,,(unset)
0x31C0008E,834666638,0x31C0008E,0x31,12,?12,WRITE,,(unset)
0x31C00128,834666792,0x31C00128,0x31,12,?12,WRITE,,(unset)
0x31C0012A,834666794,0x31C0012A,0x31,12,?12,WRITE,,(unset)
0x31C001C7,834666951,0x31C001C7,0x31,12,?12,WRITE,,(unset)
0x31C001D3,834666963,0x31C001D3,0x31,12,?12,WRITE,,(unset)
0x31C001D6,834666966,0x31C001D6,0x31,12,?12,WRITE,,(unset)
0x31C001D9,834666969,0x31C001D9,0x31,12,?12,WRITE,,(unset)
0x31C001DF,834666975,0x31C001DF,0x31,12,?12,WRITE,,(unset)
0x31C001F4,834666996,0x31C001F4,0x31,12,?12,WRITE,,(unset)
0x31C001F8,834667000,0x31C001F8,0x31,12,?12,WRITE,,(unset)
0x32501810,844109840,0x32501810,0x32,4,Double?,WRITE,,(unset)
0x32501813,844109843,0x32501813,0x32,4,Double?,WRITE,,(unset)
0x32501815,844109845,0x32501815,0x32,4,Double?,WRITE,,(unset)
0x3250483C,844122172,0x3250483C,0x32,1,Integer?,WRITE,,(unset)
0x3250483E,844122174,0x3250483E,0x32,1,Integer?,WRITE,4,CHARGING
0x3250581D,844126237,0x3250581D,0x32,1,Integer?,WRITE,,(unset)
0x32B01014,850399252,0x32B01014,0x32,1,Integer?,WRITE,,(unset)
0x32B01016,850399254,0x32B01016,0x32,1,Integer?,WRITE,,(unset)
0x32B01018,850399256,0x32B01018,0x32,1,Integer?,WRITE,,(unset)
0x32B0101A,850399258,0x32B0101A,0x32,1,Integer?,WRITE,,(unset)
0x32B0101C,850399260,0x32B0101C,0x32,1,Integer?,WRITE,,(unset)
0x32B0101E,850399262,0x32B0101E,0x32,1,Integer?,WRITE,,(unset)
0x32B01020,850399264,0x32B01020,0x32,1,Integer?,WRITE,,(unset)
0x32B01022,850399266,0x32B01022,0x32,1,Integer?,WRITE,,(unset)
0x32B01024,850399268,0x32B01024,0x32,1,Integer?,WRITE,,(unset)
0x32B03010,850407440,0x32B03010,0x32,1,Integer?,WRITE,,(unset)
0x32B03013,850407443,0x32B03013,0x32,1,Integer?,WRITE,,(unset)
0x32B03015,850407445,0x32B03015,0x32,1,Integer?,WRITE,,(unset)
0x32B03017,850407447,0x32B03017,0x32,1,Integer?,WRITE,,(unset)
0x32B03019,850407449,0x32B03019,0x32,1,Integer?,WRITE,,(unset)
0x32B0301B,850407451,0x32B0301B,0x32,1,Integer?,WRITE,,(unset)
0x32B0301D,850407453,0x32B0301D,0x32,1,Integer?,WRITE,,(unset)
0x32B0301F,850407455,0x32B0301F,0x32,1,Integer?,WRITE,,(unset)
0x32B03021,850407457,0x32B03021,0x32,1,Integer?,WRITE,,(unset)
0x32B03023,850407459,0x32B03023,0x32,1,Integer?,WRITE,,(unset)
0x32B03025,850407461,0x32B03025,0x32,1,Integer?,WRITE,,(unset)
0x32B04010,850411536,0x32B04010,0x32,1,Integer?,WRITE,,(unset)
0x32B04012,850411538,0x32B04012,0x32,1,Integer?,WRITE,,(unset)
0x32B04014,850411540,0x32B04014,0x32,1,Integer?,WRITE,,(unset)
0x32B04016,850411542,0x32B04016,0x32,1,Integer?,WRITE,,(unset)
0x32B04018,850411544,0x32B04018,0x32,1,Integer?,WRITE,,(unset)
0x32B0401A,850411546,0x32B0401A,0x32,1,Integer?,WRITE,,(unset)
0x32B0401C,850411548,0x32B0401C,0x32,1,Integer?,WRITE,,(unset)
0x32B0401E,850411550,0x32B0401E,0x32,1,Integer?,WRITE,,(unset)
0x32B04020,850411552,0x32B04020,0x32,1,Integer?,WRITE,,(unset)
0x32B04022,850411554,0x32B04022,0x32,1,Integer?,WRITE,,(unset)
0x32B04024,850411556,0x32B04024,0x32,1,Integer?,WRITE,,(unset)
0x32B04026,850411558,0x32B04026,0x32,1,Integer?,WRITE,,(unset)
0x32B04028,850411560,0x32B04028,0x32,1,Integer?,WRITE,,(unset)
0x32B0402A,850411562,0x32B0402A,0x32,1,Integer?,WRITE,,(unset)
0x32B0402C,850411564,0x32B0402C,0x32,1,Integer?,WRITE,,(unset)
0x32B0402E,850411566,0x32B0402E,0x32,1,Integer?,WRITE,,(unset)
0x32B04030,850411568,0x32B04030,0x32,1,Integer?,WRITE,,(unset)
0x32B04032,850411570,0x32B04032,0x32,1,Integer?,WRITE,,(unset)
0x32B04034,850411572,0x32B04034,0x32,1,Integer?,WRITE,,(unset)
0x32B04036,850411574,0x32B04036,0x32,1,Integer?,WRITE,,(unset)
0x32B04044,850411588,0x32B04044,0x32,1,Integer?,WRITE,,(unset)
0x32B04046,850411590,0x32B04046,0x32,1,Integer?,WRITE,,(unset)
0x32B05014,850415636,0x32B05014,0x32,13,?13,WRITE,,(unset)
0x32B05018,850415640,0x32B05018,0x32,13,?13,WRITE,,(unset)
0x32B06010,850419728,0x32B06010,0x32,1,Integer?,WRITE,,(unset)
0x32B06012,850419730,0x32B06012,0x32,1,Integer?,WRITE,,(unset)
0x32B06016,850419734,0x32B06016,0x32,1,Integer?,WRITE,,(unset)
0x32B0601A,850419738,0x32B0601A,0x32,1,Integer?,WRITE,,(unset)
0x32B0601C,850419740,0x32B0601C,0x32,1,Integer?,WRITE,,(unset)
0x32B0601E,850419742,0x32B0601E,0x32,1,Integer?,WRITE,,(unset)
0x32B07010,850423824,0x32B07010,0x32,1,Integer?,WRITE,,(unset)
0x32B07012,850423826,0x32B07012,0x32,1,Integer?,WRITE,,(unset)
0x32B07014,850423828,0x32B07014,0x32,1,Integer?,WRITE,,(unset)
0x32B07016,850423830,0x32B07016,0x32,1,Integer?,WRITE,,(unset)
0x32B07018,850423832,0x32B07018,0x32,1,Integer?,WRITE,,(unset)
0x32B0701A,850423834,0x32B0701A,0x32,1,Integer?,WRITE,,(unset)
0x32B08010,850427920,0x32B08010,0x32,1,Integer?,WRITE,,(unset)
0x32B08014,850427924,0x32B08014,0x32,1,Integer?,WRITE,,(unset)
0x32B08016,850427926,0x32B08016,0x32,1,Integer?,WRITE,,(unset)
0x32B08018,850427928,0x32B08018,0x32,1,Integer?,WRITE,,(unset)
0x32B08020,850427936,0x32B08020,0x32,1,Integer?,WRITE,,(unset)
0x32B08022,850427938,0x32B08022,0x32,1,Integer?,WRITE,,(unset)
0x32B08026,850427942,0x32B08026,0x32,1,Integer?,WRITE,,(unset)
0x32B08028,850427944,0x32B08028,0x32,1,Integer?,WRITE,,(unset)
0x32B0802C,850427948,0x32B0802C,0x32,1,Integer?,WRITE,,(unset)
0x32B08030,850427952,0x32B08030,0x32,1,Integer?,WRITE,,(unset)
0x32B08035,850427957,0x32B08035,0x32,1,Integer?,WRITE,,(unset)
0x32B08038,850427960,0x32B08038,0x32,1,Integer?,WRITE,,(unset)
0x32B09010,850432016,0x32B09010,0x32,1,Integer?,WRITE,,(unset)
0x32B09011,850432017,0x32B09011,0x32,1,Integer?,WRITE,,(unset)
0x32B09012,850432018,0x32B09012,0x32,1,Integer?,WRITE,,(unset)
0x32B09013,850432019,0x32B09013,0x32,1,Integer?,WRITE,,(unset)
0x32B09014,850432020,0x32B09014,0x32,1,Integer?,WRITE,,(unset)
0x32B0901E,850432030,0x32B0901E,0x32,2,Long?,WRITE,,(unset)
0x32B09025,850432037,0x32B09025,0x32,2,Long?,WRITE,,(unset)
0x32B09034,850432052,0x32B09034,0x32,2,Long?,WRITE,,(unset)
0x32B0903C,850432060,0x32B0903C,0x32,2,Long?,WRITE,,(unset)
0x32B0903E,850432062,0x32B0903E,0x32,1,Integer?,WRITE,,(unset)
0x32B09043,850432067,0x32B09043,0x32,1,Integer?,WRITE,,(unset)
0x32B09046,850432070,0x32B09046,0x32,1,Integer?,WRITE,,(unset)
0x32B0A011,850436113,0x32B0A011,0x32,1,Integer?,WRITE,,(unset)
0x32B0A016,850436118,0x32B0A016,0x32,1,Integer?,WRITE,,(unset)
0x32B0A018,850436120,0x32B0A018,0x32,1,Integer?,WRITE,,(unset)
0x32B0A020,850436128,0x32B0A020,0x32,1,Integer?,WRITE,,(unset)
0x32B0A023,850436131,0x32B0A023,0x32,1,Integer?,WRITE,,(unset)
0x32B0A028,850436136,0x32B0A028,0x32,1,Integer?,WRITE,,(unset)
0x32B0A02D,850436141,0x32B0A02D,0x32,1,Integer?,WRITE,,(unset)
0x32B0A02F,850436143,0x32B0A02F,0x32,1,Integer?,WRITE,,(unset)
0x32B0A030,850436144,0x32B0A030,0x32,1,Integer?,WRITE,,(unset)
0x32B0A035,850436149,0x32B0A035,0x32,1,Integer?,WRITE,,(unset)
0x32B0A035,850436149,0x32B0A035,0x32,13,?13,WRITE,,(unset)
0x32B0A038,850436152,0x32B0A038,0x32,1,Integer?,WRITE,,(unset)
0x32B0A03C,850436156,0x32B0A03C,0x32,1,Integer?,WRITE,,(unset)
0x32B0A044,850436164,0x32B0A044,0x32,1,Integer?,WRITE,,(unset)
0x32B0B03C,850440252,0x32B0B03C,0x32,1,Integer?,WRITE,,(unset)
0x32B0B040,850440256,0x32B0B040,0x32,1,Integer?,WRITE,,(unset)
0x32B0B043,850440259,0x32B0B043,0x32,1,Integer?,WRITE,,(unset)
0x32B0C010,850444304,0x32B0C010,0x32,1,Integer?,WRITE,,(unset)
0x32B0C014,850444308,0x32B0C014,0x32,1,Integer?,WRITE,,(unset)
0x32B0C018,850444312,0x32B0C018,0x32,1,Integer?,WRITE,,(unset)
0x32B0C01D,850444317,0x32B0C01D,0x32,2,Long?,WRITE,,(unset)
0x32B0C020,850444320,0x32B0C020,0x32,1,Integer?,WRITE,,(unset)
0x32B0C025,850444325,0x32B0C025,0x32,10,?,WRITE,,(unset)
0x32B0C028,850444328,0x32B0C028,0x32,10,?,WRITE,,(unset)
0x32B0C02A,850444330,0x32B0C02A,0x32,10,?,WRITE,,(unset)
0x32B0C02C,850444332,0x32B0C02C,0x32,10,?,WRITE,,(unset)
0x32B0C032,850444338,0x32B0C032,0x32,10,?,WRITE,,(unset)
0x32B0C034,850444340,0x32B0C034,0x32,10,?,WRITE,,(unset)
0x32B0C036,850444342,0x32B0C036,0x32,10,?,WRITE,,(unset)
0x32B0C038,850444344,0x32B0C038,0x32,1,Integer?,WRITE,,(unset)
0x32B0C03B,850444347,0x32B0C03B,0x32,31,?,WRITE,,(unset)
0x32B0C03D,850444349,0x32B0C03D,0x32,1,Integer?,WRITE,,(unset)
0x32B0C040,850444352,0x32B0C040,0x32,4,Double?,WRITE,,(unset)
0x32B0C042,850444354,0x32B0C042,0x32,6,?,WRITE,,(unset)
0x32B0C044,850444356,0x32B0C044,0x32,6,?,WRITE,,(unset)
0x32B0D010,850448400,0x32B0D010,0x32,17,?17,WRITE,,(unset)
0x32B0D012,850448402,0x32B0D012,0x32,2,Long?,WRITE,,(unset)
0x32B0D015,850448405,0x32B0D015,0x32,2,Long?,WRITE,,(unset)
0x32B0D018,850448408,0x32B0D018,0x32,2,Long?,WRITE,,(unset)
0x32B0D01B,850448411,0x32B0D01B,0x32,2,Long?,WRITE,,(unset)
0x32B0D01E,850448414,0x32B0D01E,0x32,1,Integer?,WRITE,,(unset)
0x32B0D020,850448416,0x32B0D020,0x32,2,Long?,WRITE,,(unset)
0x32B0D023,850448419,0x32B0D023,0x32,2,Long?,WRITE,,(unset)
0x32B0D028,850448424,0x32B0D028,0x32,2,Long?,WRITE,,(unset)
0x32B0D02B,850448427,0x32B0D02B,0x32,2,Long?,WRITE,,(unset)
0x32B0D02E,850448430,0x32B0D02E,0x32,6,?,WRITE,,(unset)
0x32B0D030,850448432,0x32B0D030,0x32,6,?,WRITE,,(unset)
0x32B0D032,850448434,0x32B0D032,0x32,6,?,WRITE,,(unset)
0x32B0D034,850448436,0x32B0D034,0x32,6,?,WRITE,,(unset)
0x32B0D038,850448440,0x32B0D038,0x32,2,Long?,WRITE,,(unset)
0x32B0D03D,850448445,0x32B0D03D,0x32,2,Long?,WRITE,,(unset)
0x32B0D042,850448450,0x32B0D042,0x32,2,Long?,WRITE,,(unset)
0x32B0D046,850448454,0x32B0D046,0x32,1,Integer?,WRITE,,(unset)
0x32B0E010,850452496,0x32B0E010,0x32,12,?12,WRITE,,(unset)
0x32B0E012,850452498,0x32B0E012,0x32,12,?12,WRITE,,(unset)
0x32B0E016,850452502,0x32B0E016,0x32,12,?12,WRITE,,(unset)
0x32B0E018,850452504,0x32B0E018,0x32,12,?12,WRITE,,(unset)
0x32B0E01B,850452507,0x32B0E01B,0x32,12,?12,WRITE,,(unset)
0x32B0E01D,850452509,0x32B0E01D,0x32,12,?12,WRITE,,(unset)
0x32B0E023,850452515,0x32B0E023,0x32,12,?12,WRITE,,(unset)
0x32B0E026,850452518,0x32B0E026,0x32,12,?12,WRITE,,(unset)
0x32B0E029,850452521,0x32B0E029,0x32,12,?12,WRITE,,(unset)
0x32B0E02C,850452524,0x32B0E02C,0x32,12,?12,WRITE,,(unset)
0x32B0E02E,850452526,0x32B0E02E,0x32,12,?12,WRITE,,(unset)
0x32B0E030,850452528,0x32B0E030,0x32,12,?12,WRITE,,(unset)
0x32B0E033,850452531,0x32B0E033,0x32,12,?12,WRITE,,(unset)
0x32B0E035,850452533,0x32B0E035,0x32,12,?12,WRITE,,(unset)
0x32B0E038,850452536,0x32B0E038,0x32,12,?12,WRITE,,(unset)
0x32B0E03A,850452538,0x32B0E03A,0x32,12,?12,WRITE,,(unset)
0x32B0E03D,850452541,0x32B0E03D,0x32,12,?12,WRITE,,(unset)
0x32B0E03F,850452543,0x32B0E03F,0x32,12,?12,WRITE,,(unset)
0x32B0E045,850452549,0x32B0E045,0x32,17,?17,WRITE,,(unset)
0x32B0F010,850456592,0x32B0F010,0x32,13,?13,WRITE,,(unset)
0x32B0F020,850456608,0x32B0F020,0x32,13,?13,WRITE,,(unset)
0x32B0F030,850456624,0x32B0F030,0x32,13,?13,WRITE,,(unset)
0x32B0F032,850456626,0x32B0F032,0x32,13,?13,WRITE,,(unset)
0x32B0F038,850456632,0x32B0F038,0x32,13,?13,WRITE,,(unset)
0x32B10010,850460688,0x32B10010,0x32,2,Long?,WRITE,,(unset)
0x32B10012,850460690,0x32B10012,0x32,2,Long?,WRITE,,(unset)
0x32B11010,850464784,0x32B11010,0x32,28,?,WRITE,,(unset)
0x32B11012,850464786,0x32B11012,0x32,28,?,WRITE,,(unset)
0x32B11014,850464788,0x32B11014,0x32,,?,WRITE,,(unset)
0x32B11016,850464790,0x32B11016,0x32,,?,WRITE,,(unset)
0x32B11018,850464792,0x32B11018,0x32,34,?,WRITE,,(unset)
0x32B1101A,850464794,0x32B1101A,0x32,12,?12,WRITE,,(unset)
0x32B1101E,850464798,0x32B1101E,0x32,17,?17,WRITE,,(unset)
0x32B11023,850464803,0x32B11023,0x32,1,Integer?,WRITE,,(unset)
0x32B11026,850464806,0x32B11026,0x32,44,?44,WRITE,,(unset)
0x32B11028,850464808,0x32B11028,0x32,1,Integer?,WRITE,,(unset)
0x32B1102A,850464810,0x32B1102A,0x32,19,?,WRITE,,(unset)
0x32B11040,850464832,0x32B11040,0x32,12,?12,WRITE,,(unset)
0x32B11044,850464836,0x32B11044,0x32,1,Integer?,WRITE,,(unset)
0x32B11046,850464838,0x32B11046,0x32,17,?17,WRITE,,(unset)
0x32B12010,850468880,0x32B12010,0x32,1,Integer?,WRITE,4,CHARGING
0x32B12018,850468888,0x32B12018,0x32,1,Integer?,WRITE,4,CHARGING
0x32B12020,850468896,0x32B12020,0x32,1,Integer?,WRITE,4,CHARGING
0x32B12028,850468904,0x32B12028,0x32,1,Integer?,WRITE,4,CHARGING
0x32B12030,850468912,0x32B12030,0x32,1,Integer?,WRITE,4,CHARGING
0x32B12038,850468920,0x32B12038,0x32,1,Integer?,WRITE,4,CHARGING
0x32B12040,850468928,0x32B12040,0x32,1,Integer?,WRITE,4,CHARGING
0x32B13010,850472976,0x32B13010,0x32,1,Integer?,WRITE,4,CHARGING
0x32B13018,850472984,0x32B13018,0x32,1,Integer?,WRITE,4,CHARGING
0x32B13020,850472992,0x32B13020,0x32,1,Integer?,WRITE,4,CHARGING
0x32B13028,850473000,0x32B13028,0x32,1,Integer?,WRITE,4,CHARGING
0x32B13030,850473008,0x32B13030,0x32,1,Integer?,WRITE,4,CHARGING
0x32B13038,850473016,0x32B13038,0x32,1,Integer?,WRITE,4,CHARGING
0x32B14010,850477072,0x32B14010,0x32,2,Long?,WRITE,,(unset)
0x32B14012,850477074,0x32B14012,0x32,2,Long?,WRITE,,(unset)
0x32B15010,850481168,0x32B15010,0x32,2,Long?,WRITE,,(unset)
0x32B15020,850481184,0x32B15020,0x32,2,Long?,WRITE,,(unset)
0x32B15028,850481192,0x32B15028,0x32,2,Long?,WRITE,,(unset)
0x32B15030,850481200,0x32B15030,0x32,2,Long?,WRITE,,(unset)
0x32B15038,850481208,0x32B15038,0x32,2,Long?,WRITE,,(unset)
0x32B1503B,850481211,0x32B1503B,0x32,2,Long?,WRITE,,(unset)
0x32B15040,850481216,0x32B15040,0x32,2,Long?,WRITE,,(unset)
0x32B16010,850485264,0x32B16010,0x32,1,Integer?,WRITE,,(unset)
0x32B16013,850485267,0x32B16013,0x32,1,Integer?,WRITE,,(unset)
0x32B16015,850485269,0x32B16015,0x32,1,Integer?,WRITE,,(unset)
0x32B16019,850485273,0x32B16019,0x32,1,Integer?,WRITE,,(unset)
0x32B1601B,850485275,0x32B1601B,0x32,1,Integer?,WRITE,,(unset)
0x32B1601D,850485277,0x32B1601D,0x32,1,Integer?,WRITE,,(unset)
0x32B1601F,850485279,0x32B1601F,0x32,1,Integer?,WRITE,,(unset)
0x32B17010,850489360,0x32B17010,0x32,2,Long?,WRITE,,(unset)
0x32B17012,850489362,0x32B17012,0x32,2,Long?,WRITE,,(unset)
0x32B17014,850489364,0x32B17014,0x32,2,Long?,WRITE,,(unset)
0x32B17016,850489366,0x32B17016,0x32,2,Long?,WRITE,,(unset)
0x32B17018,850489368,0x32B17018,0x32,2,Long?,WRITE,,(unset)
0x32B1701A,850489370,0x32B1701A,0x32,2,Long?,WRITE,,(unset)
0x32B1701C,850489372,0x32B1701C,0x32,2,Long?,WRITE,,(unset)
0x32B1701E,850489374,0x32B1701E,0x32,2,Long?,WRITE,,(unset)
0x32B17020,850489376,0x32B17020,0x32,2,Long?,WRITE,,(unset)
0x32B17024,850489380,0x32B17024,0x32,2,Long?,WRITE,,(unset)
0x32B17028,850489384,0x32B17028,0x32,2,Long?,WRITE,,(unset)
0x32B1702A,850489386,0x32B1702A,0x32,2,Long?,WRITE,,(unset)
0x32B1702C,850489388,0x32B1702C,0x32,2,Long?,WRITE,,(unset)
0x32B1702E,850489390,0x32B1702E,0x32,2,Long?,WRITE,,(unset)
0x32B17030,850489392,0x32B17030,0x32,2,Long?,WRITE,,(unset)
0x32B17032,850489394,0x32B17032,0x32,2,Long?,WRITE,,(unset)
0x32B17034,850489396,0x32B17034,0x32,2,Long?,WRITE,,(unset)
0x32B17036,850489398,0x32B17036,0x32,2,Long?,WRITE,,(unset)
0x32B17038,850489400,0x32B17038,0x32,2,Long?,WRITE,,(unset)
0x32B1703A,850489402,0x32B1703A,0x32,2,Long?,WRITE,,(unset)
0x32B1703C,850489404,0x32B1703C,0x32,2,Long?,WRITE,,(unset)
0x32B1703E,850489406,0x32B1703E,0x32,2,Long?,WRITE,,(unset)
0x32B17040,850489408,0x32B17040,0x32,2,Long?,WRITE,,(unset)
0x32B17042,850489410,0x32B17042,0x32,2,Long?,WRITE,,(unset)
0x32B17044,850489412,0x32B17044,0x32,2,Long?,WRITE,,(unset)
0x32B17046,850489414,0x32B17046,0x32,2,Long?,WRITE,,(unset)
0x32B18010,850493456,0x32B18010,0x32,2,Long?,WRITE,,(unset)
0x32B18012,850493458,0x32B18012,0x32,2,Long?,WRITE,,(unset)
0x32B18014,850493460,0x32B18014,0x32,2,Long?,WRITE,,(unset)
0x32B18016,850493462,0x32B18016,0x32,2,Long?,WRITE,,(unset)
0x32B18018,850493464,0x32B18018,0x32,1,Integer?,WRITE,,(unset)
0x32B1801A,850493466,0x32B1801A,0x32,1,Integer?,WRITE,,(unset)
0x32B1801C,850493468,0x32B1801C,0x32,1,Integer?,WRITE,,(unset)
0x32B1801E,850493470,0x32B1801E,0x32,1,Integer?,WRITE,,(unset)
0x32B18020,850493472,0x32B18020,0x32,1,Integer?,WRITE,,(unset)
0x32B18022,850493474,0x32B18022,0x32,1,Integer?,WRITE,,(unset)
0x32B18024,850493476,0x32B18024,0x32,2,Long?,WRITE,,(unset)
0x32B18028,850493480,0x32B18028,0x32,1,Integer?,WRITE,,(unset)
0x32B18030,850493488,0x32B18030,0x32,1,Integer?,WRITE,,(unset)
0x32B19010,850497552,0x32B19010,0x32,2,Long?,WRITE,,(unset)
0x32B1A010,850501648,0x32B1A010,0x32,1,Integer?,WRITE,,(unset)
0x32B1A013,850501651,0x32B1A013,0x32,1,Integer?,WRITE,,(unset)
0x32B1A018,850501656,0x32B1A018,0x32,1,Integer?,WRITE,,(unset)
0x32B1A01B,850501659,0x32B1A01B,0x32,1,Integer?,WRITE,,(unset)
0x32B1A020,850501664,0x32B1A020,0x32,1,Integer?,WRITE,,(unset)
0x32B1A023,850501667,0x32B1A023,0x32,1,Integer?,WRITE,,(unset)
0x32B1A030,850501680,0x32B1A030,0x32,1,Integer?,WRITE,,(unset)
0x32B1A033,850501683,0x32B1A033,0x32,1,Integer?,WRITE,,(unset)
0x32B1A038,850501688,0x32B1A038,0x32,1,Integer?,WRITE,,(unset)
0x32B1A03B,850501691,0x32B1A03B,0x32,1,Integer?,WRITE,,(unset)
0x32B1A03E,850501694,0x32B1A03E,0x32,1,Integer?,WRITE,,(unset)
0x32B1B010,850505744,0x32B1B010,0x32,1,Integer?,WRITE,,(unset)
0x32B1B013,850505747,0x32B1B013,0x32,1,Integer?,WRITE,,(unset)
0x32B1B018,850505752,0x32B1B018,0x32,1,Integer?,WRITE,,(unset)
0x32B1B01B,850505755,0x32B1B01B,0x32,1,Integer?,WRITE,,(unset)
0x32B1B020,850505760,0x32B1B020,0x32,1,Integer?,WRITE,,(unset)
0x32B1B023,850505763,0x32B1B023,0x32,1,Integer?,WRITE,,(unset)
0x32B1B030,850505776,0x32B1B030,0x32,1,Integer?,WRITE,,(unset)
0x32B1B033,850505779,0x32B1B033,0x32,1,Integer?,WRITE,,(unset)
0x32B1B038,850505784,0x32B1B038,0x32,1,Integer?,WRITE,,(unset)
0x32B1B03B,850505787,0x32B1B03B,0x32,1,Integer?,WRITE,,(unset)
0x32B1C010,850509840,0x32B1C010,0x32,23,?23,WRITE,,(unset)
0x32B1C012,850509842,0x32B1C012,0x32,23,?23,WRITE,,(unset)
0x32B1C018,850509848,0x32B1C018,0x32,23,?23,WRITE,,(unset)
0x32B1C01A,850509850,0x32B1C01A,0x32,12,?12,WRITE,,(unset)
0x32B1C01C,850509852,0x32B1C01C,0x32,23,?23,WRITE,,(unset)
0x32B1C01E,850509854,0x32B1C01E,0x32,23,?23,WRITE,,(unset)
0x32B1C020,850509856,0x32B1C020,0x32,23,?23,WRITE,,(unset)
0x32B1C024,850509860,0x32B1C024,0x32,23,?23,WRITE,,(unset)
0x32B1C026,850509862,0x32B1C026,0x32,23,?23,WRITE,,(unset)
0x32B1C028,850509864,0x32B1C028,0x32,23,?23,WRITE,,(unset)
0x32B1C02B,850509867,0x32B1C02B,0x32,23,?23,WRITE,,(unset)
0x32B1C034,850509876,0x32B1C034,0x32,23,?23,WRITE,,(unset)
0x32B1C03A,850509882,0x32B1C03A,0x32,23,?23,WRITE,,(unset)
0x32B1C042,850509890,0x32B1C042,0x32,23,?23,WRITE,,(unset)
0x32B1D010,850513936,0x32B1D010,0x32,1,Integer?,WRITE,,(unset)
0x32B1D014,850513940,0x32B1D014,0x32,1,Integer?,WRITE,,(unset)
0x32B1D018,850513944,0x32B1D018,0x32,1,Integer?,WRITE,,(unset)
0x32B1D01C,850513948,0x32B1D01C,0x32,1,Integer?,WRITE,,(unset)
0x32B1D020,850513952,0x32B1D020,0x32,2,Long?,WRITE,,(unset)
0x32B1D022,850513954,0x32B1D022,0x32,1,Integer?,WRITE,,(unset)
0x32B1D028,850513960,0x32B1D028,0x32,2,Long?,WRITE,,(unset)
0x32B1D02A,850513962,0x32B1D02A,0x32,2,Long?,WRITE,,(unset)
0x32B1E010,850518032,0x32B1E010,0x32,34,?,WRITE,,(unset)
0x32B1E01C,850518044,0x32B1E01C,0x32,34,?,WRITE,,(unset)
0x32B1E028,850518056,0x32B1E028,0x32,34,?,WRITE,,(unset)
0x32B1E034,850518068,0x32B1E034,0x32,34,?,WRITE,,(unset)
0x32B1F010,850522128,0x32B1F010,0x32,34,?,WRITE,,(unset)
0x32B1F01C,850522140,0x32B1F01C,0x32,34,?,WRITE,,(unset)
0x32B1F028,850522152,0x32B1F028,0x32,34,?,WRITE,,(unset)
0x32B1F034,850522164,0x32B1F034,0x32,34,?,WRITE,,(unset)
0x32B20014,850526228,0x32B20014,0x32,1,Integer?,WRITE,,(unset)
0x32B20016,850526230,0x32B20016,0x32,1,Integer?,WRITE,,(unset)
0x32B20018,850526232,0x32B20018,0x32,1,Integer?,WRITE,,(unset)
0x32B2001E,850526238,0x32B2001E,0x32,1,Integer?,WRITE,,(unset)
0x32B20020,850526240,0x32B20020,0x32,1,Integer?,WRITE,,(unset)
0x32B2002B,850526251,0x32B2002B,0x32,1,Integer?,WRITE,,(unset)
0x32B20031,850526257,0x32B20031,0x32,1,Integer?,WRITE,,(unset)
0x32B20038,850526264,0x32B20038,0x32,1,Integer?,WRITE,,(unset)
0x32B2003A,850526266,0x32B2003A,0x32,1,Integer?,WRITE,,(unset)
0x32B2003F,850526271,0x32B2003F,0x32,1,Integer?,WRITE,,(unset)
0x32B20044,850526276,0x32B20044,0x32,1,Integer?,WRITE,,(unset)
0x32B20046,850526278,0x32B20046,0x32,1,Integer?,WRITE,,(unset)
0x32B21010,850530320,0x32B21010,0x32,12,?12,WRITE,,(unset)
0x32B21012,850530322,0x32B21012,0x32,12,?12,WRITE,,(unset)
0x32B21014,850530324,0x32B21014,0x32,12,?12,WRITE,,(unset)
0x32B21016,850530326,0x32B21016,0x32,12,?12,WRITE,,(unset)
0x32B2101C,850530332,0x32B2101C,0x32,12,?12,WRITE,,(unset)
0x32B21022,850530338,0x32B21022,0x32,12,?12,WRITE,,(unset)
0x32B2103E,850530366,0x32B2103E,0x32,12,?12,WRITE,,(unset)
0x32B23010,850538512,0x32B23010,0x32,1,Integer?,WRITE,,(unset)
0x32B23011,850538513,0x32B23011,0x32,1,Integer?,WRITE,,(unset)
0x32B23018,850538520,0x32B23018,0x32,1,Integer?,WRITE,,(unset)
0x32B2301A,850538522,0x32B2301A,0x32,1,Integer?,WRITE,,(unset)
0x32B2301C,850538524,0x32B2301C,0x32,1,Integer?,WRITE,,(unset)
0x32B2301E,850538526,0x32B2301E,0x32,1,Integer?,WRITE,,(unset)
0x32B23020,850538528,0x32B23020,0x32,1,Integer?,WRITE,,(unset)
0x32B23022,850538530,0x32B23022,0x32,1,Integer?,WRITE,,(unset)
0x32B23024,850538532,0x32B23024,0x32,1,Integer?,WRITE,,(unset)
0x32B23026,850538534,0x32B23026,0x32,1,Integer?,WRITE,,(unset)
0x32B23028,850538536,0x32B23028,0x32,1,Integer?,WRITE,,(unset)
0x32B2302A,850538538,0x32B2302A,0x32,1,Integer?,WRITE,,(unset)
0x32B2302C,850538540,0x32B2302C,0x32,1,Integer?,WRITE,,(unset)
0x32B23030,850538544,0x32B23030,0x32,1,Integer?,WRITE,,(unset)
0x32B23032,850538546,0x32B23032,0x32,1,Integer?,WRITE,,(unset)
0x32B2303A,850538554,0x32B2303A,0x32,1,Integer?,WRITE,,(unset)
0x32B2303C,850538556,0x32B2303C,0x32,1,Integer?,WRITE,,(unset)
0x32B26010,850550800,0x32B26010,0x32,2,Long?,WRITE,,(unset)
0x32B26015,850550805,0x32B26015,0x32,2,Long?,WRITE,,(unset)
0x32B26018,850550808,0x32B26018,0x32,1,Integer?,WRITE,,(unset)
0x32B26020,850550816,0x32B26020,0x32,1,Integer?,WRITE,,(unset)
0x32B26022,850550818,0x32B26022,0x32,1,Integer?,WRITE,,(unset)
0x32B26028,850550824,0x32B26028,0x32,2,Long?,WRITE,,(unset)
0x32B2602A,850550826,0x32B2602A,0x32,1,Integer?,WRITE,,(unset)
0x32B2602A,850550826,0x32B2602A,0x32,2,Long?,WRITE,,(unset)
0x32B27010,850554896,0x32B27010,0x32,2,Long?,WRITE,,(unset)
0x32B27013,850554899,0x32B27013,0x32,2,Long?,WRITE,,(unset)
0x32B27020,850554912,0x32B27020,0x32,2,Long?,WRITE,,(unset)
0x32B27023,850554915,0x32B27023,0x32,2,Long?,WRITE,,(unset)
0x32B27028,850554920,0x32B27028,0x32,2,Long?,WRITE,,(unset)
0x32B2702B,850554923,0x32B2702B,0x32,2,Long?,WRITE,,(unset)
0x32B27038,850554936,0x32B27038,0x32,2,Long?,WRITE,,(unset)
0x32B2703B,850554939,0x32B2703B,0x32,2,Long?,WRITE,,(unset)
0x32B27042,850554946,0x32B27042,0x32,2,Long?,WRITE,,(unset)
0x32B27044,850554948,0x32B27044,0x32,2,Long?,WRITE,,(unset)
0x32B28010,850558992,0x32B28010,0x32,3,Float?,WRITE,,(unset)
0x32B28030,850559024,0x32B28030,0x32,3,Float?,WRITE,,(unset)
0x32B29010,850563088,0x32B29010,0x32,3,Float?,WRITE,,(unset)
0x32B29030,850563120,0x32B29030,0x32,3,Float?,WRITE,,(unset)
0x32B2A010,850567184,0x32B2A010,0x32,1,Integer?,WRITE,,(unset)
0x32B2A012,850567186,0x32B2A012,0x32,1,Integer?,WRITE,,(unset)
0x32B2A014,850567188,0x32B2A014,0x32,1,Integer?,WRITE,,(unset)
0x32B2A016,850567190,0x32B2A016,0x32,1,Integer?,WRITE,,(unset)
0x32B2A018,850567192,0x32B2A018,0x32,2,Long?,WRITE,,(unset)
0x32B2A01B,850567195,0x32B2A01B,0x32,2,Long?,WRITE,,(unset)
0x32B2A020,850567200,0x32B2A020,0x32,1,Integer?,WRITE,,(unset)
0x32B2A028,850567208,0x32B2A028,0x32,2,Long?,WRITE,,(unset)
0x32B2A02B,850567211,0x32B2A02B,0x32,2,Long?,WRITE,,(unset)
0x32B2A030,850567216,0x32B2A030,0x32,2,Long?,WRITE,,(unset)
0x32B2A033,850567219,0x32B2A033,0x32,2,Long?,WRITE,,(unset)
0x32B2A040,850567232,0x32B2A040,0x32,2,Long?,WRITE,,(unset)
0x32B2A043,850567235,0x32B2A043,0x32,2,Long?,WRITE,,(unset)
0x32B2B010,850571280,0x32B2B010,0x32,17,?17,WRITE,,(unset)
0x32B2B018,850571288,0x32B2B018,0x32,17,?17,WRITE,,(unset)
0x32B2B020,850571296,0x32B2B020,0x32,17,?17,WRITE,,(unset)
0x32B2B028,850571304,0x32B2B028,0x32,17,?17,WRITE,,(unset)
0x32B2B02F,850571311,0x32B2B02F,0x32,1,Integer?,WRITE,,(unset)
0x32B2B031,850571313,0x32B2B031,0x32,1,Integer?,WRITE,,(unset)
0x32B2B035,850571317,0x32B2B035,0x32,12,?12,WRITE,,(unset)
0x32B2B037,850571319,0x32B2B037,0x32,12,?12,WRITE,,(unset)
0x32B2B039,850571321,0x32B2B039,0x32,12,?12,WRITE,,(unset)
0x32B2B03B,850571323,0x32B2B03B,0x32,12,?12,WRITE,,(unset)
0x32B2B03D,850571325,0x32B2B03D,0x32,12,?12,WRITE,,(unset)
0x32B2E01A,850583578,0x32B2E01A,0x32,34,?,WRITE,,(unset)
0x33F0000B,871366667,0x33F0000B,0x33,17,?17,WRITE,,(unset)
0x33F0000D,871366669,0x33F0000D,0x33,17,?17,WRITE,,(unset)
0x33F00013,871366675,0x33F00013,0x33,17,?17,WRITE,,(unset)
0x33F00018,871366680,0x33F00018,0x33,1,Integer?,WRITE,,(unset)
0x33F00020,871366688,0x33F00020,0x33,1,Integer?,WRITE,,(unset)
0x33F0003E,871366718,0x33F0003E,0x33,1,Integer?,WRITE,,(unset)
0x34C0001E,884998174,0x34C0001E,0x34,17,?17,WRITE,,(unset)
0x34C00038,884998200,0x34C00038,0x34,17,?17,WRITE,,(unset)
0x37201810,924850192,0x37201810,0x37,4,Double?,WRITE,,(unset)
0x37201812,924850194,0x37201812,0x37,4,Double?,WRITE,,(unset)
0x37201814,924850196,0x37201814,0x37,4,Double?,WRITE,,(unset)
0x37201816,924850198,0x37201816,0x37,4,Double?,WRITE,,(unset)
0x37201818,924850200,0x37201818,0x37,4,Double?,WRITE,,(unset)
0x37201820,924850208,0x37201820,0x37,4,Double?,WRITE,,(unset)
0x37201828,924850216,0x37201828,0x37,1,Integer?,WRITE,,(unset)
0x37201830,924850224,0x37201830,0x37,13,?13,WRITE,,(unset)
0x37201832,924850226,0x37201832,0x37,1,Integer?,WRITE,,(unset)
0x37201835,924850229,0x37201835,0x37,1,Integer?,WRITE,,(unset)
0x37201839,924850233,0x37201839,0x37,1,Integer?,WRITE,,(unset)
0x37202810,924854288,0x37202810,0x37,1,Integer?,WRITE,,(unset)
0x37202812,924854290,0x37202812,0x37,1,Integer?,WRITE,,(unset)
0x37202814,924854292,0x37202814,0x37,1,Integer?,WRITE,,(unset)
0x37202816,924854294,0x37202816,0x37,1,Integer?,WRITE,,(unset)
0x37202818,924854296,0x37202818,0x37,1,Integer?,WRITE,,(unset)
0x3720281B,924854299,0x3720281B,0x37,1,Integer?,WRITE,,(unset)
0x37202824,924854308,0x37202824,0x37,12,?12,WRITE,,(unset)
0x37202826,924854310,0x37202826,0x37,12,?12,WRITE,,(unset)
0x37202828,924854312,0x37202828,0x37,12,?12,WRITE,,(unset)
0x3720282A,924854314,0x3720282A,0x37,12,?12,WRITE,,(unset)
0x37202835,924854325,0x37202835,0x37,12,?12,WRITE,,(unset)
0x37202840,924854336,0x37202840,0x37,13,?13,WRITE,,(unset)
0x37907016,932212758,0x37907016,0x37,2,Long?,WRITE,,(unset)
0x37E01010,937431056,0x37E01010,0x37,23,?23,WRITE,,(unset)
0x37E01016,937431062,0x37E01016,0x37,23,?23,WRITE,,(unset)
0x37E01018,937431064,0x37E01018,0x37,23,?23,WRITE,,(unset)
0x37E0101E,937431070,0x37E0101E,0x37,23,?23,WRITE,,(unset)
0x37E01020,937431072,0x37E01020,0x37,23,?23,WRITE,,(unset)
0x37E01024,937431076,0x37E01024,0x37,23,?23,WRITE,,(unset)
0x37E01027,937431079,0x37E01027,0x37,23,?23,WRITE,,(unset)
0x37E01028,937431080,0x37E01028,0x37,23,?23,WRITE,,(unset)
0x37E0102C,937431084,0x37E0102C,0x37,23,?23,WRITE,,(unset)
0x37E01030,937431088,0x37E01030,0x37,23,?23,WRITE,,(unset)
0x37E01034,937431092,0x37E01034,0x37,23,?23,WRITE,,(unset)
0x37E01038,937431096,0x37E01038,0x37,23,?23,WRITE,,(unset)
0x37E0103C,937431100,0x37E0103C,0x37,23,?23,WRITE,,(unset)
0x37E01040,937431104,0x37E01040,0x37,23,?23,WRITE,,(unset)
0x37E01044,937431108,0x37E01044,0x37,23,?23,WRITE,,(unset)
0x37E02010,937435152,0x37E02010,0x37,23,?23,WRITE,,(unset)
0x37E02014,937435156,0x37E02014,0x37,23,?23,WRITE,,(unset)
0x37E02018,937435160,0x37E02018,0x37,23,?23,WRITE,,(unset)
0x37E0201C,937435164,0x37E0201C,0x37,23,?23,WRITE,,(unset)
0x37E0201E,937435166,0x37E0201E,0x37,23,?23,WRITE,,(unset)
0x37E02020,937435168,0x37E02020,0x37,23,?23,WRITE,,(unset)
0x37E02022,937435170,0x37E02022,0x37,23,?23,WRITE,,(unset)
0x37E02028,937435176,0x37E02028,0x37,23,?23,WRITE,,(unset)
0x37E91008,938020872,0x37E91008,0x37,23,?23,WRITE,1,SETTING
0x37EB1008,938151944,0x37EB1008,0x37,23,?23,WRITE,1,SETTING
0x38500008,944766984,0x38500008,0x38,12,?12,WRITE,,(unset)
0x3850000A,944766986,0x3850000A,0x38,12,?12,WRITE,,(unset)
0x3850000C,944766988,0x3850000C,0x38,12,?12,WRITE,,(unset)
0x3850000E,944766990,0x3850000E,0x38,12,?12,WRITE,,(unset)
0x38500010,944766992,0x38500010,0x38,12,?12,WRITE,,(unset)
0x38500012,944766994,0x38500012,0x38,12,?12,WRITE,,(unset)
0x38500014,944766996,0x38500014,0x38,12,?12,WRITE,,(unset)
0x38500016,944766998,0x38500016,0x38,12,?12,WRITE,,(unset)
0x38500018,944767000,0x38500018,0x38,12,?12,WRITE,,(unset)
0x3850001A,944767002,0x3850001A,0x38,12,?12,WRITE,,(unset)
0x3850001C,944767004,0x3850001C,0x38,7,?,WRITE,,(unset)
0x3850001E,944767006,0x3850001E,0x38,12,?12,WRITE,,(unset)
0x38500020,944767008,0x38500020,0x38,12,?12,WRITE,,(unset)
0x38500022,944767010,0x38500022,0x38,12,?12,WRITE,,(unset)
0x38500024,944767012,0x38500024,0x38,12,?12,WRITE,,(unset)
0x38500026,944767014,0x38500026,0x38,12,?12,WRITE,,(unset)
0x38500028,944767016,0x38500028,0x38,12,?12,WRITE,,(unset)
0x3850002C,944767020,0x3850002C,0x38,12,?12,WRITE,,(unset)
0x3850002E,944767022,0x3850002E,0x38,12,?12,WRITE,,(unset)
0x38500033,944767027,0x38500033,0x38,12,?12,WRITE,,(unset)
0x38500035,944767029,0x38500035,0x38,1,Integer?,WRITE,,(unset)
0x3850003A,944767034,0x3850003A,0x38,1,Integer?,WRITE,,(unset)
0x38500040,944767040,0x38500040,0x38,12,?12,WRITE,,(unset)
0x38500044,944767044,0x38500044,0x38,12,?12,WRITE,,(unset)
0x38500046,944767046,0x38500046,0x38,12,?12,WRITE,,(unset)
0x3A20000A,975175690,0x3A20000A,0x3A,3,Float?,WRITE,,(unset)
0x3AB00028,984612904,0x3AB00028,0x3A,17,?17,WRITE,,(unset)
0x3AB00038,984612920,0x3AB00038,0x3A,17,?17,WRITE,,(unset)
0x3AB0003B,984612923,0x3AB0003B,0x3A,17,?17,WRITE,,(unset)
0x3AB00044,984612932,0x3AB00044,0x3A,17,?17,WRITE,,(unset)
0x3B700008,997195784,0x3B700008,0x3B,30,?30,WRITE,4,CHARGING
0x3B700010,997195792,0x3B700010,0x3B,30,?30,WRITE,4,CHARGING
0x3B700018,997195800,0x3B700018,0x3B,3,Float?,WRITE,,(unset)
0x3B700028,997195816,0x3B700028,0x3B,3,Float?,WRITE,,(unset)
0x3B700032,997195826,0x3B700032,0x3B,22,?22,WRITE,,(unset)
0x3B700034,997195828,0x3B700034,0x3B,1,Integer?,WRITE,,(unset)
0x3B700036,997195830,0x3B700036,0x3B,1,Integer?,WRITE,,(unset)
0x3BE0001C,1004535836,0x3BE0001C,0x3B,17,?17,WRITE,,(unset)
0x3BE00020,1004535840,0x3BE00020,0x3B,17,?17,WRITE,,(unset)
0x3BE00030,1004535856,0x3BE00030,0x3B,17,?17,WRITE,,(unset)
0x3D500008,1028653064,0x3D500008,0x3D,30,?30,WRITE,4,CHARGING
0x3D500028,1028653096,0x3D500028,0x3D,30,?30,WRITE,4,CHARGING
0x3E300012,1043333138,0x3E300012,0x3E,3,Float?,WRITE,,(unset)
0x3E300018,1043333144,0x3E300018,0x3E,1,Integer?,WRITE,,(unset)
0x3E300018,1043333144,0x3E300018,0x3E,3,Float?,WRITE,,(unset)
0x3E30001E,1043333150,0x3E30001E,0x3E,1,Integer?,WRITE,,(unset)
0x3E30001F,1043333151,0x3E30001F,0x3E,1,Integer?,WRITE,,(unset)
0x3E300020,1043333152,0x3E300020,0x3E,6,?,WRITE,,(unset)
0x3E300022,1043333154,0x3E300022,0x3E,1,Integer?,WRITE,,(unset)
0x3E300025,1043333157,0x3E300025,0x3E,1,Integer?,WRITE,,(unset)
0x3E300028,1043333160,0x3E300028,0x3E,1,Integer?,WRITE,,(unset)
0x3E300031,1043333169,0x3E300031,0x3E,4,Double?,WRITE,,(unset)
0x3E300032,1043333170,0x3E300032,0x3E,1,Integer?,WRITE,,(unset)
0x3E300033,1043333171,0x3E300033,0x3E,1,Integer?,WRITE,,(unset)
0x3E300034,1043333172,0x3E300034,0x3E,1,Integer?,WRITE,,(unset)
0x3E300035,1043333173,0x3E300035,0x3E,1,Integer?,WRITE,,(unset)
0x3E300036,1043333174,0x3E300036,0x3E,3,Float?,WRITE,,(unset)
0x3E300038,1043333176,0x3E300038,0x3E,6,?,WRITE,,(unset)
0x3E30003B,1043333179,0x3E30003B,0x3E,3,Float?,WRITE,,(unset)
0x3E30003C,1043333180,0x3E30003C,0x3E,1,Integer?,WRITE,,(unset)
0x3E30003D,1043333181,0x3E30003D,0x3E,1,Integer?,WRITE,,(unset)
0x3E30003E,1043333182,0x3E30003E,0x3E,1,Integer?,WRITE,,(unset)
0x3E30003F,1043333183,0x3E30003F,0x3E,12,?12,WRITE,,(unset)
0x3E300040,1043333184,0x3E300040,0x3E,12,?12,WRITE,,(unset)
0x3E300041,1043333185,0x3E300041,0x3E,12,?12,WRITE,,(unset)
0x3E300042,1043333186,0x3E300042,0x3E,23,?23,WRITE,,(unset)
0x3E300043,1043333187,0x3E300043,0x3E,23,?23,WRITE,,(unset)
0x3E300044,1043333188,0x3E300044,0x3E,1,Integer?,WRITE,,(unset)
0x3E300045,1043333189,0x3E300045,0x3E,1,Integer?,WRITE,,(unset)
0x3E300046,1043333190,0x3E300046,0x3E,3,Float?,WRITE,,(unset)
0x3E300047,1043333191,0x3E300047,0x3E,1,Integer?,WRITE,,(unset)
0x3EC00008,1052770312,0x3EC00008,0x3E,14,?,WRITE,4,CHARGING
0x3EC00016,1052770326,0x3EC00016,0x3E,14,?,WRITE,4,CHARGING
0x3EC00018,1052770328,0x3EC00018,0x3E,14,?,WRITE,4,CHARGING
0x3EC00028,1052770344,0x3EC00028,0x3E,14,?,WRITE,4,CHARGING
0x3EC00038,1052770360,0x3EC00038,0x3E,14,?,WRITE,4,CHARGING
0x3EC00046,1052770374,0x3EC00046,0x3E,1,Integer?,WRITE,,(unset)
0x3FC00008,1069547528,0x3FC00008,0x3F,1,Integer?,WRITE,,(unset)
0x3FC00010,1069547536,0x3FC00010,0x3F,1,Integer?,WRITE,,(unset)
0x3FC00014,1069547540,0x3FC00014,0x3F,1,Integer?,WRITE,,(unset)
0x3FC0001A,1069547546,0x3FC0001A,0x3F,1,Integer?,WRITE,,(unset)
0x3FC00020,1069547552,0x3FC00020,0x3F,1,Integer?,WRITE,,(unset)
0x3FC0002E,1069547566,0x3FC0002E,0x3F,1,Integer?,WRITE,,(unset)
0x3FC00030,1069547568,0x3FC00030,0x3F,1,Integer?,WRITE,,(unset)
0x3FC00032,1069547570,0x3FC00032,0x3F,1,Integer?,WRITE,,(unset)
0x3FC00033,1069547571,0x3FC00033,0x3F,35,?,WRITE,,(unset)
0x3FC00037,1069547575,0x3FC00037,0x3F,1,Integer?,WRITE,,(unset)
0x3FC00040,1069547584,0x3FC00040,0x3F,1,Integer?,WRITE,,(unset)
0x40500025,1078984741,0x40500025,0x40,3,Float?,WRITE,,(unset)
0x40500028,1078984744,0x40500028,0x40,1,Integer?,WRITE,,(unset)
0x4050002E,1078984750,0x4050002E,0x40,31,?,WRITE,,(unset)
0x40500032,1078984754,0x40500032,0x40,14,?,WRITE,,(unset)
0x40500034,1078984756,0x40500034,0x40,14,?,WRITE,,(unset)
0x40500036,1078984758,0x40500036,0x40,14,?,WRITE,,(unset)
0x4050003D,1078984765,0x4050003D,0x40,1,Integer?,WRITE,,(unset)
0x40500044,1078984772,0x40500044,0x40,12,?12,WRITE,,(unset)
0x40800012,1082130450,0x40800012,0x40,17,?17,WRITE,,(unset)
0x40800015,1082130453,0x40800015,0x40,17,?17,WRITE,,(unset)
0x40800018,1082130456,0x40800018,0x40,17,?17,WRITE,,(unset)
0x4080001C,1082130460,0x4080001C,0x40,17,?17,WRITE,,(unset)
0x40800020,1082130464,0x40800020,0x40,17,?17,WRITE,,(unset)
0x40800024,1082130468,0x40800024,0x40,17,?17,WRITE,,(unset)
0x40901010,1083183120,0x40901010,0x40,3,Float?,WRITE,,(unset)
0x40901020,1083183136,0x40901020,0x40,3,Float?,WRITE,,(unset)
0x40901021,1083183137,0x40901021,0x40,1,Integer?,WRITE,,(unset)
0x40901028,1083183144,0x40901028,0x40,1,Integer?,WRITE,,(unset)
0x4090103C,1083183164,0x4090103C,0x40,10,?,WRITE,,(unset)
0x4090103E,1083183166,0x4090103E,0x40,10,?,WRITE,,(unset)
0x40901044,1083183172,0x40901044,0x40,1,Integer?,WRITE,,(unset)
0x40903028,1083191336,0x40903028,0x40,22,?22,WRITE,4,CHARGING
0x40903034,1083191348,0x40903034,0x40,22,?22,WRITE,4,CHARGING
0x40903040,1083191360,0x40903040,0x40,22,?22,WRITE,,(unset)
0x40903042,1083191362,0x40903042,0x40,22,?22,WRITE,,(unset)
0x40903044,1083191364,0x40903044,0x40,22,?22,WRITE,,(unset)
0x40903046,1083191366,0x40903046,0x40,1,Integer?,WRITE,,(unset)
0x40904010,1083195408,0x40904010,0x40,22,?22,WRITE,,(unset)
0x40904014,1083195412,0x40904014,0x40,22,?22,WRITE,,(unset)
0x40904018,1083195416,0x40904018,0x40,18,?,WRITE,,(unset)
0x40904038,1083195448,0x40904038,0x40,18,?,WRITE,,(unset)
0x40904040,1083195456,0x40904040,0x40,18,?,WRITE,,(unset)
0x40905043,1083199555,0x40905043,0x40,18,?,WRITE,,(unset)
0x40906010,1083203600,0x40906010,0x40,22,?22,WRITE,,(unset)
0x40906018,1083203608,0x40906018,0x40,22,?22,WRITE,,(unset)
0x40906020,1083203616,0x40906020,0x40,22,?22,WRITE,,(unset)
0x40906028,1083203624,0x40906028,0x40,22,?22,WRITE,,(unset)
0x40906030,1083203632,0x40906030,0x40,22,?22,WRITE,,(unset)
0x40907010,1083207696,0x40907010,0x40,22,?22,WRITE,,(unset)
0x40907014,1083207700,0x40907014,0x40,22,?22,WRITE,,(unset)
0x40907018,1083207704,0x40907018,0x40,22,?22,WRITE,,(unset)
0x40907030,1083207728,0x40907030,0x40,22,?22,WRITE,,(unset)
0x40907043,1083207747,0x40907043,0x40,22,?22,WRITE,,(unset)
0x40A40010,1084489744,0x40A40010,0x40,1,Integer?,WRITE,1,SETTING
0x40A96010,1084842000,0x40A96010,0x40,3,Float?,WRITE,,(unset)
0x40A96012,1084842002,0x40A96012,0x40,3,Float?,WRITE,,(unset)
0x40A96015,1084842005,0x40A96015,0x40,2,Long?,WRITE,,(unset)
0x40A9601C,1084842012,0x40A9601C,0x40,1,Integer?,WRITE,,(unset)
0x40A96020,1084842016,0x40A96020,0x40,2,Long?,WRITE,,(unset)
0x40A96028,1084842024,0x40A96028,0x40,2,Long?,WRITE,1,SETTING
0x40A97008,1084846088,0x40A97008,0x40,2,Long?,WRITE,1,SETTING
0x40A98010,1084850192,0x40A98010,0x40,2,Long?,WRITE,1,SETTING
0x4120000F,1092616207,0x4120000F,0x41,24,?24,WRITE,,(unset)
0x42400027,1111490599,0x42400027,0x42,23,?23,WRITE,,(unset)
0x4240002E,1111490606,0x4240002E,0x42,2,Long?,WRITE,,(unset)
0x42400030,1111490608,0x42400030,0x42,4,Double?,WRITE,,(unset)
0x42400040,1111490624,0x42400040,0x42,16,?,WRITE,,(unset)
0x42600008,1113587720,0x42600008,0x42,11,?,WRITE,,(unset)
0x42600018,1113587736,0x42600018,0x42,1,Integer?,WRITE,,(unset)
0x42600028,1113587752,0x42600028,0x42,3,Float?,WRITE,,(unset)
0x42801010,1115688976,0x42801010,0x42,23,?23,WRITE,,(unset)
0x42801018,1115688984,0x42801018,0x42,23,?23,WRITE,,(unset)
0x42801020,1115688992,0x42801020,0x42,23,?23,WRITE,,(unset)
0x42801028,1115689000,0x42801028,0x42,23,?23,WRITE,,(unset)
0x42801030,1115689008,0x42801030,0x42,23,?23,WRITE,,(unset)
0x42801038,1115689016,0x42801038,0x42,23,?23,WRITE,,(unset)
0x42CE77F2,1120827378,0x42CE77F2,0x42,23,?23,WRITE,,(unset)
0x43100008,1125122056,0x43100008,0x43,2,Long?,WRITE,,(unset)
0x4310000C,1125122060,0x4310000C,0x43,2,Long?,WRITE,,(unset)
0x43100010,1125122064,0x43100010,0x43,1,Integer?,WRITE,,(unset)
0x43100014,1125122068,0x43100014,0x43,1,Integer?,WRITE,,(unset)
0x43100018,1125122072,0x43100018,0x43,1,Integer?,WRITE,,(unset)
0x4310001C,1125122076,0x4310001C,0x43,1,Integer?,WRITE,,(unset)
0x43100020,1125122080,0x43100020,0x43,1,Integer?,WRITE,,(unset)
0x43100024,1125122084,0x43100024,0x43,1,Integer?,WRITE,,(unset)
0x43100028,1125122088,0x43100028,0x43,1,Integer?,WRITE,,(unset)
0x4310002B,1125122091,0x4310002B,0x43,1,Integer?,WRITE,,(unset)
0x4310002E,1125122094,0x4310002E,0x43,1,Integer?,WRITE,,(unset)
0x43100030,1125122096,0x43100030,0x43,1,Integer?,WRITE,,(unset)
0x43100033,1125122099,0x43100033,0x43,1,Integer?,WRITE,,(unset)
0x43100036,1125122102,0x43100036,0x43,2,Long?,WRITE,,(unset)
0x43100038,1125122104,0x43100038,0x43,2,Long?,WRITE,,(unset)
0x4310003B,1125122107,0x4310003B,0x43,2,Long?,WRITE,,(unset)
0x4310003E,1125122110,0x4310003E,0x43,17,?17,WRITE,,(unset)
0x43100040,1125122112,0x43100040,0x43,2,Long?,WRITE,,(unset)
0x43100043,1125122115,0x43100043,0x43,2,Long?,WRITE,,(unset)
0x43100046,1125122118,0x43100046,0x43,17,?17,WRITE,,(unset)
0x43E00008,1138753544,0x43E00008,0x43,23,?23,WRITE,,(unset)
0x43E00009,1138753545,0x43E00009,0x43,23,?23,WRITE,,(unset)
0x43E0000C,1138753548,0x43E0000C,0x43,3,Float?,WRITE,,(unset)
0x43E00038,1138753592,0x43E00038,0x43,3,Float?,WRITE,,(unset)
0x43E0003D,1138753597,0x43E0003D,0x43,23,?23,WRITE,,(unset)
0x43E0003E,1138753598,0x43E0003E,0x43,23,?23,WRITE,,(unset)
0x43E0003F,1138753599,0x43E0003F,0x43,23,?23,WRITE,,(unset)
0x43E00040,1138753600,0x43E00040,0x43,23,?23,WRITE,,(unset)
0x43E00044,1138753604,0x43E00044,0x43,23,?23,WRITE,,(unset)
0x43E00046,1138753606,0x43E00046,0x43,2,Long?,WRITE,,(unset)
0x43F01018,1139806232,0x43F01018,0x43,3,Float?,WRITE,,(unset)
0x43F01030,1139806256,0x43F01030,0x43,3,Float?,WRITE,,(unset)
0x43F03010,1139814416,0x43F03010,0x43,3,Float?,WRITE,,(unset)
0x43F03018,1139814424,0x43F03018,0x43,3,Float?,WRITE,,(unset)
0x43F0301C,1139814428,0x43F0301C,0x43,3,Float?,WRITE,,(unset)
0x43F03028,1139814440,0x43F03028,0x43,12,?12,WRITE,,(unset)
0x43F0302C,1139814444,0x43F0302C,0x43,12,?12,WRITE,,(unset)
0x43F03042,1139814466,0x43F03042,0x43,12,?12,WRITE,,(unset)
0x43F03044,1139814468,0x43F03044,0x43,12,?12,WRITE,,(unset)
0x43F04010,1139818512,0x43F04010,0x43,3,Float?,WRITE,,(unset)
0x43F04018,1139818520,0x43F04018,0x43,3,Float?,WRITE,,(unset)
0x43F0401C,1139818524,0x43F0401C,0x43,3,Float?,WRITE,,(unset)
0x43F04028,1139818536,0x43F04028,0x43,1,Integer?,WRITE,,(unset)
0x43F08010,1139834896,0x43F08010,0x43,3,Float?,WRITE,,(unset)
0x43F08018,1139834904,0x43F08018,0x43,3,Float?,WRITE,,(unset)
0x43F08030,1139834928,0x43F08030,0x43,3,Float?,WRITE,,(unset)
0x43F0B012,1139847186,0x43F0B012,0x43,2,Long?,WRITE,,(unset)
0x43F0B015,1139847189,0x43F0B015,0x43,2,Long?,WRITE,,(unset)
0x43F0B018,1139847192,0x43F0B018,0x43,2,Long?,WRITE,,(unset)
0x43F0B01B,1139847195,0x43F0B01B,0x43,2,Long?,WRITE,,(unset)
0x43F0B01E,1139847198,0x43F0B01E,0x43,2,Long?,WRITE,,(unset)
0x43F0B021,1139847201,0x43F0B021,0x43,2,Long?,WRITE,,(unset)
0x43F0B024,1139847204,0x43F0B024,0x43,2,Long?,WRITE,,(unset)
0x43F0B027,1139847207,0x43F0B027,0x43,2,Long?,WRITE,,(unset)
0x43F0B02A,1139847210,0x43F0B02A,0x43,2,Long?,WRITE,,(unset)
0x43F0B02D,1139847213,0x43F0B02D,0x43,2,Long?,WRITE,,(unset)
0x43F0B030,1139847216,0x43F0B030,0x43,2,Long?,WRITE,,(unset)
0x43F0B033,1139847219,0x43F0B033,0x43,2,Long?,WRITE,,(unset)
0x43F0B036,1139847222,0x43F0B036,0x43,2,Long?,WRITE,,(unset)
0x43F0B039,1139847225,0x43F0B039,0x43,2,Long?,WRITE,,(unset)
0x43F0B03C,1139847228,0x43F0B03C,0x43,2,Long?,WRITE,,(unset)
0x43F0B03F,1139847231,0x43F0B03F,0x43,2,Long?,WRITE,,(unset)
0x43F0B042,1139847234,0x43F0B042,0x43,2,Long?,WRITE,,(unset)
0x43F0B045,1139847237,0x43F0B045,0x43,2,Long?,WRITE,,(unset)
0x43F0D030,1139855408,0x43F0D030,0x43,2,Long?,WRITE,,(unset)
0x43F0D038,1139855416,0x43F0D038,0x43,2,Long?,WRITE,,(unset)
0x43F0D040,1139855424,0x43F0D040,0x43,2,Long?,WRITE,,(unset)
0x43F0F030,1139863600,0x43F0F030,0x43,2,Long?,WRITE,,(unset)
0x43F0F038,1139863608,0x43F0F038,0x43,2,Long?,WRITE,,(unset)
0x43F0F040,1139863616,0x43F0F040,0x43,2,Long?,WRITE,,(unset)
0x43F10030,1139867696,0x43F10030,0x43,2,Long?,WRITE,,(unset)
0x43F10033,1139867699,0x43F10033,0x43,2,Long?,WRITE,,(unset)
0x43F10036,1139867702,0x43F10036,0x43,2,Long?,WRITE,,(unset)
0x43F10039,1139867705,0x43F10039,0x43,2,Long?,WRITE,,(unset)
0x43F1003C,1139867708,0x43F1003C,0x43,2,Long?,WRITE,,(unset)
0x43F1003F,1139867711,0x43F1003F,0x43,2,Long?,WRITE,,(unset)
0x43F71008,1140264968,0x43F71008,0x43,24,?24,WRITE,1,SETTING
0x43F81008,1140330504,0x43F81008,0x43,24,?24,WRITE,1,SETTING
0x43F91008,1140396040,0x43F91008,0x43,3,Float?,WRITE,1,SETTING
0x43FA1008,1140461576,0x43FA1008,0x43,3,Float?,WRITE,1,SETTING
0x43FE1008,1140723720,0x43FE1008,0x43,3,Float?,WRITE,1,SETTING
0x43FF1008,1140789256,0x43FF1008,0x43,3,Float?,WRITE,1,SETTING
0x44B00008,1152385032,0x44B00008,0x44,9,?9,WRITE,,(unset)
0x44B0000E,1152385038,0x44B0000E,0x44,9,?9,WRITE,,(unset)
0x45E00008,1172307976,0x45E00008,0x45,2,Long?,WRITE,1,SETTING
0x4822B165,1210233189,0x4822B165,0x48,12,?12,WRITE,,(unset)
0x49200008,1226833928,0x49200008,0x49,2,Long?,WRITE,,(unset)
0x49200020,1226833952,0x49200020,0x49,44,?44,WRITE,,(unset)
0x49900008,1234173960,0x49900008,0x49,16,?,WRITE,,(unset)
0x4990000A,1234173962,0x4990000A,0x49,16,?,WRITE,,(unset)
0x49900010,1234173968,0x49900010,0x49,16,?,WRITE,,(unset)
0x49900018,1234173976,0x49900018,0x49,16,?,WRITE,,(unset)
0x49A00010,1235222544,0x49A00010,0x49,16,?,WRITE,,(unset)
0x49A00012,1235222546,0x49A00012,0x49,16,?,WRITE,,(unset)
0x49A00408,1235223560,0x49A00408,0x49,16,?,WRITE,,(unset)
0x49A0040A,1235223562,0x49A0040A,0x49,16,?,WRITE,,(unset)
0x49A0040B,1235223563,0x49A0040B,0x49,16,?,WRITE,,(unset)
0x49A0040D,1235223565,0x49A0040D,0x49,16,?,WRITE,,(unset)
0x49A00418,1235223576,0x49A00418,0x49,16,?,WRITE,,(unset)
0x49A0041C,1235223580,0x49A0041C,0x49,16,?,WRITE,,(unset)
0x49A0042F,1235223599,0x49A0042F,0x49,36,?,WRITE,,(unset)
0x4A5CA148,1247584584,0x4A5CA148,0x4A,1,Integer?,WRITE,,(unset)
0x4B400014,1262485524,0x4B400014,0x4B,34,?,WRITE,,(unset)
0x4B400016,1262485526,0x4B400016,0x4B,34,?,WRITE,,(unset)
0x4B40001C,1262485532,0x4B40001C,0x4B,22,?22,WRITE,,(unset)
0x4B400021,1262485537,0x4B400021,0x4B,22,?22,WRITE,,(unset)
0x4B400023,1262485539,0x4B400023,0x4B,22,?22,WRITE,,(unset)
0x4B400025,1262485541,0x4B400025,0x4B,22,?22,WRITE,,(unset)
0x4B400027,1262485543,0x4B400027,0x4B,22,?22,WRITE,,(unset)
0x4B400034,1262485556,0x4B400034,0x4B,22,?22,WRITE,,(unset)
0x4B400041,1262485569,0x4B400041,0x4B,22,?22,WRITE,,(unset)
0x4B400046,1262485574,0x4B400046,0x4B,22,?22,WRITE,,(unset)
0x4B40004B,1262485579,0x4B40004B,0x4B,22,?22,WRITE,,(unset)
0x4B40004E,1262485582,0x4B40004E,0x4B,22,?22,WRITE,,(unset)
0x4B400056,1262485590,0x4B400056,0x4B,22,?22,WRITE,,(unset)
0x4B400058,1262485592,0x4B400058,0x4B,22,?22,WRITE,,(unset)
0x4B40005C,1262485596,0x4B40005C,0x4B,22,?22,WRITE,,(unset)
0x4B40005E,1262485598,0x4B40005E,0x4B,22,?22,WRITE,,(unset)
0x4B400060,1262485600,0x4B400060,0x4B,22,?22,WRITE,,(unset)
0x4B400062,1262485602,0x4B400062,0x4B,22,?22,WRITE,,(unset)
0x4B400064,1262485604,0x4B400064,0x4B,22,?22,WRITE,,(unset)
0x4B400068,1262485608,0x4B400068,0x4B,34,?,WRITE,,(unset)
0x4B40006A,1262485610,0x4B40006A,0x4B,12,?12,WRITE,,(unset)
0x4B40006C,1262485612,0x4B40006C,0x4B,12,?12,WRITE,,(unset)
0x4B40006E,1262485614,0x4B40006E,0x4B,1,Integer?,WRITE,,(unset)
0x4B400072,1262485618,0x4B400072,0x4B,1,Integer?,WRITE,,(unset)
0x4B400074,1262485620,0x4B400074,0x4B,1,Integer?,WRITE,,(unset)
0x4B400076,1262485622,0x4B400076,0x4B,1,Integer?,WRITE,,(unset)
0x4B400078,1262485624,0x4B400078,0x4B,1,Integer?,WRITE,,(unset)
0x4B40007A,1262485626,0x4B40007A,0x4B,1,Integer?,WRITE,,(unset)
0x4B40007C,1262485628,0x4B40007C,0x4B,1,Integer?,WRITE,,(unset)
0x4B40007E,1262485630,0x4B40007E,0x4B,1,Integer?,WRITE,,(unset)
0x4B400080,1262485632,0x4B400080,0x4B,1,Integer?,WRITE,,(unset)
0x4B400082,1262485634,0x4B400082,0x4B,1,Integer?,WRITE,,(unset)
0x4B400084,1262485636,0x4B400084,0x4B,1,Integer?,WRITE,,(unset)
0x4B400086,1262485638,0x4B400086,0x4B,1,Integer?,WRITE,,(unset)
0x4B400088,1262485640,0x4B400088,0x4B,1,Integer?,WRITE,,(unset)
0x4B40008A,1262485642,0x4B40008A,0x4B,1,Integer?,WRITE,,(unset)
0x4B40008C,1262485644,0x4B40008C,0x4B,1,Integer?,WRITE,,(unset)
0x4B40008E,1262485646,0x4B40008E,0x4B,1,Integer?,WRITE,,(unset)
0x4B400094,1262485652,0x4B400094,0x4B,1,Integer?,WRITE,,(unset)
0x4B400097,1262485655,0x4B400097,0x4B,1,Integer?,WRITE,,(unset)
0x4B40009C,1262485660,0x4B40009C,0x4B,1,Integer?,WRITE,,(unset)
0x4B40009E,1262485662,0x4B40009E,0x4B,1,Integer?,WRITE,,(unset)
0x4B4000A5,1262485669,0x4B4000A5,0x4B,1,Integer?,WRITE,,(unset)
0x4B4000A6,1262485670,0x4B4000A6,0x4B,1,Integer?,WRITE,,(unset)
0x4B4000A7,1262485671,0x4B4000A7,0x4B,1,Integer?,WRITE,,(unset)
0x4B4000A8,1262485672,0x4B4000A8,0x4B,1,Integer?,WRITE,,(unset)
0x4B4000AA,1262485674,0x4B4000AA,0x4B,1,Integer?,WRITE,,(unset)
0x4B4000AF,1262485679,0x4B4000AF,0x4B,1,Integer?,WRITE,,(unset)
0x4B4000B4,1262485684,0x4B4000B4,0x4B,1,Integer?,WRITE,,(unset)
0x4B4000B9,1262485689,0x4B4000B9,0x4B,1,Integer?,WRITE,,(unset)
0x4B4000BE,1262485694,0x4B4000BE,0x4B,1,Integer?,WRITE,,(unset)
0x4B4000C1,1262485697,0x4B4000C1,0x4B,1,Integer?,WRITE,,(unset)
0x4B4000CC,1262485708,0x4B4000CC,0x4B,1,Integer?,WRITE,,(unset)
0x4B4000D7,1262485719,0x4B4000D7,0x4B,1,Integer?,WRITE,,(unset)
0x4C103008,1276129288,0x4C103008,0x4C,4,Double?,WRITE,,(unset)
0x4C103010,1276129296,0x4C103010,0x4C,4,Double?,WRITE,,(unset)
0x4C103018,1276129304,0x4C103018,0x4C,4,Double?,WRITE,,(unset)
0x4C103020,1276129312,0x4C103020,0x4C,4,Double?,WRITE,,(unset)
0x4C103021,1276129313,0x4C103021,0x4C,4,Double?,WRITE,,(unset)
0x4C103022,1276129314,0x4C103022,0x4C,4,Double?,WRITE,,(unset)
0x4C103023,1276129315,0x4C103023,0x4C,4,Double?,WRITE,,(unset)
0x4C103024,1276129316,0x4C103024,0x4C,4,Double?,WRITE,,(unset)
0x4C103025,1276129317,0x4C103025,0x4C,4,Double?,WRITE,,(unset)
0x4C103026,1276129318,0x4C103026,0x4C,4,Double?,WRITE,,(unset)
0x4C103028,1276129320,0x4C103028,0x4C,4,Double?,WRITE,,(unset)
0x4C104008,1276133384,0x4C104008,0x4C,4,Double?,WRITE,,(unset)
0x4C104010,1276133392,0x4C104010,0x4C,4,Double?,WRITE,,(unset)
0x4C104018,1276133400,0x4C104018,0x4C,4,Double?,WRITE,,(unset)
0x4C104020,1276133408,0x4C104020,0x4C,4,Double?,WRITE,,(unset)
0x4C104021,1276133409,0x4C104021,0x4C,4,Double?,WRITE,,(unset)
0x4C104022,1276133410,0x4C104022,0x4C,4,Double?,WRITE,,(unset)
0x4C104023,1276133411,0x4C104023,0x4C,4,Double?,WRITE,,(unset)
0x4C104024,1276133412,0x4C104024,0x4C,4,Double?,WRITE,,(unset)
0x4C104025,1276133413,0x4C104025,0x4C,4,Double?,WRITE,,(unset)
0x4C104026,1276133414,0x4C104026,0x4C,4,Double?,WRITE,,(unset)
0x4C104028,1276133416,0x4C104028,0x4C,4,Double?,WRITE,,(unset)
0x4C105010,1276137488,0x4C105010,0x4C,1,Integer?,WRITE,,(unset)
0x4C105012,1276137490,0x4C105012,0x4C,1,Integer?,WRITE,,(unset)
0x4C105014,1276137492,0x4C105014,0x4C,1,Integer?,WRITE,,(unset)
0x4C105016,1276137494,0x4C105016,0x4C,1,Integer?,WRITE,,(unset)
0x4C105018,1276137496,0x4C105018,0x4C,1,Integer?,WRITE,,(unset)
0x4C10501A,1276137498,0x4C10501A,0x4C,1,Integer?,WRITE,,(unset)
0x4C10501C,1276137500,0x4C10501C,0x4C,1,Integer?,WRITE,,(unset)
0x4C10501E,1276137502,0x4C10501E,0x4C,1,Integer?,WRITE,,(unset)
0x4C105020,1276137504,0x4C105020,0x4C,2,Long?,WRITE,,(unset)
0x4C105023,1276137507,0x4C105023,0x4C,1,Integer?,WRITE,,(unset)
0x4C105026,1276137510,0x4C105026,0x4C,1,Integer?,WRITE,,(unset)
0x4C105030,1276137520,0x4C105030,0x4C,1,Integer?,WRITE,,(unset)
0x4C105033,1276137523,0x4C105033,0x4C,1,Integer?,WRITE,,(unset)
0x4C105035,1276137525,0x4C105035,0x4C,1,Integer?,WRITE,,(unset)
0x4C105037,1276137527,0x4C105037,0x4C,1,Integer?,WRITE,,(unset)
0x4C105038,1276137528,0x4C105038,0x4C,2,Long?,WRITE,,(unset)
0x4C10503C,1276137532,0x4C10503C,0x4C,2,Long?,WRITE,,(unset)
0x4C106010,1276141584,0x4C106010,0x4C,19,?,WRITE,,(unset)
0x4C106012,1276141586,0x4C106012,0x4C,19,?,WRITE,,(unset)
0x4C106014,1276141588,0x4C106014,0x4C,19,?,WRITE,,(unset)
0x4C106016,1276141590,0x4C106016,0x4C,2,Long?,WRITE,,(unset)
0x4C106018,1276141592,0x4C106018,0x4C,2,Long?,WRITE,,(unset)
0x4C10601A,1276141594,0x4C10601A,0x4C,1,Integer?,WRITE,,(unset)
0x4C10601C,1276141596,0x4C10601C,0x4C,4,Double?,WRITE,,(unset)
0x4C10601E,1276141598,0x4C10601E,0x4C,4,Double?,WRITE,,(unset)
0x4C106020,1276141600,0x4C106020,0x4C,4,Double?,WRITE,,(unset)
0x4C106024,1276141604,0x4C106024,0x4C,1,Integer?,WRITE,,(unset)
0x4C106026,1276141606,0x4C106026,0x4C,17,?17,WRITE,,(unset)
0x4C10602B,1276141611,0x4C10602B,0x4C,22,?22,WRITE,,(unset)
0x4C106046,1276141638,0x4C106046,0x4C,3,Float?,WRITE,,(unset)
0x4C107032,1276145714,0x4C107032,0x4C,4,Double?,WRITE,,(unset)
0x4C108014,1276149780,0x4C108014,0x4C,3,Float?,WRITE,,(unset)
0x4C108016,1276149782,0x4C108016,0x4C,7,?,WRITE,,(unset)
0x4C108018,1276149784,0x4C108018,0x4C,1,Integer?,WRITE,,(unset)
0x4C10801C,1276149788,0x4C10801C,0x4C,1,Integer?,WRITE,,(unset)
0x4C108020,1276149792,0x4C108020,0x4C,1,Integer?,WRITE,,(unset)
0x4C108022,1276149794,0x4C108022,0x4C,1,Integer?,WRITE,,(unset)
0x4C108026,1276149798,0x4C108026,0x4C,3,Float?,WRITE,,(unset)
0x4C108030,1276149808,0x4C108030,0x4C,22,?22,WRITE,,(unset)
0x4C108047,1276149831,0x4C108047,0x4C,11,?,WRITE,,(unset)
0x4C109010,1276153872,0x4C109010,0x4C,1,Integer?,WRITE,,(unset)
0x4C109019,1276153881,0x4C109019,0x4C,1,Integer?,WRITE,,(unset)
0x4C10901B,1276153883,0x4C10901B,0x4C,1,Integer?,WRITE,,(unset)
0x4C10901E,1276153886,0x4C10901E,0x4C,17,?17,WRITE,,(unset)
0x4C109020,1276153888,0x4C109020,0x4C,17,?17,WRITE,,(unset)
0x4C109024,1276153892,0x4C109024,0x4C,17,?17,WRITE,,(unset)
0x4C109030,1276153904,0x4C109030,0x4C,3,Float?,WRITE,,(unset)
0x4C109032,1276153906,0x4C109032,0x4C,3,Float?,WRITE,,(unset)
0x4C109034,1276153908,0x4C109034,0x4C,3,Float?,WRITE,,(unset)
0x4C109036,1276153910,0x4C109036,0x4C,17,?17,WRITE,,(unset)
0x4C109038,1276153912,0x4C109038,0x4C,3,Float?,WRITE,,(unset)
0x4C10903B,1276153915,0x4C10903B,0x4C,17,?17,WRITE,,(unset)
0x4C10903D,1276153917,0x4C10903D,0x4C,17,?17,WRITE,,(unset)
0x4C109040,1276153920,0x4C109040,0x4C,17,?17,WRITE,,(unset)
0x4C109044,1276153924,0x4C109044,0x4C,17,?17,WRITE,,(unset)
0x4C10A01B,1276157979,0x4C10A01B,0x4C,1,Integer?,WRITE,,(unset)
0x4C10A01E,1276157982,0x4C10A01E,0x4C,2,Long?,WRITE,,(unset)
0x4C10A020,1276157984,0x4C10A020,0x4C,2,Long?,WRITE,,(unset)
0x4C10A022,1276157986,0x4C10A022,0x4C,2,Long?,WRITE,,(unset)
0x4C10A024,1276157988,0x4C10A024,0x4C,2,Long?,WRITE,,(unset)
0x4C10A028,1276157992,0x4C10A028,0x4C,1,Integer?,WRITE,,(unset)
0x4C10A02A,1276157994,0x4C10A02A,0x4C,1,Integer?,WRITE,,(unset)
0x4C10A032,1276158002,0x4C10A032,0x4C,1,Integer?,WRITE,,(unset)
0x4C10A035,1276158005,0x4C10A035,0x4C,1,Integer?,WRITE,,(unset)
0x4C10A03E,1276158014,0x4C10A03E,0x4C,1,Integer?,WRITE,,(unset)
0x4C10B044,1276162116,0x4C10B044,0x4C,2,Long?,WRITE,,(unset)
0x4C10C016,1276166166,0x4C10C016,0x4C,1,Integer?,WRITE,,(unset)
0x4C10C018,1276166168,0x4C10C018,0x4C,3,Float?,WRITE,,(unset)
0x4C10C01B,1276166171,0x4C10C01B,0x4C,1,Integer?,WRITE,,(unset)
0x4C10C01B,1276166171,0x4C10C01B,0x4C,3,Float?,WRITE,,(unset)
0x4C10C01D,1276166173,0x4C10C01D,0x4C,1,Integer?,WRITE,,(unset)
0x4C10C01F,1276166175,0x4C10C01F,0x4C,18,?,WRITE,,(unset)
0x4C10E032,1276174386,0x4C10E032,0x4C,1,Integer?,WRITE,,(unset)
0x4C10E034,1276174388,0x4C10E034,0x4C,1,Integer?,WRITE,,(unset)
0x4C10E036,1276174390,0x4C10E036,0x4C,1,Integer?,WRITE,,(unset)
0x4C10E038,1276174392,0x4C10E038,0x4C,1,Integer?,WRITE,,(unset)
0x4C10E03A,1276174394,0x4C10E03A,0x4C,1,Integer?,WRITE,,(unset)
0x4C10F018,1276178456,0x4C10F018,0x4C,2,Long?,WRITE,,(unset)
0x4C10F022,1276178466,0x4C10F022,0x4C,4,Double?,WRITE,,(unset)
0x4C10F026,1276178470,0x4C10F026,0x4C,4,Double?,WRITE,,(unset)
0x4C10F028,1276178472,0x4C10F028,0x4C,2,Long?,WRITE,,(unset)
0x4C10F030,1276178480,0x4C10F030,0x4C,2,Long?,WRITE,,(unset)
0x4C10F033,1276178483,0x4C10F033,0x4C,2,Long?,WRITE,,(unset)
0x4C10F038,1276178488,0x4C10F038,0x4C,2,Long?,WRITE,,(unset)
0x4C10F03B,1276178491,0x4C10F03B,0x4C,2,Long?,WRITE,,(unset)
0x4C10F040,1276178496,0x4C10F040,0x4C,1,Integer?,WRITE,,(unset)
0x4C10F044,1276178500,0x4C10F044,0x4C,1,Integer?,WRITE,,(unset)
0x4C10F046,1276178502,0x4C10F046,0x4C,1,Integer?,WRITE,,(unset)
0x4C10F047,1276178503,0x4C10F047,0x4C,1,Integer?,WRITE,,(unset)
0x4C110010,1276182544,0x4C110010,0x4C,2,Long?,WRITE,,(unset)
0x4C110012,1276182546,0x4C110012,0x4C,2,Long?,WRITE,,(unset)
0x4C110014,1276182548,0x4C110014,0x4C,2,Long?,WRITE,,(unset)
0x4C110016,1276182550,0x4C110016,0x4C,2,Long?,WRITE,,(unset)
0x4C110018,1276182552,0x4C110018,0x4C,2,Long?,WRITE,,(unset)
0x4C110020,1276182560,0x4C110020,0x4C,1,Integer?,WRITE,,(unset)
0x4C110023,1276182563,0x4C110023,0x4C,2,Long?,WRITE,,(unset)
0x4C110026,1276182566,0x4C110026,0x4C,4,Double?,WRITE,,(unset)
0x4C110028,1276182568,0x4C110028,0x4C,2,Long?,WRITE,,(unset)
0x4C110030,1276182576,0x4C110030,0x4C,4,Double?,WRITE,,(unset)
0x4C110032,1276182578,0x4C110032,0x4C,4,Double?,WRITE,,(unset)
0x4C110034,1276182580,0x4C110034,0x4C,1,Integer?,WRITE,,(unset)
0x4C110036,1276182582,0x4C110036,0x4C,1,Integer?,WRITE,,(unset)
0x4C110038,1276182584,0x4C110038,0x4C,1,Integer?,WRITE,,(unset)
0x4C11003A,1276182586,0x4C11003A,0x4C,1,Integer?,WRITE,,(unset)
0x4C11003C,1276182588,0x4C11003C,0x4C,4,Double?,WRITE,,(unset)
0x4C11003E,1276182590,0x4C11003E,0x4C,1,Integer?,WRITE,,(unset)
0x4C110046,1276182598,0x4C110046,0x4C,1,Integer?,WRITE,,(unset)
0x4C110047,1276182599,0x4C110047,0x4C,1,Integer?,WRITE,,(unset)
0x4C111010,1276186640,0x4C111010,0x4C,1,Integer?,WRITE,,(unset)
0x4C111012,1276186642,0x4C111012,0x4C,1,Integer?,WRITE,,(unset)
0x4C11101C,1276186652,0x4C11101C,0x4C,1,Integer?,WRITE,,(unset)
0x4C11101E,1276186654,0x4C11101E,0x4C,1,Integer?,WRITE,,(unset)
0x4C111020,1276186656,0x4C111020,0x4C,1,Integer?,WRITE,,(unset)
0x4C111022,1276186658,0x4C111022,0x4C,1,Integer?,WRITE,,(unset)
0x4C111024,1276186660,0x4C111024,0x4C,1,Integer?,WRITE,,(unset)
0x4C111026,1276186662,0x4C111026,0x4C,1,Integer?,WRITE,,(unset)
0x4C111028,1276186664,0x4C111028,0x4C,1,Integer?,WRITE,,(unset)
0x4C11102A,1276186666,0x4C11102A,0x4C,1,Integer?,WRITE,,(unset)
0x4C11102C,1276186668,0x4C11102C,0x4C,1,Integer?,WRITE,,(unset)
0x4C11102E,1276186670,0x4C11102E,0x4C,1,Integer?,WRITE,,(unset)
0x4C111030,1276186672,0x4C111030,0x4C,1,Integer?,WRITE,,(unset)
0x4C111032,1276186674,0x4C111032,0x4C,1,Integer?,WRITE,,(unset)
0x4C111034,1276186676,0x4C111034,0x4C,1,Integer?,WRITE,,(unset)
0x4C111036,1276186678,0x4C111036,0x4C,1,Integer?,WRITE,,(unset)
0x4C111038,1276186680,0x4C111038,0x4C,1,Integer?,WRITE,,(unset)
0x4C11103A,1276186682,0x4C11103A,0x4C,1,Integer?,WRITE,,(unset)
0x4C11103C,1276186684,0x4C11103C,0x4C,1,Integer?,WRITE,,(unset)
0x4C11103E,1276186686,0x4C11103E,0x4C,1,Integer?,WRITE,,(unset)
0x4C111040,1276186688,0x4C111040,0x4C,1,Integer?,WRITE,,(unset)
0x4C111042,1276186690,0x4C111042,0x4C,1,Integer?,WRITE,,(unset)
0x4C111044,1276186692,0x4C111044,0x4C,1,Integer?,WRITE,,(unset)
0x4C112010,1276190736,0x4C112010,0x4C,1,Integer?,WRITE,,(unset)
0x4C112013,1276190739,0x4C112013,0x4C,1,Integer?,WRITE,,(unset)
0x4C112016,1276190742,0x4C112016,0x4C,1,Integer?,WRITE,,(unset)
0x4C112018,1276190744,0x4C112018,0x4C,1,Integer?,WRITE,,(unset)
0x4C11201A,1276190746,0x4C11201A,0x4C,1,Integer?,WRITE,,(unset)
0x4C11201D,1276190749,0x4C11201D,0x4C,1,Integer?,WRITE,,(unset)
0x4C112020,1276190752,0x4C112020,0x4C,1,Integer?,WRITE,,(unset)
0x4C112024,1276190756,0x4C112024,0x4C,1,Integer?,WRITE,,(unset)
0x4C112028,1276190760,0x4C112028,0x4C,1,Integer?,WRITE,,(unset)
0x4C11202C,1276190764,0x4C11202C,0x4C,1,Integer?,WRITE,,(unset)
0x4C112030,1276190768,0x4C112030,0x4C,2,Long?,WRITE,,(unset)
0x4C112034,1276190772,0x4C112034,0x4C,2,Long?,WRITE,,(unset)
0x4C112038,1276190776,0x4C112038,0x4C,1,Integer?,WRITE,,(unset)
0x4C11203B,1276190779,0x4C11203B,0x4C,1,Integer?,WRITE,,(unset)
0x4C11203D,1276190781,0x4C11203D,0x4C,1,Integer?,WRITE,,(unset)
0x4C112040,1276190784,0x4C112040,0x4C,1,Integer?,WRITE,,(unset)
0x4C112043,1276190787,0x4C112043,0x4C,2,Long?,WRITE,,(unset)
0x4C113018,1276194840,0x4C113018,0x4C,1,Integer?,WRITE,,(unset)
0x4C113020,1276194848,0x4C113020,0x4C,1,Integer?,WRITE,,(unset)
0x4C113022,1276194850,0x4C113022,0x4C,1,Integer?,WRITE,,(unset)
0x4C113024,1276194852,0x4C113024,0x4C,17,?17,WRITE,,(unset)
0x4C113028,1276194856,0x4C113028,0x4C,17,?17,WRITE,,(unset)
0x4C11302A,1276194858,0x4C11302A,0x4C,17,?17,WRITE,,(unset)
0x4C11302D,1276194861,0x4C11302D,0x4C,17,?17,WRITE,,(unset)
0x4C113030,1276194864,0x4C113030,0x4C,17,?17,WRITE,,(unset)
0x4C113038,1276194872,0x4C113038,0x4C,2,Long?,WRITE,,(unset)
0x4C11303A,1276194874,0x4C11303A,0x4C,2,Long?,WRITE,,(unset)
0x4C11303C,1276194876,0x4C11303C,0x4C,2,Long?,WRITE,,(unset)
0x4C11303E,1276194878,0x4C11303E,0x4C,2,Long?,WRITE,,(unset)
0x4C113040,1276194880,0x4C113040,0x4C,1,Integer?,WRITE,,(unset)
0x4C113042,1276194882,0x4C113042,0x4C,1,Integer?,WRITE,,(unset)
0x4C113044,1276194884,0x4C113044,0x4C,2,Long?,WRITE,,(unset)
0x4C113046,1276194886,0x4C113046,0x4C,2,Long?,WRITE,,(unset)
0x4C114010,1276198928,0x4C114010,0x4C,1,Integer?,WRITE,,(unset)
0x4C114018,1276198936,0x4C114018,0x4C,1,Integer?,WRITE,,(unset)
0x4C114020,1276198944,0x4C114020,0x4C,1,Integer?,WRITE,,(unset)
0x4C114028,1276198952,0x4C114028,0x4C,1,Integer?,WRITE,,(unset)
0x4C114030,1276198960,0x4C114030,0x4C,1,Integer?,WRITE,,(unset)
0x4C114032,1276198962,0x4C114032,0x4C,1,Integer?,WRITE,,(unset)
0x4C114032,1276198962,0x4C114032,0x4C,2,Long?,WRITE,,(unset)
0x4C114034,1276198964,0x4C114034,0x4C,1,Integer?,WRITE,,(unset)
0x4C114036,1276198966,0x4C114036,0x4C,1,Integer?,WRITE,,(unset)
0x4C114038,1276198968,0x4C114038,0x4C,1,Integer?,WRITE,,(unset)
0x4C11403A,1276198970,0x4C11403A,0x4C,1,Integer?,WRITE,,(unset)
0x4C11403C,1276198972,0x4C11403C,0x4C,1,Integer?,WRITE,,(unset)
0x4C114040,1276198976,0x4C114040,0x4C,1,Integer?,WRITE,,(unset)
0x4C115010,1276203024,0x4C115010,0x4C,2,Long?,WRITE,4,CHARGING
0x4C115018,1276203032,0x4C115018,0x4C,2,Long?,WRITE,4,CHARGING
0x4C115020,1276203040,0x4C115020,0x4C,2,Long?,WRITE,4,CHARGING
0x4C115028,1276203048,0x4C115028,0x4C,2,Long?,WRITE,4,CHARGING
0x4C115030,1276203056,0x4C115030,0x4C,2,Long?,WRITE,4,CHARGING
0x4C115038,1276203064,0x4C115038,0x4C,2,Long?,WRITE,4,CHARGING
0x4C115040,1276203072,0x4C115040,0x4C,2,Long?,WRITE,4,CHARGING
0x4C116010,1276207120,0x4C116010,0x4C,2,Long?,WRITE,4,CHARGING
0x4C116018,1276207128,0x4C116018,0x4C,2,Long?,WRITE,4,CHARGING
0x4C116020,1276207136,0x4C116020,0x4C,2,Long?,WRITE,4,CHARGING
0x4C116028,1276207144,0x4C116028,0x4C,2,Long?,WRITE,4,CHARGING
0x4C116030,1276207152,0x4C116030,0x4C,2,Long?,WRITE,4,CHARGING
0x4C116038,1276207160,0x4C116038,0x4C,2,Long?,WRITE,4,CHARGING
0x4C116040,1276207168,0x4C116040,0x4C,2,Long?,WRITE,,(unset)
0x4C116042,1276207170,0x4C116042,0x4C,2,Long?,WRITE,,(unset)
0x4C116044,1276207172,0x4C116044,0x4C,2,Long?,WRITE,,(unset)
0x4C116046,1276207174,0x4C116046,0x4C,2,Long?,WRITE,,(unset)
0x4C117010,1276211216,0x4C117010,0x4C,2,Long?,WRITE,,(unset)
0x4C117018,1276211224,0x4C117018,0x4C,2,Long?,WRITE,,(unset)
0x4C117020,1276211232,0x4C117020,0x4C,2,Long?,WRITE,,(unset)
0x4C117028,1276211240,0x4C117028,0x4C,2,Long?,WRITE,,(unset)
0x4C117030,1276211248,0x4C117030,0x4C,2,Long?,WRITE,,(unset)
0x4C117040,1276211264,0x4C117040,0x4C,2,Long?,WRITE,,(unset)
0x4C118010,1276215312,0x4C118010,0x4C,1,Integer?,WRITE,,(unset)
0x4C118012,1276215314,0x4C118012,0x4C,1,Integer?,WRITE,,(unset)
0x4C118014,1276215316,0x4C118014,0x4C,1,Integer?,WRITE,,(unset)
0x4C118016,1276215318,0x4C118016,0x4C,1,Integer?,WRITE,,(unset)
0x4C118018,1276215320,0x4C118018,0x4C,1,Integer?,WRITE,,(unset)
0x4C11801A,1276215322,0x4C11801A,0x4C,1,Integer?,WRITE,,(unset)
0x4C11801C,1276215324,0x4C11801C,0x4C,1,Integer?,WRITE,,(unset)
0x4C11801E,1276215326,0x4C11801E,0x4C,1,Integer?,WRITE,,(unset)
0x4C118020,1276215328,0x4C118020,0x4C,1,Integer?,WRITE,,(unset)
0x4C118022,1276215330,0x4C118022,0x4C,1,Integer?,WRITE,,(unset)
0x4C118025,1276215333,0x4C118025,0x4C,1,Integer?,WRITE,,(unset)
0x4C118028,1276215336,0x4C118028,0x4C,1,Integer?,WRITE,,(unset)
0x4C11802A,1276215338,0x4C11802A,0x4C,1,Integer?,WRITE,,(unset)
0x4C11802D,1276215341,0x4C11802D,0x4C,1,Integer?,WRITE,,(unset)
0x4C118030,1276215344,0x4C118030,0x4C,1,Integer?,WRITE,,(unset)
0x4C118034,1276215348,0x4C118034,0x4C,1,Integer?,WRITE,,(unset)
0x4C118038,1276215352,0x4C118038,0x4C,1,Integer?,WRITE,,(unset)
0x4C11803C,1276215356,0x4C11803C,0x4C,1,Integer?,WRITE,,(unset)
0x4C119010,1276219408,0x4C119010,0x4C,2,Long?,WRITE,,(unset)
0x4C119018,1276219416,0x4C119018,0x4C,2,Long?,WRITE,,(unset)
0x4C119020,1276219424,0x4C119020,0x4C,2,Long?,WRITE,,(unset)
0x4C119028,1276219432,0x4C119028,0x4C,2,Long?,WRITE,,(unset)
0x4C119033,1276219443,0x4C119033,0x4C,17,?17,WRITE,,(unset)
0x4C119038,1276219448,0x4C119038,0x4C,17,?17,WRITE,,(unset)
0x4C11903D,1276219453,0x4C11903D,0x4C,1,Integer?,WRITE,,(unset)
0x4C119042,1276219458,0x4C119042,0x4C,1,Integer?,WRITE,,(unset)
0x4C11B010,1276227600,0x4C11B010,0x4C,24,?24,WRITE,,(unset)
0x4C11B020,1276227616,0x4C11B020,0x4C,24,?24,WRITE,,(unset)
0x4C11B028,1276227624,0x4C11B028,0x4C,24,?24,WRITE,,(unset)
0x4C11B032,1276227634,0x4C11B032,0x4C,24,?24,WRITE,,(unset)
0x4C11D010,1276235792,0x4C11D010,0x4C,1,Integer?,WRITE,,(unset)
0x4C11D012,1276235794,0x4C11D012,0x4C,1,Integer?,WRITE,,(unset)
0x4C11D014,1276235796,0x4C11D014,0x4C,1,Integer?,WRITE,,(unset)
0x4C11D016,1276235798,0x4C11D016,0x4C,1,Integer?,WRITE,,(unset)
0x4C11D018,1276235800,0x4C11D018,0x4C,1,Integer?,WRITE,,(unset)
0x4C11D01A,1276235802,0x4C11D01A,0x4C,1,Integer?,WRITE,,(unset)
0x4C11D01C,1276235804,0x4C11D01C,0x4C,1,Integer?,WRITE,,(unset)
0x4C11D01E,1276235806,0x4C11D01E,0x4C,1,Integer?,WRITE,,(unset)
0x4C11D020,1276235808,0x4C11D020,0x4C,1,Integer?,WRITE,,(unset)
0x4C11D022,1276235810,0x4C11D022,0x4C,1,Integer?,WRITE,,(unset)
0x4C11D024,1276235812,0x4C11D024,0x4C,1,Integer?,WRITE,,(unset)
0x4C11D026,1276235814,0x4C11D026,0x4C,1,Integer?,WRITE,,(unset)
0x4C11D028,1276235816,0x4C11D028,0x4C,1,Integer?,WRITE,,(unset)
0x4C11D02A,1276235818,0x4C11D02A,0x4C,12,?12,WRITE,,(unset)
0x4C11D02C,1276235820,0x4C11D02C,0x4C,12,?12,WRITE,,(unset)
0x4C11D02E,1276235822,0x4C11D02E,0x4C,12,?12,WRITE,,(unset)
0x4C11D030,1276235824,0x4C11D030,0x4C,12,?12,WRITE,,(unset)
0x4C11F030,1276244016,0x4C11F030,0x4C,1,Integer?,WRITE,,(unset)
0x4C120010,1276248080,0x4C120010,0x4C,13,?13,WRITE,,(unset)
0x4C120012,1276248082,0x4C120012,0x4C,13,?13,WRITE,,(unset)
0x4C120014,1276248084,0x4C120014,0x4C,13,?13,WRITE,,(unset)
0x4C120018,1276248088,0x4C120018,0x4C,13,?13,WRITE,,(unset)
0x4C12001A,1276248090,0x4C12001A,0x4C,13,?13,WRITE,,(unset)
0x4C12001C,1276248092,0x4C12001C,0x4C,13,?13,WRITE,,(unset)
0x4C120020,1276248096,0x4C120020,0x4C,13,?13,WRITE,,(unset)
0x4C120022,1276248098,0x4C120022,0x4C,13,?13,WRITE,,(unset)
0x4C120024,1276248100,0x4C120024,0x4C,13,?13,WRITE,,(unset)
0x4C120028,1276248104,0x4C120028,0x4C,13,?13,WRITE,,(unset)
0x4C12002A,1276248106,0x4C12002A,0x4C,13,?13,WRITE,,(unset)
0x4C12002C,1276248108,0x4C12002C,0x4C,13,?13,WRITE,,(unset)
0x4C120030,1276248112,0x4C120030,0x4C,1,Integer?,WRITE,,(unset)
0x4C120032,1276248114,0x4C120032,0x4C,1,Integer?,WRITE,,(unset)
0x4C120034,1276248116,0x4C120034,0x4C,2,Long?,WRITE,,(unset)
0x4C12003A,1276248122,0x4C12003A,0x4C,1,Integer?,WRITE,,(unset)
0x4C12003C,1276248124,0x4C12003C,0x4C,1,Integer?,WRITE,,(unset)
0x4C12003D,1276248125,0x4C12003D,0x4C,2,Long?,WRITE,,(unset)
0x4C120040,1276248128,0x4C120040,0x4C,2,Long?,WRITE,,(unset)
0x4C121010,1276252176,0x4C121010,0x4C,13,?13,WRITE,,(unset)
0x4C121014,1276252180,0x4C121014,0x4C,13,?13,WRITE,,(unset)
0x4C121018,1276252184,0x4C121018,0x4C,13,?13,WRITE,,(unset)
0x4C12101C,1276252188,0x4C12101C,0x4C,13,?13,WRITE,,(unset)
0x4C121020,1276252192,0x4C121020,0x4C,13,?13,WRITE,,(unset)
0x4C121024,1276252196,0x4C121024,0x4C,13,?13,WRITE,,(unset)
0x4C121028,1276252200,0x4C121028,0x4C,13,?13,WRITE,,(unset)
0x4C12102C,1276252204,0x4C12102C,0x4C,13,?13,WRITE,,(unset)
0x4C121038,1276252216,0x4C121038,0x4C,2,Long?,WRITE,,(unset)
0x4C12103B,1276252219,0x4C12103B,0x4C,2,Long?,WRITE,,(unset)
0x4C122010,1276256272,0x4C122010,0x4C,1,Integer?,WRITE,,(unset)
0x4C122012,1276256274,0x4C122012,0x4C,1,Integer?,WRITE,,(unset)
0x4C122016,1276256278,0x4C122016,0x4C,23,?23,WRITE,,(unset)
0x4C122018,1276256280,0x4C122018,0x4C,23,?23,WRITE,,(unset)
0x4C12201E,1276256286,0x4C12201E,0x4C,23,?23,WRITE,,(unset)
0x4C122020,1276256288,0x4C122020,0x4C,23,?23,WRITE,,(unset)
0x4C122026,1276256294,0x4C122026,0x4C,23,?23,WRITE,,(unset)
0x4C122028,1276256296,0x4C122028,0x4C,23,?23,WRITE,,(unset)
0x4C12202E,1276256302,0x4C12202E,0x4C,23,?23,WRITE,,(unset)
0x4C122030,1276256304,0x4C122030,0x4C,23,?23,WRITE,,(unset)
0x4C123010,1276260368,0x4C123010,0x4C,1,Integer?,WRITE,,(unset)
0x4C123012,1276260370,0x4C123012,0x4C,1,Integer?,WRITE,,(unset)
0x4C123014,1276260372,0x4C123014,0x4C,1,Integer?,WRITE,,(unset)
0x4C123016,1276260374,0x4C123016,0x4C,1,Integer?,WRITE,,(unset)
0x4C123018,1276260376,0x4C123018,0x4C,1,Integer?,WRITE,,(unset)
0x4C12301A,1276260378,0x4C12301A,0x4C,1,Integer?,WRITE,,(unset)
0x4C12301D,1276260381,0x4C12301D,0x4C,1,Integer?,WRITE,,(unset)
0x4C123020,1276260384,0x4C123020,0x4C,1,Integer?,WRITE,,(unset)
0x4C123022,1276260386,0x4C123022,0x4C,1,Integer?,WRITE,,(unset)
0x4C12302C,1276260396,0x4C12302C,0x4C,1,Integer?,WRITE,,(unset)
0x4C12302E,1276260398,0x4C12302E,0x4C,1,Integer?,WRITE,,(unset)
0x4C123030,1276260400,0x4C123030,0x4C,1,Integer?,WRITE,,(unset)
0x4C123038,1276260408,0x4C123038,0x4C,1,Integer?,WRITE,,(unset)
0x4C123042,1276260418,0x4C123042,0x4C,1,Integer?,WRITE,,(unset)
0x4C124038,1276264504,0x4C124038,0x4C,1,Integer?,WRITE,,(unset)
0x4C12403A,1276264506,0x4C12403A,0x4C,1,Integer?,WRITE,,(unset)
0x4C12403C,1276264508,0x4C12403C,0x4C,1,Integer?,WRITE,,(unset)
0x4C124046,1276264518,0x4C124046,0x4C,1,Integer?,WRITE,,(unset)
0x4C125010,1276268560,0x4C125010,0x4C,2,Long?,WRITE,,(unset)
0x4C125012,1276268562,0x4C125012,0x4C,1,Integer?,WRITE,,(unset)
0x4C125016,1276268566,0x4C125016,0x4C,1,Integer?,WRITE,,(unset)
0x4C125019,1276268569,0x4C125019,0x4C,1,Integer?,WRITE,,(unset)
0x4C125020,1276268576,0x4C125020,0x4C,13,?13,WRITE,,(unset)
0x4C125022,1276268578,0x4C125022,0x4C,13,?13,WRITE,,(unset)
0x4C125026,1276268582,0x4C125026,0x4C,13,?13,WRITE,,(unset)
0x4C125028,1276268584,0x4C125028,0x4C,13,?13,WRITE,,(unset)
0x4C125030,1276268592,0x4C125030,0x4C,13,?13,WRITE,,(unset)
0x4C125038,1276268600,0x4C125038,0x4C,13,?13,WRITE,,(unset)
0x4C12503A,1276268602,0x4C12503A,0x4C,13,?13,WRITE,,(unset)
0x4C12503C,1276268604,0x4C12503C,0x4C,13,?13,WRITE,,(unset)
0x4C125040,1276268608,0x4C125040,0x4C,13,?13,WRITE,,(unset)
0x4C125044,1276268612,0x4C125044,0x4C,13,?13,WRITE,,(unset)
0x4C126018,1276272664,0x4C126018,0x4C,5,?,WRITE,,(unset)
0x4C126024,1276272676,0x4C126024,0x4C,1,Integer?,WRITE,,(unset)
0x4C126026,1276272678,0x4C126026,0x4C,,?,WRITE,,(unset)
0x4C126028,1276272680,0x4C126028,0x4C,,?,WRITE,,(unset)
0x4C12602A,1276272682,0x4C12602A,0x4C,,?,WRITE,,(unset)
0x4C12602C,1276272684,0x4C12602C,0x4C,6,?,WRITE,,(unset)
0x4C12602E,1276272686,0x4C12602E,0x4C,6,?,WRITE,,(unset)
0x4C126031,1276272689,0x4C126031,0x4C,6,?,WRITE,,(unset)
0x4C126034,1276272692,0x4C126034,0x4C,1,Integer?,WRITE,,(unset)
0x4C126036,1276272694,0x4C126036,0x4C,6,?,WRITE,,(unset)
0x4C126038,1276272696,0x4C126038,0x4C,6,?,WRITE,,(unset)
0x4C12603B,1276272699,0x4C12603B,0x4C,2,Long?,WRITE,,(unset)
0x4C12603D,1276272701,0x4C12603D,0x4C,2,Long?,WRITE,,(unset)
0x4C127010,1276276752,0x4C127010,0x4C,2,Long?,WRITE,4,CHARGING
0x4C127018,1276276760,0x4C127018,0x4C,1,Integer?,WRITE,4,CHARGING
0x4C127020,1276276768,0x4C127020,0x4C,1,Integer?,WRITE,4,CHARGING
0x4C127028,1276276776,0x4C127028,0x4C,2,Long?,WRITE,4,CHARGING
0x4C127030,1276276784,0x4C127030,0x4C,2,Long?,WRITE,4,CHARGING
0x4C127038,1276276792,0x4C127038,0x4C,2,Long?,WRITE,4,CHARGING
0x4C127040,1276276800,0x4C127040,0x4C,2,Long?,WRITE,4,CHARGING
0x4C128010,1276280848,0x4C128010,0x4C,2,Long?,WRITE,4,CHARGING
0x4C128018,1276280856,0x4C128018,0x4C,2,Long?,WRITE,4,CHARGING
0x4C128020,1276280864,0x4C128020,0x4C,2,Long?,WRITE,4,CHARGING
0x4C128028,1276280872,0x4C128028,0x4C,2,Long?,WRITE,4,CHARGING
0x4C128030,1276280880,0x4C128030,0x4C,2,Long?,WRITE,4,CHARGING
0x4C128038,1276280888,0x4C128038,0x4C,2,Long?,WRITE,4,CHARGING
0x4C128040,1276280896,0x4C128040,0x4C,2,Long?,WRITE,4,CHARGING
0x4C129010,1276284944,0x4C129010,0x4C,2,Long?,WRITE,4,CHARGING
0x4C129018,1276284952,0x4C129018,0x4C,2,Long?,WRITE,4,CHARGING
0x4C129020,1276284960,0x4C129020,0x4C,2,Long?,WRITE,4,CHARGING
0x4C129028,1276284968,0x4C129028,0x4C,2,Long?,WRITE,4,CHARGING
0x4C129030,1276284976,0x4C129030,0x4C,2,Long?,WRITE,4,CHARGING
0x4C129038,1276284984,0x4C129038,0x4C,2,Long?,WRITE,4,CHARGING
0x4C129040,1276284992,0x4C129040,0x4C,2,Long?,WRITE,4,CHARGING
0x4C130010,1276313616,0x4C130010,0x4C,2,Long?,WRITE,,(unset)
0x4C131012,1276317714,0x4C131012,0x4C,1,Integer?,WRITE,,(unset)
0x4C131014,1276317716,0x4C131014,0x4C,1,Integer?,WRITE,,(unset)
0x4C200008,1277165576,0x4C200008,0x4C,25,?,WRITE,,(unset)
0x4C210010,1277231120,0x4C210010,0x4C,4,Double?,WRITE,,(unset)
0x4C210018,1277231128,0x4C210018,0x4C,4,Double?,WRITE,,(unset)
0x4C210020,1277231136,0x4C210020,0x4C,4,Double?,WRITE,,(unset)
0x4C210028,1277231144,0x4C210028,0x4C,4,Double?,WRITE,,(unset)
0x4C210030,1277231152,0x4C210030,0x4C,4,Double?,WRITE,,(unset)
0x4C211010,1277235216,0x4C211010,0x4C,4,Double?,WRITE,,(unset)
0x4C211018,1277235224,0x4C211018,0x4C,4,Double?,WRITE,,(unset)
0x4C211020,1277235232,0x4C211020,0x4C,4,Double?,WRITE,,(unset)
0x4C211028,1277235240,0x4C211028,0x4C,4,Double?,WRITE,,(unset)
0x4C211030,1277235248,0x4C211030,0x4C,4,Double?,WRITE,,(unset)
0x4C212010,1277239312,0x4C212010,0x4C,3,Float?,WRITE,,(unset)
0x4C212020,1277239328,0x4C212020,0x4C,3,Float?,WRITE,,(unset)
0x4C212030,1277239344,0x4C212030,0x4C,3,Float?,WRITE,,(unset)
0x4C212032,1277239346,0x4C212032,0x4C,3,Float?,WRITE,,(unset)
0x4C213010,1277243408,0x4C213010,0x4C,4,Double?,WRITE,,(unset)
0x4C21301E,1277243422,0x4C21301E,0x4C,4,Double?,WRITE,,(unset)
0x4C213020,1277243424,0x4C213020,0x4C,4,Double?,WRITE,,(unset)
0x4CA00008,1285554184,0x4CA00008,0x4C,1,Integer?,WRITE,,(unset)
0x4CA00010,1285554192,0x4CA00010,0x4C,1,Integer?,WRITE,,(unset)
0x4CA00018,1285554200,0x4CA00018,0x4C,1,Integer?,WRITE,,(unset)
0x4CA0001C,1285554204,0x4CA0001C,0x4C,1,Integer?,WRITE,,(unset)
0x4CA0001D,1285554205,0x4CA0001D,0x4C,1,Integer?,WRITE,,(unset)
0x4CA00020,1285554208,0x4CA00020,0x4C,1,Integer?,WRITE,,(unset)
0x4CA00024,1285554212,0x4CA00024,0x4C,1,Integer?,WRITE,,(unset)
0x4CA00028,1285554216,0x4CA00028,0x4C,1,Integer?,WRITE,,(unset)
0x4CA0002C,1285554220,0x4CA0002C,0x4C,1,Integer?,WRITE,,(unset)
0x4CA00030,1285554224,0x4CA00030,0x4C,1,Integer?,WRITE,,(unset)
0x4CA00034,1285554228,0x4CA00034,0x4C,1,Integer?,WRITE,,(unset)
0x4CA00038,1285554232,0x4CA00038,0x4C,1,Integer?,WRITE,,(unset)
0x4CA0003C,1285554236,0x4CA0003C,0x4C,1,Integer?,WRITE,,(unset)
0x4CA00040,1285554240,0x4CA00040,0x4C,1,Integer?,WRITE,,(unset)
0x4CA00048,1285554248,0x4CA00048,0x4C,1,Integer?,WRITE,,(unset)
0x4CA0004D,1285554253,0x4CA0004D,0x4C,1,Integer?,WRITE,,(unset)
0x4CA00050,1285554256,0x4CA00050,0x4C,1,Integer?,WRITE,,(unset)
0x4CA00054,1285554260,0x4CA00054,0x4C,1,Integer?,WRITE,,(unset)
0x4CA00058,1285554264,0x4CA00058,0x4C,1,Integer?,WRITE,,(unset)
0x4CA0005C,1285554268,0x4CA0005C,0x4C,1,Integer?,WRITE,,(unset)
0x4CA00060,1285554272,0x4CA00060,0x4C,1,Integer?,WRITE,,(unset)
0x4CA00066,1285554278,0x4CA00066,0x4C,12,?12,WRITE,,(unset)
0x4CA00068,1285554280,0x4CA00068,0x4C,12,?12,WRITE,,(unset)
0x4CA0006A,1285554282,0x4CA0006A,0x4C,12,?12,WRITE,,(unset)
0x4CA0006D,1285554285,0x4CA0006D,0x4C,12,?12,WRITE,,(unset)
0x4CA0006E,1285554286,0x4CA0006E,0x4C,12,?12,WRITE,,(unset)
0x4DE01010,1306529808,0x4DE01010,0x4D,14,?,WRITE,,(unset)
0x4DE01014,1306529812,0x4DE01014,0x4D,14,?,WRITE,,(unset)
0x4DE0101A,1306529818,0x4DE0101A,0x4D,1,Integer?,WRITE,,(unset)
0x4DE0101C,1306529820,0x4DE0101C,0x4D,1,Integer?,WRITE,,(unset)
0x4DE0101E,1306529822,0x4DE0101E,0x4D,1,Integer?,WRITE,,(unset)
0x4DE01020,1306529824,0x4DE01020,0x4D,1,Integer?,WRITE,,(unset)
0x4DE01021,1306529825,0x4DE01021,0x4D,1,Integer?,WRITE,,(unset)
0x4DE01022,1306529826,0x4DE01022,0x4D,14,?,WRITE,,(unset)
0x4DE01024,1306529828,0x4DE01024,0x4D,14,?,WRITE,,(unset)
0x4DE01028,1306529832,0x4DE01028,0x4D,14,?,WRITE,,(unset)
0x4DE0102C,1306529836,0x4DE0102C,0x4D,1,Integer?,WRITE,,(unset)
0x4DE01040,1306529856,0x4DE01040,0x4D,14,?,WRITE,,(unset)
0x4DE01042,1306529858,0x4DE01042,0x4D,14,?,WRITE,,(unset)
0x4DE01046,1306529862,0x4DE01046,0x4D,14,?,WRITE,,(unset)
0x4DF00008,1307574280,0x4DF00008,0x4D,21,?,WRITE,,(unset)
0x4DF00010,1307574288,0x4DF00010,0x4D,21,?,WRITE,,(unset)
0x4DF00018,1307574296,0x4DF00018,0x4D,21,?,WRITE,,(unset)
0x4DF00020,1307574304,0x4DF00020,0x4D,21,?,WRITE,,(unset)
0x4DF00028,1307574312,0x4DF00028,0x4D,21,?,WRITE,,(unset)
0x4DF00030,1307574320,0x4DF00030,0x4D,21,?,WRITE,,(unset)
0x4DF00038,1307574328,0x4DF00038,0x4D,21,?,WRITE,,(unset)
0x4DF00039,1307574329,0x4DF00039,0x4D,21,?,WRITE,,(unset)
0x4DF0003C,1307574332,0x4DF0003C,0x4D,21,?,WRITE,,(unset)
0x4DF00040,1307574336,0x4DF00040,0x4D,13,?13,WRITE,,(unset)
0x4E061010,1309020176,0x4E061010,0x4E,23,?23,WRITE,,(unset)
0x4E062010,1309024272,0x4E062010,0x4E,23,?23,WRITE,,(unset)
0x4E065010,1309036560,0x4E065010,0x4E,23,?23,WRITE,,(unset)
0x4E065020,1309036576,0x4E065020,0x4E,23,?23,WRITE,,(unset)
0x4E066010,1309040656,0x4E066010,0x4E,23,?23,WRITE,,(unset)
0x4E066018,1309040664,0x4E066018,0x4E,23,?23,WRITE,,(unset)
0x4E066020,1309040672,0x4E066020,0x4E,23,?23,WRITE,,(unset)
0x4E066028,1309040680,0x4E066028,0x4E,23,?23,WRITE,,(unset)
0x4E066030,1309040688,0x4E066030,0x4E,23,?23,WRITE,,(unset)
0x4E067010,1309044752,0x4E067010,0x4E,23,?23,WRITE,,(unset)
0x4E068010,1309048848,0x4E068010,0x4E,23,?23,WRITE,,(unset)
0x4E069010,1309052944,0x4E069010,0x4E,23,?23,WRITE,,(unset)
0x4E069018,1309052952,0x4E069018,0x4E,23,?23,WRITE,,(unset)
0x4E069020,1309052960,0x4E069020,0x4E,23,?23,WRITE,,(unset)
0x4E06A010,1309057040,0x4E06A010,0x4E,23,?23,WRITE,,(unset)
0x4E06B010,1309061136,0x4E06B010,0x4E,23,?23,WRITE,,(unset)
0x4E06B020,1309061152,0x4E06B020,0x4E,23,?23,WRITE,,(unset)
0x4E06C010,1309065232,0x4E06C010,0x4E,23,?23,WRITE,,(unset)
0x4E06D010,1309069328,0x4E06D010,0x4E,23,?23,WRITE,,(unset)
0x4E06D020,1309069344,0x4E06D020,0x4E,23,?23,WRITE,,(unset)
0x4E06E010,1309073424,0x4E06E010,0x4E,23,?23,WRITE,,(unset)
0x4E070010,1309081616,0x4E070010,0x4E,23,?23,WRITE,,(unset)
0x4E080010,1309147152,0x4E080010,0x4E,23,?23,WRITE,,(unset)
0x4E081010,1309151248,0x4E081010,0x4E,23,?23,WRITE,,(unset)
0x4E082010,1309155344,0x4E082010,0x4E,23,?23,WRITE,,(unset)
0x4E091010,1309216784,0x4E091010,0x4E,23,?23,WRITE,,(unset)
0x4E093010,1309224976,0x4E093010,0x4E,23,?23,WRITE,,(unset)
0x4E0A0010,1309278224,0x4E0A0010,0x4E,32,?,WRITE,,(unset)
0x4E0A0020,1309278240,0x4E0A0020,0x4E,32,?,WRITE,,(unset)
0x4E0A0030,1309278256,0x4E0A0030,0x4E,32,?,WRITE,,(unset)
0x4E0A1010,1309282320,0x4E0A1010,0x4E,32,?,WRITE,,(unset)
0x4E0A1020,1309282336,0x4E0A1020,0x4E,32,?,WRITE,,(unset)
0x4E0A1030,1309282352,0x4E0A1030,0x4E,32,?,WRITE,,(unset)
0x4E0A2010,1309286416,0x4E0A2010,0x4E,32,?,WRITE,,(unset)
0x4E0A2020,1309286432,0x4E0A2020,0x4E,32,?,WRITE,,(unset)
0x4E0A3010,1309290512,0x4E0A3010,0x4E,32,?,WRITE,,(unset)
0x4E0A4010,1309294608,0x4E0A4010,0x4E,32,?,WRITE,,(unset)
0x4E0A5010,1309298704,0x4E0A5010,0x4E,32,?,WRITE,,(unset)
0x4E0A6010,1309302800,0x4E0A6010,0x4E,32,?,WRITE,,(unset)
0x4E0A7010,1309306896,0x4E0A7010,0x4E,32,?,WRITE,,(unset)
0x4E0B0010,1309343760,0x4E0B0010,0x4E,23,?23,WRITE,,(unset)
0x4E100008,1309671432,0x4E100008,0x4E,23,?23,WRITE,,(unset)
0x4E100010,1309671440,0x4E100010,0x4E,23,?23,WRITE,,(unset)
0x4E100018,1309671448,0x4E100018,0x4E,23,?23,WRITE,,(unset)
0x4E100020,1309671456,0x4E100020,0x4E,23,?23,WRITE,,(unset)
0x4E100028,1309671464,0x4E100028,0x4E,23,?23,WRITE,,(unset)
0x4E100030,1309671472,0x4E100030,0x4E,23,?23,WRITE,,(unset)
0x4E30000A,1311768586,0x4E30000A,0x4E,1,Integer?,WRITE,,(unset)
0x4E30000C,1311768588,0x4E30000C,0x4E,1,Integer?,WRITE,,(unset)
0x4E30000F,1311768591,0x4E30000F,0x4E,13,?13,WRITE,,(unset)
0x4E300010,1311768592,0x4E300010,0x4E,1,Integer?,WRITE,,(unset)
0x4E300012,1311768594,0x4E300012,0x4E,1,Integer?,WRITE,,(unset)
0x4E30001A,1311768602,0x4E30001A,0x4E,1,Integer?,WRITE,,(unset)
0x4E30001C,1311768604,0x4E30001C,0x4E,1,Integer?,WRITE,,(unset)
0x4E300020,1311768608,0x4E300020,0x4E,1,Integer?,WRITE,,(unset)
0x4E300022,1311768610,0x4E300022,0x4E,1,Integer?,WRITE,,(unset)
0x4E300025,1311768613,0x4E300025,0x4E,1,Integer?,WRITE,,(unset)
0x4E300036,1311768630,0x4E300036,0x4E,1,Integer?,WRITE,,(unset)
0x4E300038,1311768632,0x4E300038,0x4E,1,Integer?,WRITE,,(unset)
0x4E300040,1311768640,0x4E300040,0x4E,1,Integer?,WRITE,,(unset)
0x4E300042,1311768642,0x4E300042,0x4E,1,Integer?,WRITE,,(unset)
0x4E300044,1311768644,0x4E300044,0x4E,4,Double?,WRITE,,(unset)
0x4E300046,1311768646,0x4E300046,0x4E,1,Integer?,WRITE,,(unset)
0x4E400008,1312817160,0x4E400008,0x4E,1,Integer?,WRITE,,(unset)
0x4E400012,1312817170,0x4E400012,0x4E,1,Integer?,WRITE,,(unset)
0x4E400015,1312817173,0x4E400015,0x4E,1,Integer?,WRITE,,(unset)
0x4E400018,1312817176,0x4E400018,0x4E,1,Integer?,WRITE,,(unset)
0x4E40001A,1312817178,0x4E40001A,0x4E,1,Integer?,WRITE,,(unset)
0x4E40001C,1312817180,0x4E40001C,0x4E,1,Integer?,WRITE,,(unset)
0x4E400020,1312817184,0x4E400020,0x4E,3,Float?,WRITE,,(unset)
0x4E400022,1312817186,0x4E400022,0x4E,3,Float?,WRITE,,(unset)
0x4E400025,1312817189,0x4E400025,0x4E,3,Float?,WRITE,,(unset)
0x4E400028,1312817192,0x4E400028,0x4E,1,Integer?,WRITE,,(unset)
0x4E40002E,1312817198,0x4E40002E,0x4E,21,?,WRITE,,(unset)
0x4E400030,1312817200,0x4E400030,0x4E,2,Long?,WRITE,,(unset)
0x4E400032,1312817202,0x4E400032,0x4E,2,Long?,WRITE,,(unset)
0x4E400039,1312817209,0x4E400039,0x4E,1,Integer?,WRITE,,(unset)
0x4E40003B,1312817211,0x4E40003B,0x4E,1,Integer?,WRITE,,(unset)
0x4E40003D,1312817213,0x4E40003D,0x4E,2,Long?,WRITE,,(unset)
0x4E40003F,1312817215,0x4E40003F,0x4E,1,Integer?,WRITE,,(unset)
0x4E400040,1312817216,0x4E400040,0x4E,3,Float?,WRITE,,(unset)
0x4E400042,1312817218,0x4E400042,0x4E,4,Double?,WRITE,,(unset)
0x4EF01010,1324355600,0x4EF01010,0x4E,13,?13,WRITE,,(unset)
0x4EF01014,1324355604,0x4EF01014,0x4E,13,?13,WRITE,,(unset)
0x4EF01016,1324355606,0x4EF01016,0x4E,13,?13,WRITE,,(unset)
0x4EF01018,1324355608,0x4EF01018,0x4E,13,?13,WRITE,,(unset)
0x4EF0101C,1324355612,0x4EF0101C,0x4E,13,?13,WRITE,,(unset)
0x4EF01020,1324355616,0x4EF01020,0x4E,13,?13,WRITE,,(unset)
0x4EF01023,1324355619,0x4EF01023,0x4E,13,?13,WRITE,,(unset)
0x4EF01025,1324355621,0x4EF01025,0x4E,13,?13,WRITE,,(unset)
0x4EF01028,1324355624,0x4EF01028,0x4E,13,?13,WRITE,,(unset)
0x4EF01030,1324355632,0x4EF01030,0x4E,13,?13,WRITE,,(unset)
0x4EF01034,1324355636,0x4EF01034,0x4E,13,?13,WRITE,,(unset)
0x4EF01038,1324355640,0x4EF01038,0x4E,13,?13,WRITE,,(unset)
0x4EF01040,1324355648,0x4EF01040,0x4E,13,?13,WRITE,,(unset)
0x4EF01042,1324355650,0x4EF01042,0x4E,13,?13,WRITE,,(unset)
0x4EF01046,1324355654,0x4EF01046,0x4E,13,?13,WRITE,,(unset)
0x4EF01047,1324355655,0x4EF01047,0x4E,13,?13,WRITE,,(unset)
0x4EF02010,1324359696,0x4EF02010,0x4E,13,?13,WRITE,,(unset)
0x4EF02018,1324359704,0x4EF02018,0x4E,13,?13,WRITE,,(unset)
0x4EF02020,1324359712,0x4EF02020,0x4E,13,?13,WRITE,,(unset)
0x4EF02028,1324359720,0x4EF02028,0x4E,13,?13,WRITE,,(unset)
0x4EF02030,1324359728,0x4EF02030,0x4E,13,?13,WRITE,,(unset)
0x4EF02032,1324359730,0x4EF02032,0x4E,13,?13,WRITE,,(unset)
0x4EF02034,1324359732,0x4EF02034,0x4E,13,?13,WRITE,,(unset)
0x4EF02038,1324359736,0x4EF02038,0x4E,13,?13,WRITE,,(unset)
0x4EF02040,1324359744,0x4EF02040,0x4E,13,?13,WRITE,,(unset)
0x4EF03010,1324363792,0x4EF03010,0x4E,13,?13,WRITE,,(unset)
0x4EF03018,1324363800,0x4EF03018,0x4E,13,?13,WRITE,,(unset)
0x4EF03020,1324363808,0x4EF03020,0x4E,13,?13,WRITE,,(unset)
0x4EF03028,1324363816,0x4EF03028,0x4E,13,?13,WRITE,,(unset)
0x4EF03030,1324363824,0x4EF03030,0x4E,13,?13,WRITE,,(unset)
0x4EF03032,1324363826,0x4EF03032,0x4E,13,?13,WRITE,,(unset)
0x4EF0303A,1324363834,0x4EF0303A,0x4E,13,?13,WRITE,,(unset)
0x4EF0303C,1324363836,0x4EF0303C,0x4E,13,?13,WRITE,,(unset)
0x4EF0303E,1324363838,0x4EF0303E,0x4E,1,Integer?,WRITE,,(unset)
0x4EF03040,1324363840,0x4EF03040,0x4E,13,?13,WRITE,,(unset)
0x4EF04010,1324367888,0x4EF04010,0x4E,13,?13,WRITE,,(unset)
0x4EF04012,1324367890,0x4EF04012,0x4E,13,?13,WRITE,,(unset)
0x4EF04014,1324367892,0x4EF04014,0x4E,13,?13,WRITE,,(unset)
0x4EF04016,1324367894,0x4EF04016,0x4E,13,?13,WRITE,,(unset)
0x4EF04018,1324367896,0x4EF04018,0x4E,13,?13,WRITE,,(unset)
0x4EF0401A,1324367898,0x4EF0401A,0x4E,13,?13,WRITE,,(unset)
0x4EF0401C,1324367900,0x4EF0401C,0x4E,13,?13,WRITE,,(unset)
0x4EF0401E,1324367902,0x4EF0401E,0x4E,13,?13,WRITE,,(unset)
0x4EF04020,1324367904,0x4EF04020,0x4E,13,?13,WRITE,,(unset)
0x4EF04022,1324367906,0x4EF04022,0x4E,13,?13,WRITE,,(unset)
0x4EF04024,1324367908,0x4EF04024,0x4E,13,?13,WRITE,,(unset)
0x4EF04026,1324367910,0x4EF04026,0x4E,13,?13,WRITE,,(unset)
0x4EF04028,1324367912,0x4EF04028,0x4E,13,?13,WRITE,,(unset)
0x4EF0402A,1324367914,0x4EF0402A,0x4E,13,?13,WRITE,,(unset)
0x4EF0402B,1324367915,0x4EF0402B,0x4E,13,?13,WRITE,,(unset)
0x4EF04036,1324367926,0x4EF04036,0x4E,13,?13,WRITE,,(unset)
0x4EF0403C,1324367932,0x4EF0403C,0x4E,2,Long?,WRITE,,(unset)
0x4EF0403E,1324367934,0x4EF0403E,0x4E,2,Long?,WRITE,,(unset)
0x4EF04040,1324367936,0x4EF04040,0x4E,13,?13,WRITE,,(unset)
0x4EF04044,1324367940,0x4EF04044,0x4E,13,?13,WRITE,,(unset)
0x4EF05014,1324371988,0x4EF05014,0x4E,12,?12,WRITE,,(unset)
0x4EF05017,1324371991,0x4EF05017,0x4E,1,Integer?,WRITE,,(unset)
0x4EF06012,1324376082,0x4EF06012,0x4E,1,Integer?,WRITE,,(unset)
0x4EF06018,1324376088,0x4EF06018,0x4E,1,Integer?,WRITE,,(unset)
0x4EF0601C,1324376092,0x4EF0601C,0x4E,1,Integer?,WRITE,,(unset)
0x4EF0601D,1324376093,0x4EF0601D,0x4E,1,Integer?,WRITE,,(unset)
0x4EF0601E,1324376094,0x4EF0601E,0x4E,1,Integer?,WRITE,,(unset)
0x4EF06020,1324376096,0x4EF06020,0x4E,1,Integer?,WRITE,,(unset)
0x4EF06024,1324376100,0x4EF06024,0x4E,4,Double?,WRITE,,(unset)
0x4EF06026,1324376102,0x4EF06026,0x4E,1,Integer?,WRITE,,(unset)
0x4EF06028,1324376104,0x4EF06028,0x4E,1,Integer?,WRITE,,(unset)
0x4EF0602A,1324376106,0x4EF0602A,0x4E,4,Double?,WRITE,,(unset)
0x4EF0602C,1324376108,0x4EF0602C,0x4E,6,?,WRITE,,(unset)
0x4EF06030,1324376112,0x4EF06030,0x4E,6,?,WRITE,,(unset)
0x4EF06038,1324376120,0x4EF06038,0x4E,6,?,WRITE,,(unset)
0x4EF06042,1324376130,0x4EF06042,0x4E,4,Double?,WRITE,,(unset)
0x4EF06044,1324376132,0x4EF06044,0x4E,4,Double?,WRITE,,(unset)
0x4EF06044,1324376132,0x4EF06044,0x4E,1,Integer?,WRITE,,(unset)
0x4EF07010,1324380176,0x4EF07010,0x4E,13,?13,WRITE,,(unset)
0x4EF07018,1324380184,0x4EF07018,0x4E,13,?13,WRITE,,(unset)
0x4EF07020,1324380192,0x4EF07020,0x4E,13,?13,WRITE,,(unset)
0x4EF07028,1324380200,0x4EF07028,0x4E,13,?13,WRITE,,(unset)
0x4EF07030,1324380208,0x4EF07030,0x4E,13,?13,WRITE,,(unset)
0x4EF07032,1324380210,0x4EF07032,0x4E,13,?13,WRITE,,(unset)
0x4EF07034,1324380212,0x4EF07034,0x4E,13,?13,WRITE,,(unset)
0x4EF07036,1324380214,0x4EF07036,0x4E,13,?13,WRITE,,(unset)
0x4EF07038,1324380216,0x4EF07038,0x4E,13,?13,WRITE,,(unset)
0x4EF0703A,1324380218,0x4EF0703A,0x4E,13,?13,WRITE,,(unset)
0x4EF0703C,1324380220,0x4EF0703C,0x4E,13,?13,WRITE,,(unset)
0x4EF0703E,1324380222,0x4EF0703E,0x4E,13,?13,WRITE,,(unset)
0x4EF08010,1324384272,0x4EF08010,0x4E,13,?13,WRITE,,(unset)
0x4EF08018,1324384280,0x4EF08018,0x4E,13,?13,WRITE,,(unset)
0x4EF08020,1324384288,0x4EF08020,0x4E,13,?13,WRITE,,(unset)
0x4EF08028,1324384296,0x4EF08028,0x4E,13,?13,WRITE,,(unset)
0x4EF08030,1324384304,0x4EF08030,0x4E,13,?13,WRITE,,(unset)
0x4EF08032,1324384306,0x4EF08032,0x4E,13,?13,WRITE,,(unset)
0x4EF08034,1324384308,0x4EF08034,0x4E,13,?13,WRITE,,(unset)
0x4EF08036,1324384310,0x4EF08036,0x4E,13,?13,WRITE,,(unset)
0x4EF08038,1324384312,0x4EF08038,0x4E,13,?13,WRITE,,(unset)
0x4EF0803A,1324384314,0x4EF0803A,0x4E,13,?13,WRITE,,(unset)
0x4EF0803C,1324384316,0x4EF0803C,0x4E,13,?13,WRITE,,(unset)
0x4EF0803E,1324384318,0x4EF0803E,0x4E,13,?13,WRITE,,(unset)
0x4EF0E008,1324408840,0x4EF0E008,0x4E,2,Long?,WRITE,1,SETTING
0x4EF0F008,1324412936,0x4EF0F008,0x4E,2,Long?,WRITE,1,SETTING
0x4EF10008,1324417032,0x4EF10008,0x4E,2,Long?,WRITE,1,SETTING
0x4EF1102A,1324421162,0x4EF1102A,0x4E,2,Long?,WRITE,,(unset)
0x4EF15028,1324437544,0x4EF15028,0x4E,13,?13,WRITE,,(unset)
0x4EF15036,1324437558,0x4EF15036,0x4E,13,?13,WRITE,,(unset)
0x4EF32010,1324556304,0x4EF32010,0x4E,2,Long?,WRITE,,(unset)
0x4EF32018,1324556312,0x4EF32018,0x4E,1,Integer?,WRITE,,(unset)
0x4EF3201D,1324556317,0x4EF3201D,0x4E,2,Long?,WRITE,,(unset)
0x4EF32020,1324556320,0x4EF32020,0x4E,1,Integer?,WRITE,,(unset)
0x4EF32024,1324556324,0x4EF32024,0x4E,1,Integer?,WRITE,,(unset)
0x4EF32028,1324556328,0x4EF32028,0x4E,13,?13,WRITE,,(unset)
0x4EF3202B,1324556331,0x4EF3202B,0x4E,13,?13,WRITE,,(unset)
0x4EF32033,1324556339,0x4EF32033,0x4E,17,?17,WRITE,,(unset)
0x4EF32035,1324556341,0x4EF32035,0x4E,34,?,WRITE,,(unset)
0x4EF33010,1324560400,0x4EF33010,0x4E,12,?12,WRITE,,(unset)
0x4EF33012,1324560402,0x4EF33012,0x4E,12,?12,WRITE,,(unset)
0x4EF33014,1324560404,0x4EF33014,0x4E,12,?12,WRITE,,(unset)
0x4EF33016,1324560406,0x4EF33016,0x4E,12,?12,WRITE,,(unset)
0x4EF33018,1324560408,0x4EF33018,0x4E,12,?12,WRITE,,(unset)
0x4EF3301A,1324560410,0x4EF3301A,0x4E,12,?12,WRITE,,(unset)
0x4EF3301C,1324560412,0x4EF3301C,0x4E,12,?12,WRITE,,(unset)
0x4EF3301E,1324560414,0x4EF3301E,0x4E,12,?12,WRITE,,(unset)
0x4EF33024,1324560420,0x4EF33024,0x4E,12,?12,WRITE,,(unset)
0x4EF33028,1324560424,0x4EF33028,0x4E,12,?12,WRITE,,(unset)
0x4EF3302A,1324560426,0x4EF3302A,0x4E,12,?12,WRITE,,(unset)
0x4EF3302C,1324560428,0x4EF3302C,0x4E,12,?12,WRITE,,(unset)
0x4EF33030,1324560432,0x4EF33030,0x4E,12,?12,WRITE,,(unset)
0x4EF33031,1324560433,0x4EF33031,0x4E,12,?12,WRITE,,(unset)
0x4EF33032,1324560434,0x4EF33032,0x4E,12,?12,WRITE,,(unset)
0x4EF33033,1324560435,0x4EF33033,0x4E,12,?12,WRITE,,(unset)
0x4EF33034,1324560436,0x4EF33034,0x4E,12,?12,WRITE,,(unset)
0x4EF33038,1324560440,0x4EF33038,0x4E,12,?12,WRITE,,(unset)
0x4EF3303A,1324560442,0x4EF3303A,0x4E,12,?12,WRITE,,(unset)
0x4EF33040,1324560448,0x4EF33040,0x4E,1,Integer?,WRITE,,(unset)
0x4EF33046,1324560454,0x4EF33046,0x4E,12,?12,WRITE,,(unset)
0x4EF33047,1324560455,0x4EF33047,0x4E,12,?12,WRITE,,(unset)
0x4EF34010,1324564496,0x4EF34010,0x4E,1,Integer?,WRITE,,(unset)
0x4EF34012,1324564498,0x4EF34012,0x4E,8,?,WRITE,,(unset)
0x4EF34016,1324564502,0x4EF34016,0x4E,1,Integer?,WRITE,,(unset)
0x4EF34018,1324564504,0x4EF34018,0x4E,1,Integer?,WRITE,,(unset)
0x4EF3401F,1324564511,0x4EF3401F,0x4E,1,Integer?,WRITE,,(unset)
0x4EF34020,1324564512,0x4EF34020,0x4E,1,Integer?,WRITE,,(unset)
0x4EF34021,1324564513,0x4EF34021,0x4E,1,Integer?,WRITE,,(unset)
0x4EF34026,1324564518,0x4EF34026,0x4E,9,?9,WRITE,,(unset)
0x4EF34028,1324564520,0x4EF34028,0x4E,1,Integer?,WRITE,,(unset)
0x4EF3402C,1324564524,0x4EF3402C,0x4E,1,Integer?,WRITE,,(unset)
0x4EF3402E,1324564526,0x4EF3402E,0x4E,1,Integer?,WRITE,,(unset)
0x4EF34032,1324564530,0x4EF34032,0x4E,1,Integer?,WRITE,,(unset)
0x4EF34036,1324564534,0x4EF34036,0x4E,1,Integer?,WRITE,,(unset)
0x4EF34038,1324564536,0x4EF34038,0x4E,1,Integer?,WRITE,,(unset)
0x4EF3403B,1324564539,0x4EF3403B,0x4E,1,Integer?,WRITE,,(unset)
0x4EF3403E,1324564542,0x4EF3403E,0x4E,1,Integer?,WRITE,,(unset)
0x4EF35010,1324568592,0x4EF35010,0x4E,12,?12,WRITE,,(unset)
0x4EF35015,1324568597,0x4EF35015,0x4E,1,Integer?,WRITE,,(unset)
0x4EF35016,1324568598,0x4EF35016,0x4E,1,Integer?,WRITE,,(unset)
0x4EF3501B,1324568603,0x4EF3501B,0x4E,1,Integer?,WRITE,,(unset)
0x4EF35020,1324568608,0x4EF35020,0x4E,12,?12,WRITE,,(unset)
0x4EF35023,1324568611,0x4EF35023,0x4E,1,Integer?,WRITE,,(unset)
0x4EF35025,1324568613,0x4EF35025,0x4E,1,Integer?,WRITE,,(unset)
0x4EF35040,1324568640,0x4EF35040,0x4E,12,?12,WRITE,,(unset)
0x4EF35044,1324568644,0x4EF35044,0x4E,1,Integer?,WRITE,,(unset)
0x4EF35046,1324568646,0x4EF35046,0x4E,1,Integer?,WRITE,,(unset)
0x4EF3603A,1324572730,0x4EF3603A,0x4E,1,Integer?,WRITE,,(unset)
0x4EF3603B,1324572731,0x4EF3603B,0x4E,1,Integer?,WRITE,,(unset)
0x4EF3603E,1324572734,0x4EF3603E,0x4E,1,Integer?,WRITE,,(unset)
0x4EF37010,1324576784,0x4EF37010,0x4E,12,?12,WRITE,,(unset)
0x4EF37012,1324576786,0x4EF37012,0x4E,12,?12,WRITE,,(unset)
0x4EF37014,1324576788,0x4EF37014,0x4E,12,?12,WRITE,,(unset)
0x4EF37016,1324576790,0x4EF37016,0x4E,12,?12,WRITE,,(unset)
0x4EF37018,1324576792,0x4EF37018,0x4E,12,?12,WRITE,,(unset)
0x4EF3701A,1324576794,0x4EF3701A,0x4E,12,?12,WRITE,,(unset)
0x4EF3701E,1324576798,0x4EF3701E,0x4E,12,?12,WRITE,,(unset)
0x4EF37020,1324576800,0x4EF37020,0x4E,12,?12,WRITE,,(unset)
0x4EF37026,1324576806,0x4EF37026,0x4E,12,?12,WRITE,,(unset)
0x4EF37032,1324576818,0x4EF37032,0x4E,1,Integer?,WRITE,,(unset)
0x4EF37034,1324576820,0x4EF37034,0x4E,12,?12,WRITE,,(unset)
0x4EF37038,1324576824,0x4EF37038,0x4E,12,?12,WRITE,,(unset)
0x4EF38018,1324580888,0x4EF38018,0x4E,1,Integer?,WRITE,,(unset)
0x4EF3801A,1324580890,0x4EF3801A,0x4E,12,?12,WRITE,,(unset)
0x4EF3801E,1324580894,0x4EF3801E,0x4E,12,?12,WRITE,,(unset)
0x4EF3801F,1324580895,0x4EF3801F,0x4E,12,?12,WRITE,,(unset)
0x4EF38020,1324580896,0x4EF38020,0x4E,12,?12,WRITE,,(unset)
0x4EF3802C,1324580908,0x4EF3802C,0x4E,12,?12,WRITE,,(unset)
0x4EF38030,1324580912,0x4EF38030,0x4E,12,?12,WRITE,,(unset)
0x4EF38033,1324580915,0x4EF38033,0x4E,12,?12,WRITE,,(unset)
0x4EF38038,1324580920,0x4EF38038,0x4E,12,?12,WRITE,,(unset)
0x4EF3803A,1324580922,0x4EF3803A,0x4E,12,?12,WRITE,,(unset)
0x4EF3803C,1324580924,0x4EF3803C,0x4E,12,?12,WRITE,,(unset)
0x4EF3803E,1324580926,0x4EF3803E,0x4E,1,Integer?,WRITE,,(unset)
0x4EF38040,1324580928,0x4EF38040,0x4E,12,?12,WRITE,,(unset)
0x4EF38042,1324580930,0x4EF38042,0x4E,12,?12,WRITE,,(unset)
0x4EF38044,1324580932,0x4EF38044,0x4E,12,?12,WRITE,,(unset)
0x4EF38046,1324580934,0x4EF38046,0x4E,12,?12,WRITE,,(unset)
0x4EF39010,1324584976,0x4EF39010,0x4E,2,Long?,WRITE,,(unset)
0x4EF39018,1324584984,0x4EF39018,0x4E,2,Long?,WRITE,,(unset)
0x4EF3901B,1324584987,0x4EF3901B,0x4E,2,Long?,WRITE,,(unset)
0x4EF3901E,1324584990,0x4EF3901E,0x4E,10,?,WRITE,,(unset)
0x4EF39020,1324584992,0x4EF39020,0x4E,2,Long?,WRITE,,(unset)
0x4EF39026,1324584998,0x4EF39026,0x4E,2,Long?,WRITE,,(unset)
0x4EF39030,1324585008,0x4EF39030,0x4E,10,?,WRITE,,(unset)
0x4EF39034,1324585012,0x4EF39034,0x4E,10,?,WRITE,,(unset)
0x4EF39036,1324585014,0x4EF39036,0x4E,10,?,WRITE,,(unset)
0x4EF39036,1324585014,0x4EF39036,0x4E,2,Long?,WRITE,,(unset)
0x4EF40810,1324615696,0x4EF40810,0x4E,16,?,WRITE,,(unset)
0x4EF40818,1324615704,0x4EF40818,0x4E,16,?,WRITE,,(unset)
0x4EF41010,1324617744,0x4EF41010,0x4E,1,Integer?,WRITE,,(unset)
0x4EF41013,1324617747,0x4EF41013,0x4E,1,Integer?,WRITE,,(unset)
0x4EF41016,1324617750,0x4EF41016,0x4E,1,Integer?,WRITE,,(unset)
0x4EF41018,1324617752,0x4EF41018,0x4E,1,Integer?,WRITE,,(unset)
0x4EF4101A,1324617754,0x4EF4101A,0x4E,1,Integer?,WRITE,,(unset)
0x4EF41020,1324617760,0x4EF41020,0x4E,1,Integer?,WRITE,,(unset)
0x4EF41022,1324617762,0x4EF41022,0x4E,1,Integer?,WRITE,,(unset)
0x4EF41024,1324617764,0x4EF41024,0x4E,1,Integer?,WRITE,,(unset)
0x4EF41026,1324617766,0x4EF41026,0x4E,1,Integer?,WRITE,,(unset)
0x4EF41028,1324617768,0x4EF41028,0x4E,1,Integer?,WRITE,,(unset)
0x4EF4102A,1324617770,0x4EF4102A,0x4E,1,Integer?,WRITE,,(unset)
0x4EF4102C,1324617772,0x4EF4102C,0x4E,1,Integer?,WRITE,,(unset)
0x4EF4102E,1324617774,0x4EF4102E,0x4E,4,Double?,WRITE,,(unset)
0x4EF41030,1324617776,0x4EF41030,0x4E,2,Long?,WRITE,,(unset)
0x4EF41032,1324617778,0x4EF41032,0x4E,1,Integer?,WRITE,,(unset)
0x4EF41034,1324617780,0x4EF41034,0x4E,2,Long?,WRITE,,(unset)
0x4EF41036,1324617782,0x4EF41036,0x4E,1,Integer?,WRITE,,(unset)
0x4EF41038,1324617784,0x4EF41038,0x4E,1,Integer?,WRITE,,(unset)
0x4EF4103C,1324617788,0x4EF4103C,0x4E,2,Long?,WRITE,,(unset)
0x4EF4103E,1324617790,0x4EF4103E,0x4E,2,Long?,WRITE,,(unset)
0x4EF42010,1324621840,0x4EF42010,0x4E,1,Integer?,WRITE,,(unset)
0x4EF42012,1324621842,0x4EF42012,0x4E,1,Integer?,WRITE,,(unset)
0x4EF42034,1324621876,0x4EF42034,0x4E,17,?17,WRITE,,(unset)
0x4EF42039,1324621881,0x4EF42039,0x4E,1,Integer?,WRITE,,(unset)
0x4EF4203C,1324621884,0x4EF4203C,0x4E,1,Integer?,WRITE,,(unset)
0x4EF42044,1324621892,0x4EF42044,0x4E,17,?17,WRITE,,(unset)
0x4EF42046,1324621894,0x4EF42046,0x4E,3,Float?,WRITE,,(unset)
0x4EF43010,1324625936,0x4EF43010,0x4E,12,?12,WRITE,,(unset)
0x4EF43012,1324625938,0x4EF43012,0x4E,12,?12,WRITE,,(unset)
0x4EF43014,1324625940,0x4EF43014,0x4E,12,?12,WRITE,,(unset)
0x4EF43016,1324625942,0x4EF43016,0x4E,12,?12,WRITE,,(unset)
0x4EF43018,1324625944,0x4EF43018,0x4E,12,?12,WRITE,,(unset)
0x4EF4301A,1324625946,0x4EF4301A,0x4E,12,?12,WRITE,,(unset)
0x4EF4301C,1324625948,0x4EF4301C,0x4E,12,?12,WRITE,,(unset)
0x4EF4301E,1324625950,0x4EF4301E,0x4E,12,?12,WRITE,,(unset)
0x4EF43020,1324625952,0x4EF43020,0x4E,12,?12,WRITE,,(unset)
0x4EF43022,1324625954,0x4EF43022,0x4E,12,?12,WRITE,,(unset)
0x4EF44010,1324630032,0x4EF44010,0x4E,1,Integer?,WRITE,,(unset)
0x4EF44011,1324630033,0x4EF44011,0x4E,1,Integer?,WRITE,,(unset)
0x4EF44012,1324630034,0x4EF44012,0x4E,1,Integer?,WRITE,,(unset)
0x4EF44016,1324630038,0x4EF44016,0x4E,1,Integer?,WRITE,,(unset)
0x4EF44018,1324630040,0x4EF44018,0x4E,1,Integer?,WRITE,,(unset)
0x4EF4401A,1324630042,0x4EF4401A,0x4E,1,Integer?,WRITE,,(unset)
0x4EF4401B,1324630043,0x4EF4401B,0x4E,1,Integer?,WRITE,,(unset)
0x4EF4401D,1324630045,0x4EF4401D,0x4E,1,Integer?,WRITE,,(unset)
0x4EF4401E,1324630046,0x4EF4401E,0x4E,1,Integer?,WRITE,,(unset)
0x4EF44020,1324630048,0x4EF44020,0x4E,4,Double?,WRITE,,(unset)
0x4EF44028,1324630056,0x4EF44028,0x4E,4,Double?,WRITE,,(unset)
0x4EF4402A,1324630058,0x4EF4402A,0x4E,1,Integer?,WRITE,,(unset)
0x4EF4402C,1324630060,0x4EF4402C,0x4E,1,Integer?,WRITE,,(unset)
0x4EF4402E,1324630062,0x4EF4402E,0x4E,1,Integer?,WRITE,,(unset)
0x4EF44030,1324630064,0x4EF44030,0x4E,1,Integer?,WRITE,,(unset)
0x4EF44032,1324630066,0x4EF44032,0x4E,1,Integer?,WRITE,,(unset)
0x4EF44034,1324630068,0x4EF44034,0x4E,1,Integer?,WRITE,,(unset)
0x4EF44036,1324630070,0x4EF44036,0x4E,1,Integer?,WRITE,,(unset)
0x4EF44039,1324630073,0x4EF44039,0x4E,34,?,WRITE,,(unset)
0x4EF4403C,1324630076,0x4EF4403C,0x4E,17,?17,WRITE,,(unset)
0x4EF4403E,1324630078,0x4EF4403E,0x4E,12,?12,WRITE,,(unset)
0x4EF44040,1324630080,0x4EF44040,0x4E,12,?12,WRITE,,(unset)
0x4EF44044,1324630084,0x4EF44044,0x4E,12,?12,WRITE,,(unset)
0x4EF4502F,1324634159,0x4EF4502F,0x4E,17,?17,WRITE,,(unset)
0x4EF46010,1324638224,0x4EF46010,0x4E,2,Long?,WRITE,,(unset)
0x4EF46012,1324638226,0x4EF46012,0x4E,2,Long?,WRITE,,(unset)
0x4EF46014,1324638228,0x4EF46014,0x4E,2,Long?,WRITE,,(unset)
0x4EF46018,1324638232,0x4EF46018,0x4E,2,Long?,WRITE,,(unset)
0x4EF4601A,1324638234,0x4EF4601A,0x4E,2,Long?,WRITE,,(unset)
0x4EF4601C,1324638236,0x4EF4601C,0x4E,2,Long?,WRITE,,(unset)
0x4EF46030,1324638256,0x4EF46030,0x4E,2,Long?,WRITE,,(unset)
0x4EF46032,1324638258,0x4EF46032,0x4E,2,Long?,WRITE,,(unset)
0x4EF46034,1324638260,0x4EF46034,0x4E,2,Long?,WRITE,,(unset)
0x4EF46038,1324638264,0x4EF46038,0x4E,2,Long?,WRITE,,(unset)
0x4EF4603A,1324638266,0x4EF4603A,0x4E,2,Long?,WRITE,,(unset)
0x4EF4603C,1324638268,0x4EF4603C,0x4E,2,Long?,WRITE,,(unset)
0x4EF47010,1324642320,0x4EF47010,0x4E,13,?13,WRITE,,(unset)
0x4EF47012,1324642322,0x4EF47012,0x4E,13,?13,WRITE,,(unset)
0x4EF47014,1324642324,0x4EF47014,0x4E,13,?13,WRITE,,(unset)
0x4EF4701D,1324642333,0x4EF4701D,0x4E,13,?13,WRITE,,(unset)
0x4EF47020,1324642336,0x4EF47020,0x4E,13,?13,WRITE,,(unset)
0x4EF47022,1324642338,0x4EF47022,0x4E,13,?13,WRITE,,(unset)
0x4EF47026,1324642342,0x4EF47026,0x4E,13,?13,WRITE,,(unset)
0x4EF47028,1324642344,0x4EF47028,0x4E,13,?13,WRITE,,(unset)
0x4EF4702C,1324642348,0x4EF4702C,0x4E,13,?13,WRITE,,(unset)
0x4EF47035,1324642357,0x4EF47035,0x4E,13,?13,WRITE,,(unset)
0x4EF47038,1324642360,0x4EF47038,0x4E,13,?13,WRITE,,(unset)
0x4EF4703B,1324642363,0x4EF4703B,0x4E,13,?13,WRITE,,(unset)
0x4EF4703D,1324642365,0x4EF4703D,0x4E,13,?13,WRITE,,(unset)
0x4EF47040,1324642368,0x4EF47040,0x4E,13,?13,WRITE,,(unset)
0x4EF47042,1324642370,0x4EF47042,0x4E,13,?13,WRITE,,(unset)
0x4EF48010,1324646416,0x4EF48010,0x4E,1,Integer?,WRITE,,(unset)
0x4EF48013,1324646419,0x4EF48013,0x4E,1,Integer?,WRITE,,(unset)
0x4EF48016,1324646422,0x4EF48016,0x4E,1,Integer?,WRITE,,(unset)
0x4EF48018,1324646424,0x4EF48018,0x4E,1,Integer?,WRITE,,(unset)
0x4EF48023,1324646435,0x4EF48023,0x4E,1,Integer?,WRITE,,(unset)
0x4EF48027,1324646439,0x4EF48027,0x4E,1,Integer?,WRITE,,(unset)
0x4EF4802A,1324646442,0x4EF4802A,0x4E,12,?12,WRITE,,(unset)
0x4EF48032,1324646450,0x4EF48032,0x4E,1,Integer?,WRITE,,(unset)
0x4EF48034,1324646452,0x4EF48034,0x4E,1,Integer?,WRITE,,(unset)
0x4EF48038,1324646456,0x4EF48038,0x4E,1,Integer?,WRITE,,(unset)
0x4EF4803A,1324646458,0x4EF4803A,0x4E,1,Integer?,WRITE,,(unset)
0x4EF4803C,1324646460,0x4EF4803C,0x4E,1,Integer?,WRITE,,(unset)
0x4EF4903E,1324650558,0x4EF4903E,0x4E,1,Integer?,WRITE,,(unset)
0x4EF49040,1324650560,0x4EF49040,0x4E,1,Integer?,WRITE,,(unset)
0x4EF49042,1324650562,0x4EF49042,0x4E,1,Integer?,WRITE,,(unset)
0x4EF50010,1324679184,0x4EF50010,0x4E,1,Integer?,WRITE,,(unset)
0x4EF50012,1324679186,0x4EF50012,0x4E,1,Integer?,WRITE,,(unset)
0x4EF50014,1324679188,0x4EF50014,0x4E,1,Integer?,WRITE,,(unset)
0x4EF50020,1324679200,0x4EF50020,0x4E,1,Integer?,WRITE,,(unset)
0x4EF50022,1324679202,0x4EF50022,0x4E,1,Integer?,WRITE,,(unset)
0x4EF50024,1324679204,0x4EF50024,0x4E,1,Integer?,WRITE,,(unset)
0x4EF50030,1324679216,0x4EF50030,0x4E,1,Integer?,WRITE,,(unset)
0x4EF50032,1324679218,0x4EF50032,0x4E,1,Integer?,WRITE,,(unset)
0x4EF50034,1324679220,0x4EF50034,0x4E,1,Integer?,WRITE,,(unset)
0x4EF50036,1324679222,0x4EF50036,0x4E,1,Integer?,WRITE,,(unset)
0x4EF50038,1324679224,0x4EF50038,0x4E,1,Integer?,WRITE,,(unset)
0x4EF5003E,1324679230,0x4EF5003E,0x4E,1,Integer?,WRITE,,(unset)
0x4EF50040,1324679232,0x4EF50040,0x4E,1,Integer?,WRITE,,(unset)
0x4EF51010,1324683280,0x4EF51010,0x4E,12,?12,WRITE,,(unset)
0x4EF51012,1324683282,0x4EF51012,0x4E,12,?12,WRITE,,(unset)
0x4EF52010,1324687376,0x4EF52010,0x4E,34,?,WRITE,,(unset)
0x4EF52014,1324687380,0x4EF52014,0x4E,34,?,WRITE,,(unset)
0x4EF52018,1324687384,0x4EF52018,0x4E,34,?,WRITE,,(unset)
0x4EF5201D,1324687389,0x4EF5201D,0x4E,1,Integer?,WRITE,,(unset)
0x4EF52020,1324687392,0x4EF52020,0x4E,1,Integer?,WRITE,,(unset)
0x4EF52022,1324687394,0x4EF52022,0x4E,1,Integer?,WRITE,,(unset)
0x4EF52024,1324687396,0x4EF52024,0x4E,1,Integer?,WRITE,,(unset)
0x4F001010,1325404176,0x4F001010,0x4F,23,?23,WRITE,,(unset)
0x4F001018,1325404184,0x4F001018,0x4F,23,?23,WRITE,,(unset)
0x4F001020,1325404192,0x4F001020,0x4F,23,?23,WRITE,,(unset)
0x4F001028,1325404200,0x4F001028,0x4F,23,?23,WRITE,,(unset)
0x4F001030,1325404208,0x4F001030,0x4F,23,?23,WRITE,,(unset)
0x4F001038,1325404216,0x4F001038,0x4F,23,?23,WRITE,,(unset)
0x4F500008,1330642952,0x4F500008,0x4F,25,?,WRITE,,(unset)
0x4F500009,1330642953,0x4F500009,0x4F,1,Integer?,WRITE,,(unset)
0x4F500010,1330642960,0x4F500010,0x4F,13,?13,WRITE,,(unset)
0x4F500012,1330642962,0x4F500012,0x4F,1,Integer?,WRITE,,(unset)
0x4F500014,1330642964,0x4F500014,0x4F,1,Integer?,WRITE,,(unset)
0x4F500016,1330642966,0x4F500016,0x4F,1,Integer?,WRITE,,(unset)
0x4F500018,1330642968,0x4F500018,0x4F,1,Integer?,WRITE,,(unset)
0x4F50001A,1330642970,0x4F50001A,0x4F,26,?,WRITE,,(unset)
0x4F50001C,1330642972,0x4F50001C,0x4F,1,Integer?,WRITE,,(unset)
0x4F50001E,1330642974,0x4F50001E,0x4F,1,Integer?,WRITE,,(unset)
0x4F500020,1330642976,0x4F500020,0x4F,2,Long?,WRITE,,(unset)
0x4F500028,1330642984,0x4F500028,0x4F,2,Long?,WRITE,,(unset)
0x4F500030,1330642992,0x4F500030,0x4F,1,Integer?,WRITE,,(unset)
0x4F500038,1330643000,0x4F500038,0x4F,1,Integer?,WRITE,,(unset)
0x4F50003B,1330643003,0x4F50003B,0x4F,1,Integer?,WRITE,,(unset)
0x4F50003D,1330643005,0x4F50003D,0x4F,25,?,WRITE,,(unset)
0x4F50003F,1330643007,0x4F50003F,0x4F,1,Integer?,WRITE,,(unset)
0x4F500040,1330643008,0x4F500040,0x4F,14,?,WRITE,,(unset)
0x4F500045,1330643013,0x4F500045,0x4F,1,Integer?,WRITE,,(unset)
0x4F500047,1330643015,0x4F500047,0x4F,25,?,WRITE,,(unset)
0x4F500047,1330643015,0x4F500047,0x4F,1,Integer?,WRITE,,(unset)
0x4FC00008,1337982984,0x4FC00008,0x4F,13,?13,WRITE,,(unset)
0x4FC0000C,1337982988,0x4FC0000C,0x4F,13,?13,WRITE,,(unset)
0x4FC0000E,1337982990,0x4FC0000E,0x4F,13,?13,WRITE,,(unset)
0x4FC00010,1337982992,0x4FC00010,0x4F,13,?13,WRITE,,(unset)
0x4FC00012,1337982994,0x4FC00012,0x4F,25,?,WRITE,,(unset)
0x4FC00012,1337982994,0x4FC00012,0x4F,26,?,WRITE,,(unset)
0x4FC00014,1337982996,0x4FC00014,0x4F,13,?13,WRITE,,(unset)
0x4FC00016,1337982998,0x4FC00016,0x4F,13,?13,WRITE,,(unset)
0x4FC00018,1337983000,0x4FC00018,0x4F,13,?13,WRITE,,(unset)
0x4FC0001C,1337983004,0x4FC0001C,0x4F,13,?13,WRITE,,(unset)
0x4FC0001E,1337983006,0x4FC0001E,0x4F,13,?13,WRITE,,(unset)
0x4FC00020,1337983008,0x4FC00020,0x4F,13,?13,WRITE,,(unset)
0x4FC00022,1337983010,0x4FC00022,0x4F,13,?13,WRITE,,(unset)
0x4FC00024,1337983012,0x4FC00024,0x4F,13,?13,WRITE,,(unset)
0x4FC00028,1337983016,0x4FC00028,0x4F,13,?13,WRITE,,(unset)
0x4FC0002A,1337983018,0x4FC0002A,0x4F,13,?13,WRITE,,(unset)
0x4FC0002C,1337983020,0x4FC0002C,0x4F,13,?13,WRITE,,(unset)
0x6000002A,1610612778,0x6000002A,0x60,1,Integer?,WRITE,,(unset)
0x60100008,1611661320,0x60100008,0x60,1,Integer?,WRITE,,(unset)
0x6010000D,1611661325,0x6010000D,0x60,1,Integer?,WRITE,,(unset)
0x60100010,1611661328,0x60100010,0x60,1,Integer?,WRITE,,(unset)
0x60100013,1611661331,0x60100013,0x60,1,Integer?,WRITE,,(unset)
0x60100016,1611661334,0x60100016,0x60,1,Integer?,WRITE,,(unset)
0x60100018,1611661336,0x60100018,0x60,1,Integer?,WRITE,,(unset)
0x6010001B,1611661339,0x6010001B,0x60,1,Integer?,WRITE,,(unset)
0x6010001D,1611661341,0x6010001D,0x60,1,Integer?,WRITE,,(unset)
0x60100020,1611661344,0x60100020,0x60,1,Integer?,WRITE,,(unset)
0x60100022,1611661346,0x60100022,0x60,1,Integer?,WRITE,,(unset)
0x60100026,1611661350,0x60100026,0x60,1,Integer?,WRITE,,(unset)
0x60100028,1611661352,0x60100028,0x60,1,Integer?,WRITE,,(unset)
0x6010002A,1611661354,0x6010002A,0x60,1,Integer?,WRITE,,(unset)
0x6010002C,1611661356,0x6010002C,0x60,1,Integer?,WRITE,,(unset)
0x6010002E,1611661358,0x6010002E,0x60,1,Integer?,WRITE,,(unset)
0x60100030,1611661360,0x60100030,0x60,1,Integer?,WRITE,,(unset)
0x60100038,1611661368,0x60100038,0x60,1,Integer?,WRITE,,(unset)
0x60500008,1615855624,0x60500008,0x60,1,Integer?,WRITE,1,SETTING
0x6B305010,1798328336,0x6B305010,0x6B,24,?24,WRITE,,(unset)
0x6B311010,1798377488,0x6B311010,0x6B,37,?,WRITE,1,SETTING
0x6B711010,1802571792,0x6B711010,0x6B,37,?,WRITE,1,SETTING
0x6BC00008,1807745032,0x6BC00008,0x6B,2,Long?,WRITE,1,SETTING
0x6DC00808,1841301512,0x6DC00808,0x6D,1,Integer?,WRITE,,(unset)
0x6DC00810,1841301520,0x6DC00810,0x6D,1,Integer?,WRITE,,(unset)
0x6DC00818,1841301528,0x6DC00818,0x6D,1,Integer?,WRITE,,(unset)
0x6DC00826,1841301542,0x6DC00826,0x6D,1,Integer?,WRITE,,(unset)
0x6DC00827,1841301543,0x6DC00827,0x6D,1,Integer?,WRITE,,(unset)
0x6DF01010,1844449296,0x6DF01010,0x6D,37,?,WRITE,1,SETTING
0x6DF0A410,1844487184,0x6DF0A410,0x6D,2,Long?,WRITE,4,CHARGING
0x6DF0A428,1844487208,0x6DF0A428,0x6D,2,Long?,WRITE,4,CHARGING
0x6DF0A438,1844487224,0x6DF0A438,0x6D,2,Long?,WRITE,4,CHARGING
0x6DF0A448,1844487240,0x6DF0A448,0x6D,2,Long?,WRITE,4,CHARGING
0x6DF0A460,1844487264,0x6DF0A460,0x6D,2,Long?,WRITE,4,CHARGING
0x6DF0A470,1844487280,0x6DF0A470,0x6D,2,Long?,WRITE,4,CHARGING
0x6DF0A488,1844487304,0x6DF0A488,0x6D,2,Long?,WRITE,,(unset)
0x6E970010,1855389712,0x6E970010,0x6E,37,?,WRITE,,(unset)
0x6E990008,1855520776,0x6E990008,0x6E,37,?,WRITE,,(unset)
0x6E990010,1855520784,0x6E990010,0x6E,37,?,WRITE,,(unset)
0x6E990040,1855520832,0x6E990040,0x6E,37,?,WRITE,,(unset)
0x71100008,1896873992,0x71100008,0x71,17,?17,WRITE,,(unset)
0x71100010,1896874000,0x71100010,0x71,17,?17,WRITE,,(unset)
0x71100018,1896874008,0x71100018,0x71,17,?17,WRITE,,(unset)
0x71100020,1896874016,0x71100020,0x71,17,?17,WRITE,,(unset)
0x71100028,1896874024,0x71100028,0x71,17,?17,WRITE,,(unset)
0x71100030,1896874032,0x71100030,0x71,17,?17,WRITE,,(unset)
0x71100038,1896874040,0x71100038,0x71,17,?17,WRITE,,(unset)
0x7376CB28,1937165096,0x7376CB28,0x73,23,?23,WRITE,,(unset)
0x7637EBC0,1983376320,0x7637EBC0,0x76,12,?12,WRITE,,(unset)
0x7889408E,2022260878,0x7889408E,0x78,1,Integer?,WRITE,,(unset)
0x7AD4CF87,2060767111,0x7AD4CF87,0x7A,12,?12,WRITE,,(unset)
0x7D7B0D3A,2105216314,0x7D7B0D3A,0x7D,23,?23,WRITE,,(unset)
0x86CB9FEA,2261491690,0x86CB9FEA,0x86,12,?12,WRITE,,(unset)
0x89426259,2302829145,0x89426259,0x89,23,?23,WRITE,,(unset)
0x9255BAF2,2455091954,0x9255BAF2,0x92,1,Integer?,WRITE,,(unset)
0x94F29F50,2498928464,0x94F29F50,0x94,23,?23,WRITE,,(unset)
0x99592FF4,2572759028,0x99592FF4,0x99,4,Double?,WRITE,,(unset)
0xA5D34CF8,2782088440,0xA5D34CF8,0xA5,23,?23,WRITE,,(unset)
0xAA000005,2852126725,0xAA000005,0xAA,22,?22,WRITE,,(unset)
0xAA00000A,2852126730,0xAA00000A,0xAA,38,?,WRITE,,(unset)
0xAA000012,2852126738,0xAA000012,0xAA,3,Float?,WRITE,,(unset)
0xAA000020,2852126752,0xAA000020,0xAA,16,?,WRITE,1,SETTING
0xAA000021,2852126753,0xAA000021,0xAA,15,?,WRITE,1,SETTING
0xAA000022,2852126754,0xAA000022,0xAA,40,?,WRITE,1,SETTING
0xAA000023,2852126755,0xAA000023,0xAA,39,?,WRITE,1,SETTING
0xAA000026,2852126758,0xAA000026,0xAA,2,Long?,WRITE,,(unset)
0xAA000028,2852126760,0xAA000028,0xAA,35,?,WRITE,,(unset)
0xAA000032,2852126770,0xAA000032,0xAA,16,?,WRITE,1,SETTING
0xAA000034,2852126772,0xAA000034,0xAA,30,?30,WRITE,1,SETTING
0xAA000038,2852126776,0xAA000038,0xAA,1,Integer?,WRITE,1,SETTING
0xAA000040,2852126784,0xAA000040,0xAA,38,?,WRITE,,(unset)
0xAA000041,2852126785,0xAA000041,0xAA,16,?,WRITE,1,SETTING
0xAA000042,2852126786,0xAA000042,0xAA,37,?,WRITE,,(unset)
0xAA000043,2852126787,0xAA000043,0xAA,23,?23,WRITE,,(unset)
0xAA000046,2852126790,0xAA000046,0xAA,36,?,WRITE,1,SETTING
0xAA000047,2852126791,0xAA000047,0xAA,16,?,WRITE,,(unset)
0xAA000048,2852126792,0xAA000048,0xAA,14,?,WRITE,,(unset)
0xAA000049,2852126793,0xAA000049,0xAA,,?,WRITE,,(unset)
0xAA00004A,2852126794,0xAA00004A,0xAA,,?,WRITE,,(unset)
0xAA00004B,2852126795,0xAA00004B,0xAA,,?,WRITE,,(unset)
0xAA00004C,2852126796,0xAA00004C,0xAA,,?,WRITE,,(unset)
0xAA00004D,2852126797,0xAA00004D,0xAA,42,?,WRITE,,(unset)
0xAA00004E,2852126798,0xAA00004E,0xAA,38,?,WRITE,,(unset)
0xAA00004F,2852126799,0xAA00004F,0xAA,38,?,WRITE,,(unset)
0xAA000102,2852126978,0xAA000102,0xAA,39,?,WRITE,1,SETTING
0xAA000103,2852126979,0xAA000103,0xAA,37,?,WRITE,,(unset)
0xAA000104,2852126980,0xAA000104,0xAA,37,?,WRITE,,(unset)
0xAA000105,2852126981,0xAA000105,0xAA,39,?,WRITE,1,SETTING
0xAA000106,2852126982,0xAA000106,0xAA,37,?,WRITE,,(unset)
0xAA000108,2852126984,0xAA000108,0xAA,1,Integer?,WRITE,,(unset)
0xAA000109,2852126985,0xAA000109,0xAA,37,?,WRITE,,(unset)
0xAA00010A,2852126986,0xAA00010A,0xAA,43,?43,WRITE,1,SETTING
0xAA00010D,2852126989,0xAA00010D,0xAA,16,?,WRITE,,(unset)
0xAA00010E,2852126990,0xAA00010E,0xAA,16,?,WRITE,,(unset)
0xAA00010F,2852126991,0xAA00010F,0xAA,16,?,WRITE,,(unset)
0xAA000110,2852126992,0xAA000110,0xAA,16,?,WRITE,,(unset)
0xAA000111,2852126993,0xAA000111,0xAA,16,?,WRITE,,(unset)
0xAA000112,2852126994,0xAA000112,0xAA,16,?,WRITE,,(unset)
0xAA000113,2852126995,0xAA000113,0xAA,37,?,WRITE,,(unset)
0xAA000114,2852126996,0xAA000114,0xAA,37,?,WRITE,,(unset)
0xAA00011A,2852127002,0xAA00011A,0xAA,37,?,WRITE,,(unset)
0xAA00011E,2852127006,0xAA00011E,0xAA,23,?23,WRITE,,(unset)
0xAA00011F,2852127007,0xAA00011F,0xAA,37,?,WRITE,,(unset)
0xAA000140,2852127040,0xAA000140,0xAA,16,?,WRITE,1,SETTING
0xAA000142,2852127042,0xAA000142,0xAA,37,?,WRITE,,(unset)
0xAA000143,2852127043,0xAA000143,0xAA,14,?,WRITE,,(unset)
0xAA000144,2852127044,0xAA000144,0xAA,39,?,WRITE,1,SETTING
0xAA000145,2852127045,0xAA000145,0xAA,23,?23,WRITE,,(unset)
0xAA000146,2852127046,0xAA000146,0xAA,21,?,WRITE,1,SETTING
0xAA000148,2852127048,0xAA000148,0xAA,37,?,WRITE,,(unset)
0xAA000149,2852127049,0xAA000149,0xAA,37,?,WRITE,,(unset)
0xAA000151,2852127057,0xAA000151,0xAA,37,?,WRITE,,(unset)
0xAA000152,2852127058,0xAA000152,0xAA,37,?,WRITE,1,SETTING
0xAA000153,2852127059,0xAA000153,0xAA,1,Integer?,WRITE,,(unset)
0xAA000156,2852127062,0xAA000156,0xAA,23,?23,WRITE,,(unset)
0xAA000157,2852127063,0xAA000157,0xAA,38,?,WRITE,,(unset)
0xAA000158,2852127064,0xAA000158,0xAA,23,?23,WRITE,,(unset)
0xAA000161,2852127073,0xAA000161,0xAA,15,?,WRITE,,(unset)
0xAA000162,2852127074,0xAA000162,0xAA,37,?,WRITE,1,SETTING
0xAA000163,2852127075,0xAA000163,0xAA,37,?,WRITE,1,SETTING
0xAA000164,2852127076,0xAA000164,0xAA,37,?,WRITE,1,SETTING
0xAA000165,2852127077,0xAA000165,0xAA,43,?43,WRITE,1,SETTING
0xAA000167,2852127079,0xAA000167,0xAA,43,?43,WRITE,1,SETTING
0xAA000168,2852127080,0xAA000168,0xAA,37,?,WRITE,1,SETTING
0xAA000169,2852127081,0xAA000169,0xAA,37,?,WRITE,1,SETTING
0xAA000170,2852127088,0xAA000170,0xAA,37,?,WRITE,1,SETTING
0xAA000171,2852127089,0xAA000171,0xAA,37,?,WRITE,,(unset)
0xAA000173,2852127091,0xAA000173,0xAA,2,Long?,WRITE,,(unset)
0xAA000174,2852127092,0xAA000174,0xAA,37,?,WRITE,1,SETTING
0xAA000175,2852127093,0xAA000175,0xAA,32,?,WRITE,,(unset)
0xAA000176,2852127094,0xAA000176,0xAA,32,?,WRITE,,(unset)
0xAA000177,2852127095,0xAA000177,0xAA,32,?,WRITE,,(unset)
0xAA000178,2852127096,0xAA000178,0xAA,37,?,WRITE,1,SETTING
0xAA000181,2852127105,0xAA000181,0xAA,15,?,WRITE,,(unset)
0xAA000182,2852127106,0xAA000182,0xAA,37,?,WRITE,,(unset)
0xAA000183,2852127107,0xAA000183,0xAA,37,?,WRITE,,(unset)
0xAA000184,2852127108,0xAA000184,0xAA,14,?,WRITE,,(unset)
0xAA000185,2852127109,0xAA000185,0xAA,38,?,WRITE,1,SETTING
0xAA000186,2852127110,0xAA000186,0xAA,38,?,WRITE,1,SETTING
0xAA000194,2852127124,0xAA000194,0xAA,22,?22,WRITE,,(unset)
0xAA000195,2852127125,0xAA000195,0xAA,23,?23,WRITE,,(unset)
0xAA000200,2852127232,0xAA000200,0xAA,29,?,WRITE,1,SETTING
0xAA000206,2852127238,0xAA000206,0xAA,23,?23,WRITE,,(unset)
0xAA000207,2852127239,0xAA000207,0xAA,24,?24,WRITE,1,SETTING
0xAA00020A,2852127242,0xAA00020A,0xAA,24,?24,WRITE,1,SETTING
0xAA00020B,2852127243,0xAA00020B,0xAA,23,?23,WRITE,1,SETTING
0xAA00020C,2852127244,0xAA00020C,0xAA,25,?,WRITE,,(unset)
0xAA00020D,2852127245,0xAA00020D,0xAA,37,?,WRITE,1,SETTING
0xAA00020E,2852127246,0xAA00020E,0xAA,37,?,WRITE,,(unset)
0xAA00020F,2852127247,0xAA00020F,0xAA,37,?,WRITE,1,SETTING
0xAA000210,2852127248,0xAA000210,0xAA,37,?,WRITE,1,SETTING
0xAA000221,2852127265,0xAA000221,0xAA,23,?23,WRITE,,(unset)
0xAA000222,2852127266,0xAA000222,0xAA,37,?,WRITE,,(unset)
0xAA000225,2852127269,0xAA000225,0xAA,38,?,WRITE,,(unset)
0xAA000234,2852127284,0xAA000234,0xAA,23,?23,WRITE,,(unset)
0xAA000237,2852127287,0xAA000237,0xAA,37,?,WRITE,,(unset)
0xAA000238,2852127288,0xAA000238,0xAA,37,?,WRITE,1,SETTING
0xAA000240,2852127296,0xAA000240,0xAA,19,?,WRITE,,(unset)
0xAA000241,2852127297,0xAA000241,0xAA,1,Integer?,WRITE,1,SETTING
0xAA000242,2852127298,0xAA000242,0xAA,37,?,WRITE,1,SETTING
0xAA000243,2852127299,0xAA000243,0xAA,23,?23,WRITE,,(unset)
0xAA000244,2852127300,0xAA000244,0xAA,,?,WRITE,,(unset)
0xAA000245,2852127301,0xAA000245,0xAA,37,?,WRITE,,(unset)
0xAA000246,2852127302,0xAA000246,0xAA,37,?,WRITE,,(unset)
0xAA000247,2852127303,0xAA000247,0xAA,37,?,WRITE,,(unset)
0xAA000250,2852127312,0xAA000250,0xAA,23,?23,WRITE,,(unset)
0xAA000253,2852127315,0xAA000253,0xAA,2,Long?,WRITE,1,SETTING
0xAA000254,2852127316,0xAA000254,0xAA,16,?,WRITE,,(unset)
0xAA000256,2852127318,0xAA000256,0xAA,,?,WRITE,,(unset)
0xAA000257,2852127319,0xAA000257,0xAA,2,Long?,WRITE,,(unset)
0xAA000258,2852127320,0xAA000258,0xAA,2,Long?,WRITE,,(unset)
0xAA000259,2852127321,0xAA000259,0xAA,2,Long?,WRITE,,(unset)
0xAA000261,2852127329,0xAA000261,0xAA,38,?,WRITE,1,SETTING
0xAA000262,2852127330,0xAA000262,0xAA,38,?,WRITE,1,SETTING
0xAA000264,2852127332,0xAA000264,0xAA,23,?23,WRITE,,(unset)
0xAA000265,2852127333,0xAA000265,0xAA,1,Integer?,WRITE,1,SETTING
0xAA000273,2852127347,0xAA000273,0xAA,16,?,WRITE,1,SETTING
0xAA000274,2852127348,0xAA000274,0xAA,37,?,WRITE,1,SETTING
0xAA000282,2852127362,0xAA000282,0xAA,12,?12,WRITE,,(unset)
0xAA000283,2852127363,0xAA000283,0xAA,12,?12,WRITE,,(unset)
0xAA000286,2852127366,0xAA000286,0xAA,23,?23,WRITE,,(unset)
0xAA000289,2852127369,0xAA000289,0xAA,32,?,WRITE,,(unset)
0xAA000290,2852127376,0xAA000290,0xAA,32,?,WRITE,,(unset)
0xAA000291,2852127377,0xAA000291,0xAA,32,?,WRITE,,(unset)
0xAA000292,2852127378,0xAA000292,0xAA,32,?,WRITE,1,SETTING
0xAA000293,2852127379,0xAA000293,0xAA,32,?,WRITE,,(unset)
0xAA000294,2852127380,0xAA000294,0xAA,32,?,WRITE,1,SETTING
0xAA000295,2852127381,0xAA000295,0xAA,16,?,WRITE,,(unset)
0xAA000296,2852127382,0xAA000296,0xAA,10,?,WRITE,,(unset)
0xAA000297,2852127383,0xAA000297,0xAA,28,?,WRITE,,(unset)
0xAA000298,2852127384,0xAA000298,0xAA,37,?,WRITE,1,SETTING
0xAA000299,2852127385,0xAA000299,0xAA,23,?23,WRITE,,(unset)
0xAA000300,2852127488,0xAA000300,0xAA,22,?22,WRITE,1,SETTING
0xAA000301,2852127489,0xAA000301,0xAA,23,?23,WRITE,,(unset)
0xAA000302,2852127490,0xAA000302,0xAA,32,?,WRITE,,(unset)
0xAA000303,2852127491,0xAA000303,0xAA,2,Long?,WRITE,,(unset)
0xAA000304,2852127492,0xAA000304,0xAA,1,Integer?,WRITE,1,SETTING
0xAA000305,2852127493,0xAA000305,0xAA,23,?23,WRITE,,(unset)
0xAA000306,2852127494,0xAA000306,0xAA,23,?23,WRITE,,(unset)
0xAA000307,2852127495,0xAA000307,0xAA,22,?22,WRITE,1,SETTING
0xAA000309,2852127497,0xAA000309,0xAA,37,?,WRITE,1,SETTING
0xAA000310,2852127504,0xAA000310,0xAA,37,?,WRITE,,(unset)
0xAA000311,2852127505,0xAA000311,0xAA,23,?23,WRITE,,(unset)
0xAA000312,2852127506,0xAA000312,0xAA,23,?23,WRITE,1,SETTING
0xAA000313,2852127507,0xAA000313,0xAA,22,?22,WRITE,1,SETTING
0xAA000314,2852127508,0xAA000314,0xAA,22,?22,WRITE,1,SETTING
0xAA000315,2852127509,0xAA000315,0xAA,22,?22,WRITE,1,SETTING
0xAA000316,2852127510,0xAA000316,0xAA,32,?,WRITE,1,SETTING
0xAA000318,2852127512,0xAA000318,0xAA,32,?,WRITE,1,SETTING
0xAA000319,2852127513,0xAA000319,0xAA,32,?,WRITE,1,SETTING
0xAA000320,2852127520,0xAA000320,0xAA,32,?,WRITE,1,SETTING
0xAA000321,2852127521,0xAA000321,0xAA,23,?23,WRITE,,(unset)
0xAA000330,2852127536,0xAA000330,0xAA,37,?,WRITE,,(unset)
0xAA000331,2852127537,0xAA000331,0xAA,23,?23,WRITE,,(unset)
0xAA000332,2852127538,0xAA000332,0xAA,23,?23,WRITE,,(unset)
0xAA000333,2852127539,0xAA000333,0xAA,23,?23,WRITE,,(unset)
0xAA000334,2852127540,0xAA000334,0xAA,23,?23,WRITE,,(unset)
0xAA000335,2852127541,0xAA000335,0xAA,23,?23,WRITE,,(unset)
0xAA000337,2852127543,0xAA000337,0xAA,22,?22,WRITE,,(unset)
0xAA000338,2852127544,0xAA000338,0xAA,21,?,WRITE,,(unset)
0xAA000341,2852127553,0xAA000341,0xAA,,?,WRITE,,(unset)
0xAA000342,2852127554,0xAA000342,0xAA,,?,WRITE,,(unset)
0xAA000343,2852127555,0xAA000343,0xAA,23,?23,WRITE,,(unset)
0xAA000344,2852127556,0xAA000344,0xAA,23,?23,WRITE,,(unset)
0xAA000345,2852127557,0xAA000345,0xAA,23,?23,WRITE,,(unset)
0xAA000346,2852127558,0xAA000346,0xAA,23,?23,WRITE,,(unset)
0xAA000347,2852127559,0xAA000347,0xAA,23,?23,WRITE,,(unset)
0xAA000348,2852127560,0xAA000348,0xAA,23,?23,WRITE,,(unset)
0xAA000349,2852127561,0xAA000349,0xAA,,?,WRITE,1,SETTING
0xAA000351,2852127569,0xAA000351,0xAA,,?,WRITE,,(unset)
0xAA000352,2852127570,0xAA000352,0xAA,,?,WRITE,1,SETTING
0xAA000359,2852127577,0xAA000359,0xAA,38,?,WRITE,1,SETTING
0xAA000360,2852127584,0xAA000360,0xAA,38,?,WRITE,1,SETTING
0xAA000362,2852127586,0xAA000362,0xAA,22,?22,WRITE,1,SETTING
0xAA000365,2852127589,0xAA000365,0xAA,22,?22,WRITE,,(unset)
0xAA000366,2852127590,0xAA000366,0xAA,22,?22,WRITE,,(unset)
0xAA000367,2852127591,0xAA000367,0xAA,22,?22,WRITE,,(unset)
0xAA000368,2852127592,0xAA000368,0xAA,22,?22,WRITE,,(unset)
0xAA000372,2852127602,0xAA000372,0xAA,,?,WRITE,1,SETTING
0xAA000375,2852127605,0xAA000375,0xAA,,?,WRITE,1,SETTING
0xAA000386,2852127622,0xAA000386,0xAA,4,Double?,WRITE,,(unset)
0xAA000388,2852127624,0xAA000388,0xAA,,?,WRITE,,(unset)
0xAA000391,2852127633,0xAA000391,0xAA,,?,WRITE,,(unset)
0xB1C1E0F2,2982273266,0xB1C1E0F2,0xB1,12,?12,WRITE,,(unset)
0xBB7D0B77,3145534327,0xBB7D0B77,0xBB,13,?13,WRITE,,(unset)
0xBF17254C,3205965132,0xBF17254C,0xBF,12,?12,WRITE,,(unset)
0xC04F4125,3226419493,0xC04F4125,0xC0,23,?23,WRITE,,(unset)
0xC0E6CB98,3236350872,0xC0E6CB98,0xC0,23,?23,WRITE,,(unset)
0xC6F05620,3337639456,0xC6F05620,0xC6,23,?23,WRITE,,(unset)
0xC9FEE9D7,3388926423,0xC9FEE9D7,0xC9,23,?23,WRITE,,(unset)
0xD09B389D,3499833501,0xD09B389D,0xD0,23,?23,WRITE,,(unset)
0xD24EAAEB,3528370923,0xD24EAAEB,0xD2,13,?13,WRITE,,(unset)
0xD7B58287,3618996871,0xD7B58287,0xD7,12,?12,WRITE,,(unset)
0xD9F87CCB,3656940747,0xD9F87CCB,0xD9,23,?23,WRITE,,(unset)
0xE6382161,3862438241,0xE6382161,0xE6,12,?12,WRITE,,(unset)
0xEC45168F,3963950735,0xEC45168F,0xEC,12,?12,WRITE,,(unset)
0xF3282818,4079495192,0xF3282818,0xF3,1,Integer?,WRITE,,(unset)
0xF5606622,4116735522,0xF5606622,0xF5,17,?17,WRITE,,(unset)
0xFB4A80A2,4215963810,0xFB4A80A2,0xFB,23,?23,WRITE,,(unset)
